project_id	tumor	bcr_patient_barcode	tumor_sample_barcode	subtype_selected
TCGA-GBM	GBM	TCGA-02-0001	TCGA-02-0001-01C	Mesenchymal-like
TCGA-GBM	GBM	TCGA-02-0003	TCGA-02-0003-01A	Mesenchymal-like
TCGA-GBM	GBM	TCGA-02-0006	TCGA-02-0006-01B	Mesenchymal-like
TCGA-GBM	GBM	TCGA-02-0007	TCGA-02-0007-01A	Classic-like
TCGA-GBM	GBM	TCGA-02-0009	TCGA-02-0009-01A	Classic-like
TCGA-GBM	GBM	TCGA-02-0010	TCGA-02-0010-01A	G-CIMP-low
TCGA-GBM	GBM	TCGA-02-0011	TCGA-02-0011-01B	LGm6-GBM
TCGA-GBM	GBM	TCGA-02-0014	TCGA-02-0014-01A	G-CIMP-low
TCGA-GBM	GBM	TCGA-02-0021	TCGA-02-0021-01A	Mesenchymal-like
TCGA-GBM	GBM	TCGA-02-0024	TCGA-02-0024-01B	LGm6-GBM
TCGA-GBM	GBM	TCGA-02-0027	TCGA-02-0027-01A	LGm6-GBM
TCGA-GBM	GBM	TCGA-02-0028	TCGA-02-0028-01A	Codel
TCGA-GBM	GBM	TCGA-02-0033	TCGA-02-0033-01A	Mesenchymal-like
TCGA-GBM	GBM	TCGA-02-0034	TCGA-02-0034-01A	LGm6-GBM
TCGA-GBM	GBM	TCGA-02-0037	TCGA-02-0037-01A	Mesenchymal-like
TCGA-GBM	GBM	TCGA-02-0038	TCGA-02-0038-01A	Mesenchymal-like
TCGA-GBM	GBM	TCGA-02-0043	TCGA-02-0043-01A	Classic-like
TCGA-GBM	GBM	TCGA-02-0046	TCGA-02-0046-01A	Classic-like
TCGA-GBM	GBM	TCGA-02-0047	TCGA-02-0047-01A	LGm6-GBM
TCGA-GBM	GBM	TCGA-02-0052	TCGA-02-0052-01A	Mesenchymal-like
TCGA-GBM	GBM	TCGA-02-0054	TCGA-02-0054-01A	Mesenchymal-like
TCGA-GBM	GBM	TCGA-02-0055	TCGA-02-0055-01A	Mesenchymal-like
TCGA-GBM	GBM	TCGA-02-0057	TCGA-02-0057-01A	Mesenchymal-like
TCGA-GBM	GBM	TCGA-02-0058	TCGA-02-0058-01A	G-CIMP-high
TCGA-GBM	GBM	TCGA-02-0060	TCGA-02-0060-01A	LGm6-GBM
TCGA-GBM	GBM	TCGA-02-0064	TCGA-02-0064-01A	Classic-like
TCGA-GBM	GBM	TCGA-02-0069	TCGA-02-0069-01A	LGm6-GBM
TCGA-GBM	GBM	TCGA-02-0071	TCGA-02-0071-01A	Mesenchymal-like
TCGA-GBM	GBM	TCGA-02-0074	TCGA-02-0074-01A	Mesenchymal-like
TCGA-GBM	GBM	TCGA-02-0075	TCGA-02-0075-01A	Mesenchymal-like
TCGA-GBM	GBM	TCGA-02-0080	TCGA-02-0080-01A	G-CIMP-high
TCGA-GBM	GBM	TCGA-02-0083	TCGA-02-0083-01A	Mesenchymal-like
TCGA-GBM	GBM	TCGA-02-0085	TCGA-02-0085-01A	Mesenchymal-like
TCGA-GBM	GBM	TCGA-02-0086	TCGA-02-0086-01A	Mesenchymal-like
TCGA-GBM	GBM	TCGA-02-0089	TCGA-02-0089-01A	Classic-like
TCGA-GBM	GBM	TCGA-02-0099	TCGA-02-0099-01A	Classic-like
TCGA-GBM	GBM	TCGA-02-0102	TCGA-02-0102-01A	Classic-like
TCGA-GBM	GBM	TCGA-02-0107	TCGA-02-0107-01A	LGm6-GBM
TCGA-GBM	GBM	TCGA-02-0113	TCGA-02-0113-01A	LGm6-GBM
TCGA-GBM	GBM	TCGA-02-0114	TCGA-02-0114-01A	G-CIMP-low
TCGA-GBM	GBM	TCGA-02-0115	TCGA-02-0115-01A	Mesenchymal-like
TCGA-GBM	GBM	TCGA-02-0116	TCGA-02-0116-01A	Classic-like
TCGA-GBM	GBM	TCGA-02-2466	TCGA-02-2466-01A	Mesenchymal-like
TCGA-GBM	GBM	TCGA-02-2470	TCGA-02-2470-01A	Mesenchymal-like
TCGA-GBM	GBM	TCGA-02-2483	TCGA-02-2483-01A	G-CIMP-low
TCGA-GBM	GBM	TCGA-02-2485	TCGA-02-2485-01A	Classic-like
TCGA-GBM	GBM	TCGA-02-2486	TCGA-02-2486-01A	Classic-like
TCGA-OV	OV	TCGA-04-1331	TCGA-04-1331-01A	Proliferative
TCGA-OV	OV	TCGA-04-1332	TCGA-04-1332-01A	Mesenchymal
TCGA-OV	OV	TCGA-04-1336	TCGA-04-1336-01A	Differentiated
TCGA-OV	OV	TCGA-04-1337	TCGA-04-1337-01A	Mesenchymal
TCGA-OV	OV	TCGA-04-1338	TCGA-04-1338-01A	Mesenchymal
TCGA-OV	OV	TCGA-04-1341	TCGA-04-1341-01A	Proliferative
TCGA-OV	OV	TCGA-04-1342	TCGA-04-1342-01A	Differentiated
TCGA-OV	OV	TCGA-04-1343	TCGA-04-1343-01A	Mesenchymal
TCGA-OV	OV	TCGA-04-1346	TCGA-04-1346-01A	Immunoreactive
TCGA-OV	OV	TCGA-04-1347	TCGA-04-1347-01A	Proliferative
TCGA-OV	OV	TCGA-04-1348	TCGA-04-1348-01A	Immunoreactive
TCGA-OV	OV	TCGA-04-1349	TCGA-04-1349-01A	Differentiated
TCGA-OV	OV	TCGA-04-1350	TCGA-04-1350-01A	Proliferative
TCGA-OV	OV	TCGA-04-1356	TCGA-04-1356-01A	Differentiated
TCGA-OV	OV	TCGA-04-1357	TCGA-04-1357-01A	Immunoreactive
TCGA-OV	OV	TCGA-04-1361	TCGA-04-1361-01A	Differentiated
TCGA-OV	OV	TCGA-04-1362	TCGA-04-1362-01A	Differentiated
TCGA-OV	OV	TCGA-04-1364	TCGA-04-1364-01A	Proliferative
TCGA-OV	OV	TCGA-04-1365	TCGA-04-1365-01A	Immunoreactive
TCGA-OV	OV	TCGA-04-1367	TCGA-04-1367-01A	Differentiated
TCGA-OV	OV	TCGA-04-1514	TCGA-04-1514-01A	Proliferative
TCGA-OV	OV	TCGA-04-1517	TCGA-04-1517-01A	Differentiated
TCGA-OV	OV	TCGA-04-1519	TCGA-04-1519-01A	Proliferative
TCGA-OV	OV	TCGA-04-1525	TCGA-04-1525-01A	Proliferative
TCGA-OV	OV	TCGA-04-1530	TCGA-04-1530-01A	Mesenchymal
TCGA-OV	OV	TCGA-04-1536	TCGA-04-1536-01A	Differentiated
TCGA-OV	OV	TCGA-04-1542	TCGA-04-1542-01A	Proliferative
TCGA-OV	OV	TCGA-04-1638	TCGA-04-1638-01A	Differentiated
TCGA-OV	OV	TCGA-04-1646	TCGA-04-1646-01A	Proliferative
TCGA-OV	OV	TCGA-04-1648	TCGA-04-1648-01A	Differentiated
TCGA-OV	OV	TCGA-04-1649	TCGA-04-1649-01A	Differentiated
TCGA-OV	OV	TCGA-04-1651	TCGA-04-1651-01A	Differentiated
TCGA-OV	OV	TCGA-04-1652	TCGA-04-1652-01A	Differentiated
TCGA-OV	OV	TCGA-04-1654	TCGA-04-1654-01A	Differentiated
TCGA-OV	OV	TCGA-04-1655	TCGA-04-1655-01A	Proliferative
TCGA-LUAD	LUAD	TCGA-05-4249	TCGA-05-4249-01A	5
TCGA-LUAD	LUAD	TCGA-05-4382	TCGA-05-4382-01A	6
TCGA-LUAD	LUAD	TCGA-05-4384	TCGA-05-4384-01A	1
TCGA-LUAD	LUAD	TCGA-05-4389	TCGA-05-4389-01A	2
TCGA-LUAD	LUAD	TCGA-05-4390	TCGA-05-4390-01A	2
TCGA-LUAD	LUAD	TCGA-05-4395	TCGA-05-4395-01A	3
TCGA-LUAD	LUAD	TCGA-05-4396	TCGA-05-4396-01A	4
TCGA-LUAD	LUAD	TCGA-05-4398	TCGA-05-4398-01A	3
TCGA-LUAD	LUAD	TCGA-05-4402	TCGA-05-4402-01A	2
TCGA-LUAD	LUAD	TCGA-05-4403	TCGA-05-4403-01A	4
TCGA-LUAD	LUAD	TCGA-05-4405	TCGA-05-4405-01A	3
TCGA-LUAD	LUAD	TCGA-05-4410	TCGA-05-4410-01A	3
TCGA-LUAD	LUAD	TCGA-05-4415	TCGA-05-4415-01A	6
TCGA-LUAD	LUAD	TCGA-05-4417	TCGA-05-4417-01A	6
TCGA-LUAD	LUAD	TCGA-05-4418	TCGA-05-4418-01A	6
TCGA-LUAD	LUAD	TCGA-05-4420	TCGA-05-4420-01A	2
TCGA-LUAD	LUAD	TCGA-05-4422	TCGA-05-4422-01A	1
TCGA-LUAD	LUAD	TCGA-05-4424	TCGA-05-4424-01A	5
TCGA-LUAD	LUAD	TCGA-05-4425	TCGA-05-4425-01A	4
TCGA-LUAD	LUAD	TCGA-05-4426	TCGA-05-4426-01A	5
TCGA-LUAD	LUAD	TCGA-05-4430	TCGA-05-4430-01A	5
TCGA-LUAD	LUAD	TCGA-05-4432	TCGA-05-4432-01A	2
TCGA-LUAD	LUAD	TCGA-05-4433	TCGA-05-4433-01A	6
TCGA-LUAD	LUAD	TCGA-05-5420	TCGA-05-5420-01A	6
TCGA-LUAD	LUAD	TCGA-05-5423	TCGA-05-5423-01A	5
TCGA-LUAD	LUAD	TCGA-05-5428	TCGA-05-5428-01A	3
TCGA-LUAD	LUAD	TCGA-05-5429	TCGA-05-5429-01A	4
TCGA-LUAD	LUAD	TCGA-05-5715	TCGA-05-5715-01A	4
TCGA-GBM	GBM	TCGA-06-0119	TCGA-06-0119-01A	Mesenchymal-like
TCGA-GBM	GBM	TCGA-06-0122	TCGA-06-0122-01A	Classic-like
TCGA-GBM	GBM	TCGA-06-0124	TCGA-06-0124-01A	Mesenchymal-like
TCGA-GBM	GBM	TCGA-06-0125	TCGA-06-0125-01A	Classic-like
TCGA-GBM	GBM	TCGA-06-0125	TCGA-06-0125-02A	Classic-like
TCGA-GBM	GBM	TCGA-06-0126	TCGA-06-0126-01A	Classic-like
TCGA-GBM	GBM	TCGA-06-0128	TCGA-06-0128-01A	G-CIMP-low
TCGA-GBM	GBM	TCGA-06-0129	TCGA-06-0129-01A	G-CIMP-low
TCGA-GBM	GBM	TCGA-06-0130	TCGA-06-0130-01A	Mesenchymal-like
TCGA-GBM	GBM	TCGA-06-0133	TCGA-06-0133-01A	Mesenchymal-like
TCGA-GBM	GBM	TCGA-06-0137	TCGA-06-0137-01A	Classic-like
TCGA-GBM	GBM	TCGA-06-0137	TCGA-06-0137-01B	Classic-like
TCGA-GBM	GBM	TCGA-06-0139	TCGA-06-0139-01A	LGm6-GBM
TCGA-GBM	GBM	TCGA-06-0139	TCGA-06-0139-01B	LGm6-GBM
TCGA-GBM	GBM	TCGA-06-0140	TCGA-06-0140-01A	Classic-like
TCGA-GBM	GBM	TCGA-06-0141	TCGA-06-0141-01A	LGm6-GBM
TCGA-GBM	GBM	TCGA-06-0142	TCGA-06-0142-01A	LGm6-GBM
TCGA-GBM	GBM	TCGA-06-0143	TCGA-06-0143-01A	Mesenchymal-like
TCGA-GBM	GBM	TCGA-06-0145	TCGA-06-0145-01A	Classic-like
TCGA-GBM	GBM	TCGA-06-0147	TCGA-06-0147-01A	Mesenchymal-like
TCGA-GBM	GBM	TCGA-06-0148	TCGA-06-0148-01A	Mesenchymal-like
TCGA-GBM	GBM	TCGA-06-0155	TCGA-06-0155-01B	Mesenchymal-like
TCGA-GBM	GBM	TCGA-06-0169	TCGA-06-0169-01A	Mesenchymal-like
TCGA-GBM	GBM	TCGA-06-0650	TCGA-06-0650-01A	LGm6-GBM
TCGA-GBM	GBM	TCGA-06-0875	TCGA-06-0875-01A	LGm6-GBM
TCGA-GBM	GBM	TCGA-06-0876	TCGA-06-0876-01A	Mesenchymal-like
TCGA-GBM	GBM	TCGA-06-0877	TCGA-06-0877-01A	Classic-like
TCGA-GBM	GBM	TCGA-06-0878	TCGA-06-0878-01A	Mesenchymal-like
TCGA-GBM	GBM	TCGA-06-0879	TCGA-06-0879-01A	Classic-like
TCGA-GBM	GBM	TCGA-06-0881	TCGA-06-0881-01A	LGm6-GBM
TCGA-GBM	GBM	TCGA-06-0882	TCGA-06-0882-01A	LGm6-GBM
TCGA-GBM	GBM	TCGA-06-0939	TCGA-06-0939-01A	Classic-like
TCGA-GBM	GBM	TCGA-06-1084	TCGA-06-1084-01A	Mesenchymal-like
TCGA-GBM	GBM	TCGA-06-1087	TCGA-06-1087-01A	Mesenchymal-like
TCGA-GBM	GBM	TCGA-06-1800	TCGA-06-1800-01A	Mesenchymal-like
TCGA-GBM	GBM	TCGA-06-1801	TCGA-06-1801-01A	LGm6-GBM
TCGA-GBM	GBM	TCGA-06-1804	TCGA-06-1804-01A	Classic-like
TCGA-GBM	GBM	TCGA-06-1805	TCGA-06-1805-01A	G-CIMP-low
TCGA-GBM	GBM	TCGA-06-1806	TCGA-06-1806-01A	LGm6-GBM
TCGA-GBM	GBM	TCGA-06-2557	TCGA-06-2557-01A	Classic-like
TCGA-GBM	GBM	TCGA-06-2558	TCGA-06-2558-01A	Mesenchymal-like
TCGA-GBM	GBM	TCGA-06-2559	TCGA-06-2559-01A	Mesenchymal-like
TCGA-GBM	GBM	TCGA-06-2561	TCGA-06-2561-01A	Mesenchymal-like
TCGA-GBM	GBM	TCGA-06-2562	TCGA-06-2562-01A	Classic-like
TCGA-GBM	GBM	TCGA-06-2563	TCGA-06-2563-01A	Classic-like
TCGA-GBM	GBM	TCGA-06-2564	TCGA-06-2564-01A	Mesenchymal-like
TCGA-GBM	GBM	TCGA-06-2565	TCGA-06-2565-01A	Classic-like
TCGA-GBM	GBM	TCGA-06-2566	TCGA-06-2566-01A	LGm6-GBM
TCGA-GBM	GBM	TCGA-06-2567	TCGA-06-2567-01A	Mesenchymal-like
TCGA-GBM	GBM	TCGA-06-2569	TCGA-06-2569-01A	LGm6-GBM
TCGA-GBM	GBM	TCGA-06-2570	TCGA-06-2570-01A	G-CIMP-low
TCGA-GBM	GBM	TCGA-06-5408	TCGA-06-5408-01A	Mesenchymal-like
TCGA-GBM	GBM	TCGA-06-5410	TCGA-06-5410-01A	LGm6-GBM
TCGA-GBM	GBM	TCGA-06-5411	TCGA-06-5411-01A	Mesenchymal-like
TCGA-GBM	GBM	TCGA-06-5412	TCGA-06-5412-01A	Mesenchymal-like
TCGA-GBM	GBM	TCGA-06-5413	TCGA-06-5413-01A	Classic-like
TCGA-GBM	GBM	TCGA-06-5414	TCGA-06-5414-01A	Classic-like
TCGA-GBM	GBM	TCGA-06-5415	TCGA-06-5415-01A	Classic-like
TCGA-GBM	GBM	TCGA-06-5418	TCGA-06-5418-01A	Mesenchymal-like
TCGA-GBM	GBM	TCGA-06-5856	TCGA-06-5856-01A	Classic-like
TCGA-GBM	GBM	TCGA-06-5858	TCGA-06-5858-01A	LGm6-GBM
TCGA-GBM	GBM	TCGA-06-5859	TCGA-06-5859-01A	Classic-like
TCGA-GBM	GBM	TCGA-06-6388	TCGA-06-6388-01A	Mesenchymal-like
TCGA-GBM	GBM	TCGA-06-6389	TCGA-06-6389-01A	G-CIMP-high
TCGA-GBM	GBM	TCGA-06-6390	TCGA-06-6390-01A	Mesenchymal-like
TCGA-GBM	GBM	TCGA-06-6391	TCGA-06-6391-01A	LGm6-GBM
TCGA-GBM	GBM	TCGA-06-6693	TCGA-06-6693-01A	Classic-like
TCGA-GBM	GBM	TCGA-06-6694	TCGA-06-6694-01A	Mesenchymal-like
TCGA-GBM	GBM	TCGA-06-6695	TCGA-06-6695-01A	Classic-like
TCGA-GBM	GBM	TCGA-06-6697	TCGA-06-6697-01A	Mesenchymal-like
TCGA-GBM	GBM	TCGA-06-6698	TCGA-06-6698-01A	LGm6-GBM
TCGA-GBM	GBM	TCGA-06-6699	TCGA-06-6699-01A	Classic-like
TCGA-GBM	GBM	TCGA-06-6700	TCGA-06-6700-01A	Mesenchymal-like
TCGA-GBM	GBM	TCGA-06-6701	TCGA-06-6701-01A	G-CIMP-high
TCGA-GBM	GBM	TCGA-06-A5U0	TCGA-06-A5U0-01A	LGm6-GBM
TCGA-GBM	GBM	TCGA-06-A5U1	TCGA-06-A5U1-01A	Mesenchymal-like
TCGA-GBM	GBM	TCGA-06-A6S0	TCGA-06-A6S0-01A	Classic-like
TCGA-GBM	GBM	TCGA-06-A6S1	TCGA-06-A6S1-01A	Mesenchymal-like
TCGA-GBM	GBM	TCGA-06-A7TK	TCGA-06-A7TK-01A	Classic-like
TCGA-GBM	GBM	TCGA-06-A7TL	TCGA-06-A7TL-01A	G-CIMP-high
TCGA-OV	OV	TCGA-09-0364	TCGA-09-0364-01A	Proliferative
TCGA-OV	OV	TCGA-09-0366	TCGA-09-0366-01A	Immunoreactive
TCGA-OV	OV	TCGA-09-0367	TCGA-09-0367-01A	Differentiated
TCGA-OV	OV	TCGA-09-0369	TCGA-09-0369-01A	Proliferative
TCGA-OV	OV	TCGA-09-1659	TCGA-09-1659-01B	Differentiated
TCGA-OV	OV	TCGA-09-1661	TCGA-09-1661-01B	Proliferative
TCGA-OV	OV	TCGA-09-1662	TCGA-09-1662-01A	Differentiated
TCGA-OV	OV	TCGA-09-1665	TCGA-09-1665-01B	Differentiated
TCGA-OV	OV	TCGA-09-1666	TCGA-09-1666-01A	Differentiated
TCGA-OV	OV	TCGA-09-1667	TCGA-09-1667-01C	Immunoreactive
TCGA-OV	OV	TCGA-09-1668	TCGA-09-1668-01B	Immunoreactive
TCGA-OV	OV	TCGA-09-1669	TCGA-09-1669-01A	Proliferative
TCGA-OV	OV	TCGA-09-1670	TCGA-09-1670-01A	Differentiated
TCGA-OV	OV	TCGA-09-1673	TCGA-09-1673-01A	Proliferative
TCGA-OV	OV	TCGA-09-1674	TCGA-09-1674-01A	Proliferative
TCGA-OV	OV	TCGA-09-2044	TCGA-09-2044-01B	Immunoreactive
TCGA-OV	OV	TCGA-09-2045	TCGA-09-2045-01A	Differentiated
TCGA-OV	OV	TCGA-09-2048	TCGA-09-2048-01A	Proliferative
TCGA-OV	OV	TCGA-09-2049	TCGA-09-2049-01D	Proliferative
TCGA-OV	OV	TCGA-09-2050	TCGA-09-2050-01A	Proliferative
TCGA-OV	OV	TCGA-09-2051	TCGA-09-2051-01A	Immunoreactive
TCGA-OV	OV	TCGA-09-2053	TCGA-09-2053-01C	Proliferative
TCGA-OV	OV	TCGA-09-2054	TCGA-09-2054-01A	Proliferative
TCGA-OV	OV	TCGA-09-2056	TCGA-09-2056-01B	Differentiated
TCGA-OV	OV	TCGA-10-0926	TCGA-10-0926-01A	Proliferative
TCGA-OV	OV	TCGA-10-0927	TCGA-10-0927-01A	Proliferative
TCGA-OV	OV	TCGA-10-0928	TCGA-10-0928-01A	Proliferative
TCGA-OV	OV	TCGA-10-0930	TCGA-10-0930-01A	Mesenchymal
TCGA-OV	OV	TCGA-10-0931	TCGA-10-0931-01A	Differentiated
TCGA-OV	OV	TCGA-10-0933	TCGA-10-0933-01A	Proliferative
TCGA-OV	OV	TCGA-10-0934	TCGA-10-0934-01A	Differentiated
TCGA-OV	OV	TCGA-10-0935	TCGA-10-0935-01A	Proliferative
TCGA-OV	OV	TCGA-10-0936	TCGA-10-0936-01A	Differentiated
TCGA-OV	OV	TCGA-10-0937	TCGA-10-0937-01A	Differentiated
TCGA-OV	OV	TCGA-10-0938	TCGA-10-0938-01A	Proliferative
TCGA-GBM	GBM	TCGA-12-0670	TCGA-12-0670-01A	Classic-like
TCGA-GBM	GBM	TCGA-12-0670	TCGA-12-0670-01B	Classic-like
TCGA-GBM	GBM	TCGA-12-0818	TCGA-12-0818-01A	G-CIMP-high
TCGA-GBM	GBM	TCGA-12-0819	TCGA-12-0819-01A	Mesenchymal-like
TCGA-GBM	GBM	TCGA-12-0820	TCGA-12-0820-01A	Mesenchymal-like
TCGA-GBM	GBM	TCGA-12-0821	TCGA-12-0821-01A	LGm6-GBM
TCGA-GBM	GBM	TCGA-12-0822	TCGA-12-0822-01A	LGm6-GBM
TCGA-GBM	GBM	TCGA-12-0826	TCGA-12-0826-01A	LGm6-GBM
TCGA-GBM	GBM	TCGA-12-0827	TCGA-12-0827-01A	G-CIMP-low
TCGA-GBM	GBM	TCGA-12-0828	TCGA-12-0828-01A	Mesenchymal-like
TCGA-GBM	GBM	TCGA-12-0829	TCGA-12-0829-01A	Mesenchymal-like
TCGA-GBM	GBM	TCGA-12-1088	TCGA-12-1088-01A	LGm6-GBM
TCGA-GBM	GBM	TCGA-12-1089	TCGA-12-1089-01A	Mesenchymal-like
TCGA-GBM	GBM	TCGA-12-1092	TCGA-12-1092-01B	Mesenchymal-like
TCGA-GBM	GBM	TCGA-12-1093	TCGA-12-1093-01A	Mesenchymal-like
TCGA-GBM	GBM	TCGA-12-1597	TCGA-12-1597-01B	Classic-like
TCGA-GBM	GBM	TCGA-12-1598	TCGA-12-1598-01A	Classic-like
TCGA-GBM	GBM	TCGA-12-1599	TCGA-12-1599-01A	Mesenchymal-like
TCGA-GBM	GBM	TCGA-12-1600	TCGA-12-1600-01A	Classic-like
TCGA-GBM	GBM	TCGA-12-1602	TCGA-12-1602-01A	Mesenchymal-like
TCGA-GBM	GBM	TCGA-12-3644	TCGA-12-3644-01A	Mesenchymal-like
TCGA-GBM	GBM	TCGA-12-3646	TCGA-12-3646-01A	Classic-like
TCGA-GBM	GBM	TCGA-12-3648	TCGA-12-3648-01A	Classic-like
TCGA-GBM	GBM	TCGA-12-3649	TCGA-12-3649-01A	Classic-like
TCGA-GBM	GBM	TCGA-12-3650	TCGA-12-3650-01A	Classic-like
TCGA-GBM	GBM	TCGA-12-3651	TCGA-12-3651-01A	Mesenchymal-like
TCGA-GBM	GBM	TCGA-12-3652	TCGA-12-3652-01A	Classic-like
TCGA-GBM	GBM	TCGA-12-3653	TCGA-12-3653-01A	Mesenchymal-like
TCGA-GBM	GBM	TCGA-12-5295	TCGA-12-5295-01A	Classic-like
TCGA-GBM	GBM	TCGA-12-5299	TCGA-12-5299-01A	Mesenchymal-like
TCGA-GBM	GBM	TCGA-12-5301	TCGA-12-5301-01A	Mesenchymal-like
TCGA-OV	OV	TCGA-13-0714	TCGA-13-0714-01A	Mesenchymal
TCGA-OV	OV	TCGA-13-0717	TCGA-13-0717-01A	Proliferative
TCGA-OV	OV	TCGA-13-0720	TCGA-13-0720-01A	Differentiated
TCGA-OV	OV	TCGA-13-0723	TCGA-13-0723-01A	Immunoreactive
TCGA-OV	OV	TCGA-13-0724	TCGA-13-0724-01A	Differentiated
TCGA-OV	OV	TCGA-13-0725	TCGA-13-0725-01A	Proliferative
TCGA-OV	OV	TCGA-13-0726	TCGA-13-0726-01A	Differentiated
TCGA-OV	OV	TCGA-13-0727	TCGA-13-0727-01A	Proliferative
TCGA-OV	OV	TCGA-13-0730	TCGA-13-0730-01A	Proliferative
TCGA-OV	OV	TCGA-13-0751	TCGA-13-0751-01A	Differentiated
TCGA-OV	OV	TCGA-13-0755	TCGA-13-0755-01A	Immunoreactive
TCGA-OV	OV	TCGA-13-0757	TCGA-13-0757-01A	Proliferative
TCGA-OV	OV	TCGA-13-0760	TCGA-13-0760-01A	Immunoreactive
TCGA-OV	OV	TCGA-13-0761	TCGA-13-0761-01A	Differentiated
TCGA-OV	OV	TCGA-13-0762	TCGA-13-0762-01A	Proliferative
TCGA-OV	OV	TCGA-13-0764	TCGA-13-0764-01A	Immunoreactive
TCGA-OV	OV	TCGA-13-0765	TCGA-13-0765-01A	Differentiated
TCGA-OV	OV	TCGA-13-0766	TCGA-13-0766-01A	Proliferative
TCGA-OV	OV	TCGA-13-0768	TCGA-13-0768-01A	Mesenchymal
TCGA-OV	OV	TCGA-13-0791	TCGA-13-0791-01A	Differentiated
TCGA-OV	OV	TCGA-13-0792	TCGA-13-0792-01A	Immunoreactive
TCGA-OV	OV	TCGA-13-0793	TCGA-13-0793-01A	Mesenchymal
TCGA-OV	OV	TCGA-13-0794	TCGA-13-0794-01A	Proliferative
TCGA-OV	OV	TCGA-13-0795	TCGA-13-0795-01A	Immunoreactive
TCGA-OV	OV	TCGA-13-0797	TCGA-13-0797-01A	Differentiated
TCGA-OV	OV	TCGA-13-0799	TCGA-13-0799-01A	Proliferative
TCGA-OV	OV	TCGA-13-0800	TCGA-13-0800-01A	Proliferative
TCGA-OV	OV	TCGA-13-0801	TCGA-13-0801-01A	Immunoreactive
TCGA-OV	OV	TCGA-13-0802	TCGA-13-0802-01A	Proliferative
TCGA-OV	OV	TCGA-13-0803	TCGA-13-0803-01A	Differentiated
TCGA-OV	OV	TCGA-13-0804	TCGA-13-0804-01A	Differentiated
TCGA-OV	OV	TCGA-13-0805	TCGA-13-0805-01A	Immunoreactive
TCGA-OV	OV	TCGA-13-0807	TCGA-13-0807-01B	Mesenchymal
TCGA-OV	OV	TCGA-13-0883	TCGA-13-0883-01A	Differentiated
TCGA-OV	OV	TCGA-13-0884	TCGA-13-0884-01B	Differentiated
TCGA-OV	OV	TCGA-13-0885	TCGA-13-0885-01A	Immunoreactive
TCGA-OV	OV	TCGA-13-0886	TCGA-13-0886-01A	Mesenchymal
TCGA-OV	OV	TCGA-13-0887	TCGA-13-0887-01A	Differentiated
TCGA-OV	OV	TCGA-13-0888	TCGA-13-0888-01A	Proliferative
TCGA-OV	OV	TCGA-13-0889	TCGA-13-0889-01A	Immunoreactive
TCGA-OV	OV	TCGA-13-0890	TCGA-13-0890-01A	Mesenchymal
TCGA-OV	OV	TCGA-13-0891	TCGA-13-0891-01A	Differentiated
TCGA-OV	OV	TCGA-13-0893	TCGA-13-0893-01B	Immunoreactive
TCGA-OV	OV	TCGA-13-0894	TCGA-13-0894-01B	Mesenchymal
TCGA-OV	OV	TCGA-13-0897	TCGA-13-0897-01A	Immunoreactive
TCGA-OV	OV	TCGA-13-0899	TCGA-13-0899-01A	Proliferative
TCGA-OV	OV	TCGA-13-0900	TCGA-13-0900-01B	Mesenchymal
TCGA-OV	OV	TCGA-13-0901	TCGA-13-0901-01B	Proliferative
TCGA-OV	OV	TCGA-13-0903	TCGA-13-0903-01A	Differentiated
TCGA-OV	OV	TCGA-13-0904	TCGA-13-0904-01A	Differentiated
TCGA-OV	OV	TCGA-13-0905	TCGA-13-0905-01B	Differentiated
TCGA-OV	OV	TCGA-13-0906	TCGA-13-0906-01A	Proliferative
TCGA-OV	OV	TCGA-13-0908	TCGA-13-0908-01B	Mesenchymal
TCGA-OV	OV	TCGA-13-0910	TCGA-13-0910-01A	Proliferative
TCGA-OV	OV	TCGA-13-0911	TCGA-13-0911-01A	Mesenchymal
TCGA-OV	OV	TCGA-13-0912	TCGA-13-0912-01A	Differentiated
TCGA-OV	OV	TCGA-13-0913	TCGA-13-0913-01A	Proliferative
TCGA-OV	OV	TCGA-13-0916	TCGA-13-0916-01A	Proliferative
TCGA-OV	OV	TCGA-13-0919	TCGA-13-0919-01A	Mesenchymal
TCGA-OV	OV	TCGA-13-0920	TCGA-13-0920-01A	Proliferative
TCGA-OV	OV	TCGA-13-0921	TCGA-13-0921-01A	Differentiated
TCGA-OV	OV	TCGA-13-0923	TCGA-13-0923-01A	Differentiated
TCGA-OV	OV	TCGA-13-0924	TCGA-13-0924-01A	Immunoreactive
TCGA-OV	OV	TCGA-13-1403	TCGA-13-1403-01A	Differentiated
TCGA-OV	OV	TCGA-13-1404	TCGA-13-1404-01A	Proliferative
TCGA-OV	OV	TCGA-13-1405	TCGA-13-1405-01A	Mesenchymal
TCGA-OV	OV	TCGA-13-1407	TCGA-13-1407-01A	Proliferative
TCGA-OV	OV	TCGA-13-1408	TCGA-13-1408-01A	Mesenchymal
TCGA-OV	OV	TCGA-13-1409	TCGA-13-1409-01A	Proliferative
TCGA-OV	OV	TCGA-13-1410	TCGA-13-1410-01A	Immunoreactive
TCGA-OV	OV	TCGA-13-1411	TCGA-13-1411-01A	Mesenchymal
TCGA-OV	OV	TCGA-13-1412	TCGA-13-1412-01A	Mesenchymal
TCGA-OV	OV	TCGA-13-1477	TCGA-13-1477-01A	Proliferative
TCGA-OV	OV	TCGA-13-1481	TCGA-13-1481-01A	Mesenchymal
TCGA-OV	OV	TCGA-13-1482	TCGA-13-1482-01A	Differentiated
TCGA-OV	OV	TCGA-13-1483	TCGA-13-1483-01A	Mesenchymal
TCGA-OV	OV	TCGA-13-1484	TCGA-13-1484-01A	Immunoreactive
TCGA-OV	OV	TCGA-13-1485	TCGA-13-1485-01A	Mesenchymal
TCGA-OV	OV	TCGA-13-1487	TCGA-13-1487-01A	Mesenchymal
TCGA-OV	OV	TCGA-13-1488	TCGA-13-1488-01A	Immunoreactive
TCGA-OV	OV	TCGA-13-1489	TCGA-13-1489-01A	Proliferative
TCGA-OV	OV	TCGA-13-1491	TCGA-13-1491-01A	Proliferative
TCGA-OV	OV	TCGA-13-1492	TCGA-13-1492-01A	Proliferative
TCGA-OV	OV	TCGA-13-1494	TCGA-13-1494-01A	Mesenchymal
TCGA-OV	OV	TCGA-13-1495	TCGA-13-1495-01A	Differentiated
TCGA-OV	OV	TCGA-13-1496	TCGA-13-1496-01A	Immunoreactive
TCGA-OV	OV	TCGA-13-1497	TCGA-13-1497-01A	Proliferative
TCGA-OV	OV	TCGA-13-1498	TCGA-13-1498-01A	Immunoreactive
TCGA-OV	OV	TCGA-13-1499	TCGA-13-1499-01A	Mesenchymal
TCGA-OV	OV	TCGA-13-1500	TCGA-13-1500-01A	Differentiated
TCGA-OV	OV	TCGA-13-1501	TCGA-13-1501-01A	Mesenchymal
TCGA-OV	OV	TCGA-13-1504	TCGA-13-1504-01A	Mesenchymal
TCGA-OV	OV	TCGA-13-1505	TCGA-13-1505-01A	Mesenchymal
TCGA-OV	OV	TCGA-13-1506	TCGA-13-1506-01A	Proliferative
TCGA-OV	OV	TCGA-13-1507	TCGA-13-1507-01A	Immunoreactive
TCGA-OV	OV	TCGA-13-1509	TCGA-13-1509-01A	Mesenchymal
TCGA-OV	OV	TCGA-13-1510	TCGA-13-1510-01A	Differentiated
TCGA-OV	OV	TCGA-13-1511	TCGA-13-1511-01A	Differentiated
TCGA-OV	OV	TCGA-13-1512	TCGA-13-1512-01A	Mesenchymal
TCGA-OV	OV	TCGA-13-2060	TCGA-13-2060-01A	Immunoreactive
TCGA-GBM	GBM	TCGA-14-0740	TCGA-14-0740-01B	LGm6-GBM
TCGA-GBM	GBM	TCGA-14-0781	TCGA-14-0781-01B	Mesenchymal-like
TCGA-GBM	GBM	TCGA-14-0786	TCGA-14-0786-01B	Classic-like
TCGA-GBM	GBM	TCGA-14-0787	TCGA-14-0787-01A	Classic-like
TCGA-GBM	GBM	TCGA-14-0789	TCGA-14-0789-01A	Classic-like
TCGA-GBM	GBM	TCGA-14-0790	TCGA-14-0790-01B	Classic-like
TCGA-GBM	GBM	TCGA-14-0812	TCGA-14-0812-01B	Classic-like
TCGA-GBM	GBM	TCGA-14-0813	TCGA-14-0813-01A	Mesenchymal-like
TCGA-GBM	GBM	TCGA-14-0817	TCGA-14-0817-01A	Classic-like
TCGA-GBM	GBM	TCGA-14-0862	TCGA-14-0862-01B	Classic-like
TCGA-GBM	GBM	TCGA-14-0865	TCGA-14-0865-01B	Mesenchymal-like
TCGA-GBM	GBM	TCGA-14-0867	TCGA-14-0867-01A	Mesenchymal-like
TCGA-GBM	GBM	TCGA-14-0871	TCGA-14-0871-01A	LGm6-GBM
TCGA-GBM	GBM	TCGA-14-1034	TCGA-14-1034-01A	Classic-like
TCGA-GBM	GBM	TCGA-14-1034	TCGA-14-1034-02B	Classic-like
TCGA-GBM	GBM	TCGA-14-1037	TCGA-14-1037-01A	Mesenchymal-like
TCGA-GBM	GBM	TCGA-14-1043	TCGA-14-1043-01B	Mesenchymal-like
TCGA-GBM	GBM	TCGA-14-1395	TCGA-14-1395-01B	Mesenchymal-like
TCGA-GBM	GBM	TCGA-14-1396	TCGA-14-1396-01A	Classic-like
TCGA-GBM	GBM	TCGA-14-1450	TCGA-14-1450-01B	Classic-like
TCGA-GBM	GBM	TCGA-14-1451	TCGA-14-1451-01A	Mesenchymal-like
TCGA-GBM	GBM	TCGA-14-1453	TCGA-14-1453-01A	Classic-like
TCGA-GBM	GBM	TCGA-14-1455	TCGA-14-1455-01A	LGm6-GBM
TCGA-GBM	GBM	TCGA-14-1456	TCGA-14-1456-01B	G-CIMP-high
TCGA-GBM	GBM	TCGA-14-1456	TCGA-14-1456-01C	G-CIMP-high
TCGA-GBM	GBM	TCGA-14-1458	TCGA-14-1458-01A	G-CIMP-high
TCGA-GBM	GBM	TCGA-14-1794	TCGA-14-1794-01A	Mesenchymal-like
TCGA-GBM	GBM	TCGA-14-1795	TCGA-14-1795-01A	Classic-like
TCGA-GBM	GBM	TCGA-14-1821	TCGA-14-1821-01A	G-CIMP-low
TCGA-GBM	GBM	TCGA-14-1823	TCGA-14-1823-01A	Classic-like
TCGA-GBM	GBM	TCGA-14-1825	TCGA-14-1825-01A	Mesenchymal-like
TCGA-GBM	GBM	TCGA-14-1827	TCGA-14-1827-01A	Mesenchymal-like
TCGA-GBM	GBM	TCGA-14-1829	TCGA-14-1829-01A	Mesenchymal-like
TCGA-GBM	GBM	TCGA-14-2554	TCGA-14-2554-01A	Mesenchymal-like
TCGA-GBM	GBM	TCGA-14-3476	TCGA-14-3476-01B	Mesenchymal-like
TCGA-GBM	GBM	TCGA-14-3477	TCGA-14-3477-01A	LGm6-GBM
TCGA-GBM	GBM	TCGA-14-4157	TCGA-14-4157-01A	G-CIMP-high
TCGA-GBM	GBM	TCGA-15-1444	TCGA-15-1444-01A	G-CIMP-high
TCGA-GBM	GBM	TCGA-15-1446	TCGA-15-1446-01A	Classic-like
TCGA-GBM	GBM	TCGA-16-0846	TCGA-16-0846-01A	Classic-like
TCGA-GBM	GBM	TCGA-16-0849	TCGA-16-0849-01A	G-CIMP-high
TCGA-GBM	GBM	TCGA-16-0850	TCGA-16-0850-01A	G-CIMP-low
TCGA-GBM	GBM	TCGA-16-0861	TCGA-16-0861-01A	Mesenchymal-like
TCGA-GBM	GBM	TCGA-16-1045	TCGA-16-1045-01B	Mesenchymal-like
TCGA-GBM	GBM	TCGA-16-1048	TCGA-16-1048-01B	Mesenchymal-like
TCGA-GBM	GBM	TCGA-16-1460	TCGA-16-1460-01A	G-CIMP-high
TCGA-LUSC	LUSC	TCGA-18-3406	TCGA-18-3406-01A	basal
TCGA-LUSC	LUSC	TCGA-18-3407	TCGA-18-3407-01A	classical
TCGA-LUSC	LUSC	TCGA-18-3408	TCGA-18-3408-01A	classical
TCGA-LUSC	LUSC	TCGA-18-3409	TCGA-18-3409-01A	secretory
TCGA-LUSC	LUSC	TCGA-18-3410	TCGA-18-3410-01A	secretory
TCGA-LUSC	LUSC	TCGA-18-3411	TCGA-18-3411-01A	classical
TCGA-LUSC	LUSC	TCGA-18-3412	TCGA-18-3412-01A	classical
TCGA-LUSC	LUSC	TCGA-18-3414	TCGA-18-3414-01A	basal
TCGA-LUSC	LUSC	TCGA-18-3415	TCGA-18-3415-01A	classical
TCGA-LUSC	LUSC	TCGA-18-3416	TCGA-18-3416-01A	classical
TCGA-LUSC	LUSC	TCGA-18-3417	TCGA-18-3417-01A	secretory
TCGA-LUSC	LUSC	TCGA-18-3419	TCGA-18-3419-01A	basal
TCGA-LUSC	LUSC	TCGA-18-3421	TCGA-18-3421-01A	basal
TCGA-LUSC	LUSC	TCGA-18-4083	TCGA-18-4083-01A	classical
TCGA-LUSC	LUSC	TCGA-18-4086	TCGA-18-4086-01A	classical
TCGA-LUSC	LUSC	TCGA-18-4721	TCGA-18-4721-01A	classical
TCGA-LUSC	LUSC	TCGA-18-5592	TCGA-18-5592-01A	classical
TCGA-LUSC	LUSC	TCGA-18-5595	TCGA-18-5595-01A	classical
TCGA-GBM	GBM	TCGA-19-0957	TCGA-19-0957-01C	Classic-like
TCGA-GBM	GBM	TCGA-19-0957	TCGA-19-0957-02A	Classic-like
TCGA-GBM	GBM	TCGA-19-1385	TCGA-19-1385-01A	LGm6-GBM
TCGA-GBM	GBM	TCGA-19-1386	TCGA-19-1386-01A	Classic-like
TCGA-GBM	GBM	TCGA-19-1387	TCGA-19-1387-01A	Classic-like
TCGA-GBM	GBM	TCGA-19-1388	TCGA-19-1388-01A	LGm6-GBM
TCGA-GBM	GBM	TCGA-19-1389	TCGA-19-1389-01A	LGm6-GBM
TCGA-GBM	GBM	TCGA-19-1389	TCGA-19-1389-02A	LGm6-GBM
TCGA-GBM	GBM	TCGA-19-1390	TCGA-19-1390-01A	Classic-like
TCGA-GBM	GBM	TCGA-19-1786	TCGA-19-1786-01A	Mesenchymal-like
TCGA-GBM	GBM	TCGA-19-1789	TCGA-19-1789-01A	Classic-like
TCGA-GBM	GBM	TCGA-19-1790	TCGA-19-1790-01B	Classic-like
TCGA-GBM	GBM	TCGA-19-1791	TCGA-19-1791-01A	Mesenchymal-like
TCGA-GBM	GBM	TCGA-19-2619	TCGA-19-2619-01A	Mesenchymal-like
TCGA-GBM	GBM	TCGA-19-2620	TCGA-19-2620-01A	Classic-like
TCGA-GBM	GBM	TCGA-19-2621	TCGA-19-2621-01B	Mesenchymal-like
TCGA-GBM	GBM	TCGA-19-2623	TCGA-19-2623-01A	Mesenchymal-like
TCGA-GBM	GBM	TCGA-19-2624	TCGA-19-2624-01A	Mesenchymal-like
TCGA-GBM	GBM	TCGA-19-2625	TCGA-19-2625-01A	Mesenchymal-like
TCGA-GBM	GBM	TCGA-19-2629	TCGA-19-2629-01A	G-CIMP-low
TCGA-GBM	GBM	TCGA-19-2631	TCGA-19-2631-01A	Classic-like
TCGA-GBM	GBM	TCGA-19-4068	TCGA-19-4068-01A	Mesenchymal-like
TCGA-GBM	GBM	TCGA-19-5947	TCGA-19-5947-01A	Mesenchymal-like
TCGA-GBM	GBM	TCGA-19-5950	TCGA-19-5950-01A	Classic-like
TCGA-GBM	GBM	TCGA-19-5951	TCGA-19-5951-01A	Classic-like
TCGA-GBM	GBM	TCGA-19-5952	TCGA-19-5952-01A	Mesenchymal-like
TCGA-GBM	GBM	TCGA-19-5953	TCGA-19-5953-01B	Classic-like
TCGA-GBM	GBM	TCGA-19-5954	TCGA-19-5954-01A	Mesenchymal-like
TCGA-GBM	GBM	TCGA-19-5955	TCGA-19-5955-01A	Mesenchymal-like
TCGA-GBM	GBM	TCGA-19-5958	TCGA-19-5958-01A	Mesenchymal-like
TCGA-GBM	GBM	TCGA-19-5959	TCGA-19-5959-01A	Classic-like
TCGA-GBM	GBM	TCGA-19-5960	TCGA-19-5960-01A	Classic-like
TCGA-GBM	GBM	TCGA-19-A60I	TCGA-19-A60I-01A	Classic-like
TCGA-GBM	GBM	TCGA-19-A6J4	TCGA-19-A6J4-01A	Mesenchymal-like
TCGA-GBM	GBM	TCGA-19-A6J5	TCGA-19-A6J5-01A	G-CIMP-high
TCGA-OV	OV	TCGA-20-0987	TCGA-20-0987-01A	Immunoreactive
TCGA-OV	OV	TCGA-20-0990	TCGA-20-0990-01A	Proliferative
TCGA-OV	OV	TCGA-20-0991	TCGA-20-0991-01A	Immunoreactive
TCGA-OV	OV	TCGA-20-1682	TCGA-20-1682-01A	Mesenchymal
TCGA-OV	OV	TCGA-20-1683	TCGA-20-1683-01A	Proliferative
TCGA-OV	OV	TCGA-20-1684	TCGA-20-1684-01A	Proliferative
TCGA-OV	OV	TCGA-20-1685	TCGA-20-1685-01A	Immunoreactive
TCGA-OV	OV	TCGA-20-1686	TCGA-20-1686-01A	Differentiated
TCGA-OV	OV	TCGA-20-1687	TCGA-20-1687-01A	Differentiated
TCGA-LUSC	LUSC	TCGA-21-1070	TCGA-21-1070-01A	basal
TCGA-LUSC	LUSC	TCGA-21-1071	TCGA-21-1071-01A	classical
TCGA-LUSC	LUSC	TCGA-21-1076	TCGA-21-1076-01A	secretory
TCGA-LUSC	LUSC	TCGA-21-1077	TCGA-21-1077-01A	classical
TCGA-LUSC	LUSC	TCGA-21-1078	TCGA-21-1078-01A	primitive
TCGA-LUSC	LUSC	TCGA-21-1081	TCGA-21-1081-01A	basal
TCGA-LUSC	LUSC	TCGA-21-5782	TCGA-21-5782-01A	basal
TCGA-LUSC	LUSC	TCGA-21-5784	TCGA-21-5784-01A	basal
TCGA-LUSC	LUSC	TCGA-21-5786	TCGA-21-5786-01A	basal
TCGA-LUSC	LUSC	TCGA-21-5787	TCGA-21-5787-01A	secretory
TCGA-LUSC	LUSC	TCGA-22-0944	TCGA-22-0944-01A	classical
TCGA-LUSC	LUSC	TCGA-22-1002	TCGA-22-1002-01A	secretory
TCGA-LUSC	LUSC	TCGA-22-1011	TCGA-22-1011-01A	basal
TCGA-LUSC	LUSC	TCGA-22-1012	TCGA-22-1012-01A	classical
TCGA-LUSC	LUSC	TCGA-22-1016	TCGA-22-1016-01A	secretory
TCGA-LUSC	LUSC	TCGA-22-4591	TCGA-22-4591-01A	primitive
TCGA-LUSC	LUSC	TCGA-22-4593	TCGA-22-4593-01A	primitive
TCGA-LUSC	LUSC	TCGA-22-4595	TCGA-22-4595-01A	basal
TCGA-LUSC	LUSC	TCGA-22-4599	TCGA-22-4599-01A	primitive
TCGA-LUSC	LUSC	TCGA-22-4601	TCGA-22-4601-01A	classical
TCGA-LUSC	LUSC	TCGA-22-4604	TCGA-22-4604-01A	classical
TCGA-LUSC	LUSC	TCGA-22-4607	TCGA-22-4607-01A	basal
TCGA-LUSC	LUSC	TCGA-22-4613	TCGA-22-4613-01A	classical
TCGA-LUSC	LUSC	TCGA-22-5471	TCGA-22-5471-01A	classical
TCGA-LUSC	LUSC	TCGA-22-5472	TCGA-22-5472-01A	basal
TCGA-LUSC	LUSC	TCGA-22-5473	TCGA-22-5473-01A	classical
TCGA-LUSC	LUSC	TCGA-22-5474	TCGA-22-5474-01A	classical
TCGA-LUSC	LUSC	TCGA-22-5477	TCGA-22-5477-01A	classical
TCGA-LUSC	LUSC	TCGA-22-5478	TCGA-22-5478-01A	secretory
TCGA-LUSC	LUSC	TCGA-22-5480	TCGA-22-5480-01A	secretory
TCGA-LUSC	LUSC	TCGA-22-5482	TCGA-22-5482-01A	classical
TCGA-LUSC	LUSC	TCGA-22-5485	TCGA-22-5485-01A	classical
TCGA-LUSC	LUSC	TCGA-22-5489	TCGA-22-5489-01A	secretory
TCGA-LUSC	LUSC	TCGA-22-5491	TCGA-22-5491-01A	classical
TCGA-LUSC	LUSC	TCGA-22-5492	TCGA-22-5492-01A	secretory
TCGA-OV	OV	TCGA-23-1021	TCGA-23-1021-01B	Differentiated
TCGA-OV	OV	TCGA-23-1022	TCGA-23-1022-01A	Proliferative
TCGA-OV	OV	TCGA-23-1023	TCGA-23-1023-01A	Differentiated
TCGA-OV	OV	TCGA-23-1024	TCGA-23-1024-01A	Proliferative
TCGA-OV	OV	TCGA-23-1026	TCGA-23-1026-01B	Differentiated
TCGA-OV	OV	TCGA-23-1027	TCGA-23-1027-01A	Differentiated
TCGA-OV	OV	TCGA-23-1028	TCGA-23-1028-01A	Differentiated
TCGA-OV	OV	TCGA-23-1029	TCGA-23-1029-01B	Differentiated
TCGA-OV	OV	TCGA-23-1030	TCGA-23-1030-01A	Differentiated
TCGA-OV	OV	TCGA-23-1031	TCGA-23-1031-01A	Proliferative
TCGA-OV	OV	TCGA-23-1032	TCGA-23-1032-01A	Proliferative
TCGA-OV	OV	TCGA-23-1107	TCGA-23-1107-01A	Proliferative
TCGA-OV	OV	TCGA-23-1109	TCGA-23-1109-01A	Proliferative
TCGA-OV	OV	TCGA-23-1110	TCGA-23-1110-01A	Proliferative
TCGA-OV	OV	TCGA-23-1111	TCGA-23-1111-01A	Differentiated
TCGA-OV	OV	TCGA-23-1113	TCGA-23-1113-01A	Proliferative
TCGA-OV	OV	TCGA-23-1114	TCGA-23-1114-01B	Proliferative
TCGA-OV	OV	TCGA-23-1116	TCGA-23-1116-01A	Mesenchymal
TCGA-OV	OV	TCGA-23-1117	TCGA-23-1117-01A	Mesenchymal
TCGA-OV	OV	TCGA-23-1118	TCGA-23-1118-01A	Differentiated
TCGA-OV	OV	TCGA-23-1119	TCGA-23-1119-01A	Proliferative
TCGA-OV	OV	TCGA-23-1120	TCGA-23-1120-01A	Immunoreactive
TCGA-OV	OV	TCGA-23-1121	TCGA-23-1121-01A	Proliferative
TCGA-OV	OV	TCGA-23-1122	TCGA-23-1122-01A	Proliferative
TCGA-OV	OV	TCGA-23-1123	TCGA-23-1123-01A	Immunoreactive
TCGA-OV	OV	TCGA-23-1124	TCGA-23-1124-01A	Differentiated
TCGA-OV	OV	TCGA-23-1809	TCGA-23-1809-01A	Proliferative
TCGA-OV	OV	TCGA-23-2072	TCGA-23-2072-01A	Differentiated
TCGA-OV	OV	TCGA-23-2077	TCGA-23-2077-01A	Immunoreactive
TCGA-OV	OV	TCGA-23-2078	TCGA-23-2078-01A	Mesenchymal
TCGA-OV	OV	TCGA-23-2079	TCGA-23-2079-01A	Immunoreactive
TCGA-OV	OV	TCGA-23-2081	TCGA-23-2081-01A	Differentiated
TCGA-OV	OV	TCGA-23-2084	TCGA-23-2084-01A	Immunoreactive
TCGA-OV	OV	TCGA-24-0966	TCGA-24-0966-01A	Differentiated
TCGA-OV	OV	TCGA-24-0968	TCGA-24-0968-01A	Immunoreactive
TCGA-OV	OV	TCGA-24-0970	TCGA-24-0970-01B	Mesenchymal
TCGA-OV	OV	TCGA-24-0975	TCGA-24-0975-01A	Mesenchymal
TCGA-OV	OV	TCGA-24-0979	TCGA-24-0979-01A	Differentiated
TCGA-OV	OV	TCGA-24-0980	TCGA-24-0980-01A	Differentiated
TCGA-OV	OV	TCGA-24-0982	TCGA-24-0982-01A	Proliferative
TCGA-OV	OV	TCGA-24-1103	TCGA-24-1103-01A	Differentiated
TCGA-OV	OV	TCGA-24-1104	TCGA-24-1104-01A	Differentiated
TCGA-OV	OV	TCGA-24-1105	TCGA-24-1105-01A	Differentiated
TCGA-OV	OV	TCGA-24-1413	TCGA-24-1413-01A	Differentiated
TCGA-OV	OV	TCGA-24-1416	TCGA-24-1416-01A	Differentiated
TCGA-OV	OV	TCGA-24-1417	TCGA-24-1417-01A	Immunoreactive
TCGA-OV	OV	TCGA-24-1418	TCGA-24-1418-01A	Mesenchymal
TCGA-OV	OV	TCGA-24-1419	TCGA-24-1419-01A	Proliferative
TCGA-OV	OV	TCGA-24-1422	TCGA-24-1422-01A	Mesenchymal
TCGA-OV	OV	TCGA-24-1423	TCGA-24-1423-01A	Differentiated
TCGA-OV	OV	TCGA-24-1424	TCGA-24-1424-01A	Proliferative
TCGA-OV	OV	TCGA-24-1425	TCGA-24-1425-01A	Mesenchymal
TCGA-OV	OV	TCGA-24-1426	TCGA-24-1426-01A	Proliferative
TCGA-OV	OV	TCGA-24-1427	TCGA-24-1427-01A	Mesenchymal
TCGA-OV	OV	TCGA-24-1428	TCGA-24-1428-01A	Immunoreactive
TCGA-OV	OV	TCGA-24-1430	TCGA-24-1430-01A	Proliferative
TCGA-OV	OV	TCGA-24-1431	TCGA-24-1431-01A	Differentiated
TCGA-OV	OV	TCGA-24-1434	TCGA-24-1434-01A	Mesenchymal
TCGA-OV	OV	TCGA-24-1435	TCGA-24-1435-01A	Immunoreactive
TCGA-OV	OV	TCGA-24-1436	TCGA-24-1436-01A	Immunoreactive
TCGA-OV	OV	TCGA-24-1463	TCGA-24-1463-01A	Mesenchymal
TCGA-OV	OV	TCGA-24-1464	TCGA-24-1464-01A	Differentiated
TCGA-OV	OV	TCGA-24-1466	TCGA-24-1466-01A	Differentiated
TCGA-OV	OV	TCGA-24-1467	TCGA-24-1467-01A	Differentiated
TCGA-OV	OV	TCGA-24-1469	TCGA-24-1469-01A	Proliferative
TCGA-OV	OV	TCGA-24-1470	TCGA-24-1470-01A	Immunoreactive
TCGA-OV	OV	TCGA-24-1471	TCGA-24-1471-01A	Differentiated
TCGA-OV	OV	TCGA-24-1474	TCGA-24-1474-01A	Immunoreactive
TCGA-OV	OV	TCGA-24-1544	TCGA-24-1544-01A	Proliferative
TCGA-OV	OV	TCGA-24-1545	TCGA-24-1545-01A	Mesenchymal
TCGA-OV	OV	TCGA-24-1546	TCGA-24-1546-01A	Mesenchymal
TCGA-OV	OV	TCGA-24-1548	TCGA-24-1548-01A	Proliferative
TCGA-OV	OV	TCGA-24-1549	TCGA-24-1549-01A	Immunoreactive
TCGA-OV	OV	TCGA-24-1550	TCGA-24-1550-01A	Mesenchymal
TCGA-OV	OV	TCGA-24-1551	TCGA-24-1551-01A	Immunoreactive
TCGA-OV	OV	TCGA-24-1552	TCGA-24-1552-01A	Differentiated
TCGA-OV	OV	TCGA-24-1553	TCGA-24-1553-01A	Immunoreactive
TCGA-OV	OV	TCGA-24-1555	TCGA-24-1555-01A	Differentiated
TCGA-OV	OV	TCGA-24-1556	TCGA-24-1556-01A	Immunoreactive
TCGA-OV	OV	TCGA-24-1557	TCGA-24-1557-01A	Differentiated
TCGA-OV	OV	TCGA-24-1558	TCGA-24-1558-01A	Proliferative
TCGA-OV	OV	TCGA-24-1560	TCGA-24-1560-01A	Proliferative
TCGA-OV	OV	TCGA-24-1562	TCGA-24-1562-01A	Differentiated
TCGA-OV	OV	TCGA-24-1563	TCGA-24-1563-01A	Mesenchymal
TCGA-OV	OV	TCGA-24-1564	TCGA-24-1564-01A	Mesenchymal
TCGA-OV	OV	TCGA-24-1565	TCGA-24-1565-01A	Differentiated
TCGA-OV	OV	TCGA-24-1567	TCGA-24-1567-01A	Proliferative
TCGA-OV	OV	TCGA-24-1603	TCGA-24-1603-01A	Proliferative
TCGA-OV	OV	TCGA-24-1604	TCGA-24-1604-01A	Differentiated
TCGA-OV	OV	TCGA-24-1614	TCGA-24-1614-01A	Proliferative
TCGA-OV	OV	TCGA-24-1616	TCGA-24-1616-01A	Differentiated
TCGA-OV	OV	TCGA-24-1842	TCGA-24-1842-01A	Immunoreactive
TCGA-OV	OV	TCGA-24-1843	TCGA-24-1843-01A	Immunoreactive
TCGA-OV	OV	TCGA-24-1844	TCGA-24-1844-01A	Differentiated
TCGA-OV	OV	TCGA-24-1845	TCGA-24-1845-01A	Differentiated
TCGA-OV	OV	TCGA-24-1846	TCGA-24-1846-01A	Immunoreactive
TCGA-OV	OV	TCGA-24-1847	TCGA-24-1847-01A	Immunoreactive
TCGA-OV	OV	TCGA-24-1849	TCGA-24-1849-01A	Mesenchymal
TCGA-OV	OV	TCGA-24-1850	TCGA-24-1850-01A	Proliferative
TCGA-OV	OV	TCGA-24-1920	TCGA-24-1920-01A	Proliferative
TCGA-OV	OV	TCGA-24-1923	TCGA-24-1923-01A	Differentiated
TCGA-OV	OV	TCGA-24-1924	TCGA-24-1924-01A	Immunoreactive
TCGA-OV	OV	TCGA-24-1928	TCGA-24-1928-01A	Mesenchymal
TCGA-OV	OV	TCGA-24-1930	TCGA-24-1930-01A	Immunoreactive
TCGA-OV	OV	TCGA-24-2019	TCGA-24-2019-01A	Proliferative
TCGA-OV	OV	TCGA-24-2020	TCGA-24-2020-01A	Proliferative
TCGA-OV	OV	TCGA-24-2023	TCGA-24-2023-01A	Differentiated
TCGA-OV	OV	TCGA-24-2024	TCGA-24-2024-01A	Differentiated
TCGA-OV	OV	TCGA-24-2026	TCGA-24-2026-01A	Immunoreactive
TCGA-OV	OV	TCGA-24-2027	TCGA-24-2027-01A	Proliferative
TCGA-OV	OV	TCGA-24-2029	TCGA-24-2029-01A	Immunoreactive
TCGA-OV	OV	TCGA-24-2030	TCGA-24-2030-01A	Proliferative
TCGA-OV	OV	TCGA-24-2033	TCGA-24-2033-01A	Mesenchymal
TCGA-OV	OV	TCGA-24-2035	TCGA-24-2035-01A	Mesenchymal
TCGA-OV	OV	TCGA-24-2036	TCGA-24-2036-01A	Proliferative
TCGA-OV	OV	TCGA-24-2038	TCGA-24-2038-01A	Differentiated
TCGA-OV	OV	TCGA-24-2254	TCGA-24-2254-01A	Mesenchymal
TCGA-OV	OV	TCGA-24-2260	TCGA-24-2260-01A	Proliferative
TCGA-OV	OV	TCGA-24-2261	TCGA-24-2261-01A	Immunoreactive
TCGA-OV	OV	TCGA-24-2262	TCGA-24-2262-01A	Differentiated
TCGA-OV	OV	TCGA-24-2267	TCGA-24-2267-01A	Immunoreactive
TCGA-OV	OV	TCGA-24-2271	TCGA-24-2271-01A	Differentiated
TCGA-OV	OV	TCGA-24-2280	TCGA-24-2280-01A	Mesenchymal
TCGA-OV	OV	TCGA-24-2281	TCGA-24-2281-01A	Immunoreactive
TCGA-OV	OV	TCGA-24-2288	TCGA-24-2288-01A	Immunoreactive
TCGA-OV	OV	TCGA-24-2289	TCGA-24-2289-01A	Mesenchymal
TCGA-OV	OV	TCGA-24-2290	TCGA-24-2290-01A	Immunoreactive
TCGA-OV	OV	TCGA-24-2293	TCGA-24-2293-01A	Mesenchymal
TCGA-OV	OV	TCGA-24-2297	TCGA-24-2297-01A	Differentiated
TCGA-OV	OV	TCGA-24-2298	TCGA-24-2298-01A	Mesenchymal
TCGA-OV	OV	TCGA-25-1312	TCGA-25-1312-01A	Proliferative
TCGA-OV	OV	TCGA-25-1313	TCGA-25-1313-01A	Immunoreactive
TCGA-OV	OV	TCGA-25-1314	TCGA-25-1314-01A	Differentiated
TCGA-OV	OV	TCGA-25-1315	TCGA-25-1315-01A	Proliferative
TCGA-OV	OV	TCGA-25-1316	TCGA-25-1316-01A	Proliferative
TCGA-OV	OV	TCGA-25-1317	TCGA-25-1317-01A	Proliferative
TCGA-OV	OV	TCGA-25-1318	TCGA-25-1318-01A	Differentiated
TCGA-OV	OV	TCGA-25-1319	TCGA-25-1319-01A	Proliferative
TCGA-OV	OV	TCGA-25-1320	TCGA-25-1320-01A	Mesenchymal
TCGA-OV	OV	TCGA-25-1321	TCGA-25-1321-01A	Differentiated
TCGA-OV	OV	TCGA-25-1322	TCGA-25-1322-01A	Immunoreactive
TCGA-OV	OV	TCGA-25-1323	TCGA-25-1323-01A	Proliferative
TCGA-OV	OV	TCGA-25-1324	TCGA-25-1324-01A	Proliferative
TCGA-OV	OV	TCGA-25-1325	TCGA-25-1325-01A	Proliferative
TCGA-OV	OV	TCGA-25-1326	TCGA-25-1326-01A	Mesenchymal
TCGA-OV	OV	TCGA-25-1328	TCGA-25-1328-01A	Mesenchymal
TCGA-OV	OV	TCGA-25-1329	TCGA-25-1329-01A	Mesenchymal
TCGA-OV	OV	TCGA-25-1623	TCGA-25-1623-01A	Mesenchymal
TCGA-OV	OV	TCGA-25-1625	TCGA-25-1625-01A	Differentiated
TCGA-OV	OV	TCGA-25-1626	TCGA-25-1626-01A	Mesenchymal
TCGA-OV	OV	TCGA-25-1627	TCGA-25-1627-01A	Proliferative
TCGA-OV	OV	TCGA-25-1628	TCGA-25-1628-01A	Mesenchymal
TCGA-OV	OV	TCGA-25-1630	TCGA-25-1630-01A	Immunoreactive
TCGA-OV	OV	TCGA-25-1631	TCGA-25-1631-01A	Differentiated
TCGA-OV	OV	TCGA-25-1632	TCGA-25-1632-01A	Proliferative
TCGA-OV	OV	TCGA-25-1633	TCGA-25-1633-01A	Mesenchymal
TCGA-OV	OV	TCGA-25-1634	TCGA-25-1634-01A	Proliferative
TCGA-OV	OV	TCGA-25-1635	TCGA-25-1635-01A	Mesenchymal
TCGA-OV	OV	TCGA-25-1870	TCGA-25-1870-01A	Proliferative
TCGA-OV	OV	TCGA-25-1871	TCGA-25-1871-01A	Proliferative
TCGA-OV	OV	TCGA-25-1877	TCGA-25-1877-01A	Proliferative
TCGA-OV	OV	TCGA-25-1878	TCGA-25-1878-01A	Immunoreactive
TCGA-OV	OV	TCGA-25-2042	TCGA-25-2042-01A	Mesenchymal
TCGA-OV	OV	TCGA-25-2391	TCGA-25-2391-01A	Differentiated
TCGA-OV	OV	TCGA-25-2392	TCGA-25-2392-01A	Immunoreactive
TCGA-OV	OV	TCGA-25-2393	TCGA-25-2393-01A	Proliferative
TCGA-OV	OV	TCGA-25-2396	TCGA-25-2396-01A	Immunoreactive
TCGA-OV	OV	TCGA-25-2397	TCGA-25-2397-01A	Differentiated
TCGA-OV	OV	TCGA-25-2398	TCGA-25-2398-01A	Mesenchymal
TCGA-OV	OV	TCGA-25-2399	TCGA-25-2399-01A	Mesenchymal
TCGA-OV	OV	TCGA-25-2400	TCGA-25-2400-01A	Proliferative
TCGA-OV	OV	TCGA-25-2401	TCGA-25-2401-01A	Mesenchymal
TCGA-OV	OV	TCGA-25-2404	TCGA-25-2404-01A	Mesenchymal
TCGA-OV	OV	TCGA-25-2408	TCGA-25-2408-01A	Mesenchymal
TCGA-OV	OV	TCGA-25-2409	TCGA-25-2409-01A	Differentiated
TCGA-GBM	GBM	TCGA-26-1439	TCGA-26-1439-01A	Mesenchymal-like
TCGA-GBM	GBM	TCGA-26-1442	TCGA-26-1442-01A	G-CIMP-high
TCGA-GBM	GBM	TCGA-26-1799	TCGA-26-1799-01A	Mesenchymal-like
TCGA-GBM	GBM	TCGA-26-5132	TCGA-26-5132-01A	Classic-like
TCGA-GBM	GBM	TCGA-26-5133	TCGA-26-5133-01A	LGm6-GBM
TCGA-GBM	GBM	TCGA-26-5134	TCGA-26-5134-01A	Mesenchymal-like
TCGA-GBM	GBM	TCGA-26-5135	TCGA-26-5135-01A	Mesenchymal-like
TCGA-GBM	GBM	TCGA-26-5136	TCGA-26-5136-01B	Mesenchymal-like
TCGA-GBM	GBM	TCGA-26-5139	TCGA-26-5139-01A	Mesenchymal-like
TCGA-GBM	GBM	TCGA-26-6173	TCGA-26-6173-01A	Mesenchymal-like
TCGA-GBM	GBM	TCGA-26-6174	TCGA-26-6174-01A	Mesenchymal-like
TCGA-GBM	GBM	TCGA-26-A7UX	TCGA-26-A7UX-01B	Mesenchymal-like
TCGA-GBM	GBM	TCGA-27-1830	TCGA-27-1830-01A	Mesenchymal-like
TCGA-GBM	GBM	TCGA-27-1831	TCGA-27-1831-01A	Mesenchymal-like
TCGA-GBM	GBM	TCGA-27-1832	TCGA-27-1832-01A	Mesenchymal-like
TCGA-GBM	GBM	TCGA-27-1833	TCGA-27-1833-01A	Classic-like
TCGA-GBM	GBM	TCGA-27-1834	TCGA-27-1834-01A	Mesenchymal-like
TCGA-GBM	GBM	TCGA-27-1835	TCGA-27-1835-01A	Mesenchymal-like
TCGA-GBM	GBM	TCGA-27-1836	TCGA-27-1836-01A	Mesenchymal-like
TCGA-GBM	GBM	TCGA-27-1837	TCGA-27-1837-01A	Mesenchymal-like
TCGA-GBM	GBM	TCGA-27-1838	TCGA-27-1838-01A	Mesenchymal-like
TCGA-GBM	GBM	TCGA-27-2518	TCGA-27-2518-01A	Classic-like
TCGA-GBM	GBM	TCGA-27-2519	TCGA-27-2519-01A	Mesenchymal-like
TCGA-GBM	GBM	TCGA-27-2521	TCGA-27-2521-01A	G-CIMP-low
TCGA-GBM	GBM	TCGA-27-2523	TCGA-27-2523-01A	Classic-like
TCGA-GBM	GBM	TCGA-27-2524	TCGA-27-2524-01A	Mesenchymal-like
TCGA-GBM	GBM	TCGA-27-2526	TCGA-27-2526-01A	Mesenchymal-like
TCGA-GBM	GBM	TCGA-27-2527	TCGA-27-2527-01A	Mesenchymal-like
TCGA-GBM	GBM	TCGA-27-2528	TCGA-27-2528-01A	Classic-like
TCGA-GBM	GBM	TCGA-28-1745	TCGA-28-1745-01B	Mesenchymal-like
TCGA-GBM	GBM	TCGA-28-1746	TCGA-28-1746-01A	Mesenchymal-like
TCGA-GBM	GBM	TCGA-28-1747	TCGA-28-1747-01C	Mesenchymal-like
TCGA-GBM	GBM	TCGA-28-1749	TCGA-28-1749-01A	Classic-like
TCGA-GBM	GBM	TCGA-28-1750	TCGA-28-1750-01A	Classic-like
TCGA-GBM	GBM	TCGA-28-1751	TCGA-28-1751-01A	Mesenchymal-like
TCGA-GBM	GBM	TCGA-28-1752	TCGA-28-1752-01A	Mesenchymal-like
TCGA-GBM	GBM	TCGA-28-1753	TCGA-28-1753-01A	Mesenchymal-like
TCGA-GBM	GBM	TCGA-28-1755	TCGA-28-1755-01A	Mesenchymal-like
TCGA-GBM	GBM	TCGA-28-1757	TCGA-28-1757-01A	Mesenchymal-like
TCGA-GBM	GBM	TCGA-28-1760	TCGA-28-1760-01A	Mesenchymal-like
TCGA-GBM	GBM	TCGA-28-2499	TCGA-28-2499-01A	Classic-like
TCGA-GBM	GBM	TCGA-28-2502	TCGA-28-2502-01B	Mesenchymal-like
TCGA-GBM	GBM	TCGA-28-2506	TCGA-28-2506-01A	Mesenchymal-like
TCGA-GBM	GBM	TCGA-28-2509	TCGA-28-2509-01A	Classic-like
TCGA-GBM	GBM	TCGA-28-2513	TCGA-28-2513-01A	Mesenchymal-like
TCGA-GBM	GBM	TCGA-28-2514	TCGA-28-2514-01A	Mesenchymal-like
TCGA-GBM	GBM	TCGA-28-5204	TCGA-28-5204-01A	Classic-like
TCGA-GBM	GBM	TCGA-28-5207	TCGA-28-5207-01A	Mesenchymal-like
TCGA-GBM	GBM	TCGA-28-5208	TCGA-28-5208-01A	Classic-like
TCGA-GBM	GBM	TCGA-28-5209	TCGA-28-5209-01A	Classic-like
TCGA-GBM	GBM	TCGA-28-5211	TCGA-28-5211-01C	Mesenchymal-like
TCGA-GBM	GBM	TCGA-28-5213	TCGA-28-5213-01A	Mesenchymal-like
TCGA-GBM	GBM	TCGA-28-5214	TCGA-28-5214-01A	Classic-like
TCGA-GBM	GBM	TCGA-28-5215	TCGA-28-5215-01A	Mesenchymal-like
TCGA-GBM	GBM	TCGA-28-5216	TCGA-28-5216-01A	Mesenchymal-like
TCGA-GBM	GBM	TCGA-28-5218	TCGA-28-5218-01A	LGm6-GBM
TCGA-GBM	GBM	TCGA-28-5219	TCGA-28-5219-01A	Mesenchymal-like
TCGA-GBM	GBM	TCGA-28-5220	TCGA-28-5220-01A	Mesenchymal-like
TCGA-GBM	GBM	TCGA-28-6450	TCGA-28-6450-01A	Classic-like
TCGA-OV	OV	TCGA-29-1688	TCGA-29-1688-01A	Immunoreactive
TCGA-OV	OV	TCGA-29-1690	TCGA-29-1690-01A	Mesenchymal
TCGA-OV	OV	TCGA-29-1691	TCGA-29-1691-01A	Proliferative
TCGA-OV	OV	TCGA-29-1693	TCGA-29-1693-01A	Mesenchymal
TCGA-OV	OV	TCGA-29-1694	TCGA-29-1694-01A	Differentiated
TCGA-OV	OV	TCGA-29-1695	TCGA-29-1695-01A	Mesenchymal
TCGA-OV	OV	TCGA-29-1696	TCGA-29-1696-01A	Differentiated
TCGA-OV	OV	TCGA-29-1697	TCGA-29-1697-01A	Proliferative
TCGA-OV	OV	TCGA-29-1698	TCGA-29-1698-01A	Mesenchymal
TCGA-OV	OV	TCGA-29-1699	TCGA-29-1699-01A	Immunoreactive
TCGA-OV	OV	TCGA-29-1701	TCGA-29-1701-01A	Immunoreactive
TCGA-OV	OV	TCGA-29-1702	TCGA-29-1702-01A	Proliferative
TCGA-OV	OV	TCGA-29-1703	TCGA-29-1703-01A	Proliferative
TCGA-OV	OV	TCGA-29-1705	TCGA-29-1705-01A	Mesenchymal
TCGA-OV	OV	TCGA-29-1707	TCGA-29-1707-01A	Immunoreactive
TCGA-OV	OV	TCGA-29-1710	TCGA-29-1710-01A	Immunoreactive
TCGA-OV	OV	TCGA-29-1711	TCGA-29-1711-01A	Immunoreactive
TCGA-OV	OV	TCGA-29-1761	TCGA-29-1761-01A	Immunoreactive
TCGA-OV	OV	TCGA-29-1762	TCGA-29-1762-01A	Proliferative
TCGA-OV	OV	TCGA-29-1763	TCGA-29-1763-01A	Proliferative
TCGA-OV	OV	TCGA-29-1764	TCGA-29-1764-01A	Mesenchymal
TCGA-OV	OV	TCGA-29-1766	TCGA-29-1766-01A	Mesenchymal
TCGA-OV	OV	TCGA-29-1768	TCGA-29-1768-01A	Mesenchymal
TCGA-OV	OV	TCGA-29-1769	TCGA-29-1769-01A	Immunoreactive
TCGA-OV	OV	TCGA-29-1770	TCGA-29-1770-01A	Mesenchymal
TCGA-OV	OV	TCGA-29-1771	TCGA-29-1771-01A	Differentiated
TCGA-OV	OV	TCGA-29-1774	TCGA-29-1774-01A	Proliferative
TCGA-OV	OV	TCGA-29-1775	TCGA-29-1775-01A	Proliferative
TCGA-OV	OV	TCGA-29-1776	TCGA-29-1776-01A	Differentiated
TCGA-OV	OV	TCGA-29-1777	TCGA-29-1777-01A	Mesenchymal
TCGA-OV	OV	TCGA-29-1778	TCGA-29-1778-01A	Differentiated
TCGA-OV	OV	TCGA-29-1781	TCGA-29-1781-01A	Immunoreactive
TCGA-OV	OV	TCGA-29-1783	TCGA-29-1783-01A	Mesenchymal
TCGA-OV	OV	TCGA-29-1784	TCGA-29-1784-01A	Immunoreactive
TCGA-OV	OV	TCGA-29-1785	TCGA-29-1785-01A	Immunoreactive
TCGA-OV	OV	TCGA-29-2414	TCGA-29-2414-01A	Proliferative
TCGA-OV	OV	TCGA-29-2425	TCGA-29-2425-01A	Proliferative
TCGA-OV	OV	TCGA-29-2427	TCGA-29-2427-01A	Immunoreactive
TCGA-OV	OV	TCGA-29-2428	TCGA-29-2428-01A	Immunoreactive
TCGA-PRAD	PRAD	TCGA-2A-A8VL	TCGA-2A-A8VL-01A	1-ERG
TCGA-PRAD	PRAD	TCGA-2A-A8VO	TCGA-2A-A8VO-01A	8-other
TCGA-PRAD	PRAD	TCGA-2A-A8VT	TCGA-2A-A8VT-01A	1-ERG
TCGA-PRAD	PRAD	TCGA-2A-A8VV	TCGA-2A-A8VV-01A	1-ERG
TCGA-PRAD	PRAD	TCGA-2A-A8W1	TCGA-2A-A8W1-01A	2-ETV1
TCGA-PRAD	PRAD	TCGA-2A-A8W3	TCGA-2A-A8W3-01A	2-ETV1
TCGA-UCEC	UCEC	TCGA-2E-A9G8	TCGA-2E-A9G8-01A	CN HIGH
TCGA-ESCA	ESCA	TCGA-2H-A9GF	TCGA-2H-A9GF-01A	GI.CIN
TCGA-ESCA	ESCA	TCGA-2H-A9GH	TCGA-2H-A9GH-01A	GI.CIN
TCGA-ESCA	ESCA	TCGA-2H-A9GI	TCGA-2H-A9GI-01A	GI.CIN
TCGA-ESCA	ESCA	TCGA-2H-A9GK	TCGA-2H-A9GK-01A	GI.CIN
TCGA-ESCA	ESCA	TCGA-2H-A9GL	TCGA-2H-A9GL-01A	GI.CIN
TCGA-ESCA	ESCA	TCGA-2H-A9GM	TCGA-2H-A9GM-01A	GI.CIN
TCGA-ESCA	ESCA	TCGA-2H-A9GN	TCGA-2H-A9GN-01A	GI.CIN
TCGA-ESCA	ESCA	TCGA-2H-A9GO	TCGA-2H-A9GO-01A	GI.CIN
TCGA-ESCA	ESCA	TCGA-2H-A9GR	TCGA-2H-A9GR-01A	GI.CIN
TCGA-OV	OV	TCGA-30-1714	TCGA-30-1714-01A	Differentiated
TCGA-OV	OV	TCGA-30-1718	TCGA-30-1718-01A	Mesenchymal
TCGA-OV	OV	TCGA-30-1853	TCGA-30-1853-01A	Proliferative
TCGA-OV	OV	TCGA-30-1855	TCGA-30-1855-01A	Immunoreactive
TCGA-OV	OV	TCGA-30-1856	TCGA-30-1856-01A	Immunoreactive
TCGA-OV	OV	TCGA-30-1857	TCGA-30-1857-01A	Mesenchymal
TCGA-OV	OV	TCGA-30-1859	TCGA-30-1859-01A	Proliferative
TCGA-OV	OV	TCGA-30-1860	TCGA-30-1860-01A	Immunoreactive
TCGA-OV	OV	TCGA-30-1861	TCGA-30-1861-01A	Mesenchymal
TCGA-OV	OV	TCGA-30-1862	TCGA-30-1862-01A	Mesenchymal
TCGA-OV	OV	TCGA-30-1866	TCGA-30-1866-01A	Proliferative
TCGA-OV	OV	TCGA-30-1867	TCGA-30-1867-01A	Mesenchymal
TCGA-OV	OV	TCGA-30-1880	TCGA-30-1880-01A	Differentiated
TCGA-OV	OV	TCGA-30-1887	TCGA-30-1887-01A	Immunoreactive
TCGA-OV	OV	TCGA-30-1891	TCGA-30-1891-01A	Mesenchymal
TCGA-OV	OV	TCGA-30-1892	TCGA-30-1892-01A	Mesenchymal
TCGA-OV	OV	TCGA-31-1944	TCGA-31-1944-01A	Differentiated
TCGA-OV	OV	TCGA-31-1946	TCGA-31-1946-01A	Mesenchymal
TCGA-OV	OV	TCGA-31-1950	TCGA-31-1950-01A	Immunoreactive
TCGA-OV	OV	TCGA-31-1951	TCGA-31-1951-01A	Mesenchymal
TCGA-OV	OV	TCGA-31-1953	TCGA-31-1953-01A	Immunoreactive
TCGA-OV	OV	TCGA-31-1956	TCGA-31-1956-01A	Immunoreactive
TCGA-OV	OV	TCGA-31-1959	TCGA-31-1959-01A	Mesenchymal
TCGA-GBM	GBM	TCGA-32-1970	TCGA-32-1970-01A	Mesenchymal-like
TCGA-GBM	GBM	TCGA-32-1976	TCGA-32-1976-01A	Classic-like
TCGA-GBM	GBM	TCGA-32-1977	TCGA-32-1977-01A	Classic-like
TCGA-GBM	GBM	TCGA-32-1979	TCGA-32-1979-01A	Classic-like
TCGA-GBM	GBM	TCGA-32-1980	TCGA-32-1980-01A	LGm6-GBM
TCGA-GBM	GBM	TCGA-32-1982	TCGA-32-1982-01A	Classic-like
TCGA-GBM	GBM	TCGA-32-1986	TCGA-32-1986-01A	Mesenchymal-like
TCGA-GBM	GBM	TCGA-32-1991	TCGA-32-1991-01A	Mesenchymal-like
TCGA-GBM	GBM	TCGA-32-2491	TCGA-32-2491-01A	Mesenchymal-like
TCGA-GBM	GBM	TCGA-32-2494	TCGA-32-2494-01A	Mesenchymal-like
TCGA-GBM	GBM	TCGA-32-2495	TCGA-32-2495-01A	Classic-like
TCGA-GBM	GBM	TCGA-32-2615	TCGA-32-2615-01A	Mesenchymal-like
TCGA-GBM	GBM	TCGA-32-2632	TCGA-32-2632-01A	Mesenchymal-like
TCGA-GBM	GBM	TCGA-32-2634	TCGA-32-2634-01A	Classic-like
TCGA-GBM	GBM	TCGA-32-2638	TCGA-32-2638-01A	Classic-like
TCGA-GBM	GBM	TCGA-32-4208	TCGA-32-4208-01A	G-CIMP-high
TCGA-GBM	GBM	TCGA-32-4209	TCGA-32-4209-01A	Mesenchymal-like
TCGA-GBM	GBM	TCGA-32-4210	TCGA-32-4210-01A	Classic-like
TCGA-GBM	GBM	TCGA-32-4211	TCGA-32-4211-01A	Classic-like
TCGA-GBM	GBM	TCGA-32-4213	TCGA-32-4213-01A	Mesenchymal-like
TCGA-GBM	GBM	TCGA-32-4719	TCGA-32-4719-01A	Classic-like
TCGA-GBM	GBM	TCGA-32-5222	TCGA-32-5222-01A	Classic-like
TCGA-LUSC	LUSC	TCGA-33-4532	TCGA-33-4532-01A	classical
TCGA-LUSC	LUSC	TCGA-33-4533	TCGA-33-4533-01A	primitive
TCGA-LUSC	LUSC	TCGA-33-4538	TCGA-33-4538-01A	classical
TCGA-LUSC	LUSC	TCGA-33-4547	TCGA-33-4547-01A	basal
TCGA-LUSC	LUSC	TCGA-33-4566	TCGA-33-4566-01A	secretory
TCGA-LUSC	LUSC	TCGA-33-4582	TCGA-33-4582-01A	classical
TCGA-LUSC	LUSC	TCGA-33-4583	TCGA-33-4583-01A	classical
TCGA-LUSC	LUSC	TCGA-33-4586	TCGA-33-4586-01A	classical
TCGA-LUSC	LUSC	TCGA-33-6737	TCGA-33-6737-01A	secretory
TCGA-LUSC	LUSC	TCGA-34-2596	TCGA-34-2596-01A	classical
TCGA-LUSC	LUSC	TCGA-34-2600	TCGA-34-2600-01A	basal
TCGA-LUSC	LUSC	TCGA-34-2608	TCGA-34-2608-01A	secretory
TCGA-LUSC	LUSC	TCGA-34-5231	TCGA-34-5231-01A	primitive
TCGA-LUSC	LUSC	TCGA-34-5232	TCGA-34-5232-01A	basal
TCGA-LUSC	LUSC	TCGA-34-5234	TCGA-34-5234-01A	secretory
TCGA-LUSC	LUSC	TCGA-34-5236	TCGA-34-5236-01A	classical
TCGA-LUSC	LUSC	TCGA-34-5239	TCGA-34-5239-01A	secretory
TCGA-LUSC	LUSC	TCGA-34-5240	TCGA-34-5240-01A	classical
TCGA-LUSC	LUSC	TCGA-34-5241	TCGA-34-5241-01A	basal
TCGA-LUSC	LUSC	TCGA-34-5927	TCGA-34-5927-01A	primitive
TCGA-LUSC	LUSC	TCGA-34-5928	TCGA-34-5928-01A	secretory
TCGA-LUSC	LUSC	TCGA-34-5929	TCGA-34-5929-01A	primitive
TCGA-LUAD	LUAD	TCGA-35-3615	TCGA-35-3615-01A	4
TCGA-OV	OV	TCGA-36-1568	TCGA-36-1568-01A	Differentiated
TCGA-OV	OV	TCGA-36-1569	TCGA-36-1569-01A	Mesenchymal
TCGA-OV	OV	TCGA-36-1570	TCGA-36-1570-01A	Differentiated
TCGA-OV	OV	TCGA-36-1571	TCGA-36-1571-01A	Proliferative
TCGA-OV	OV	TCGA-36-1574	TCGA-36-1574-01A	Immunoreactive
TCGA-OV	OV	TCGA-36-1575	TCGA-36-1575-01A	Proliferative
TCGA-OV	OV	TCGA-36-1576	TCGA-36-1576-01A	Mesenchymal
TCGA-OV	OV	TCGA-36-1577	TCGA-36-1577-01A	Proliferative
TCGA-OV	OV	TCGA-36-1578	TCGA-36-1578-01A	Immunoreactive
TCGA-OV	OV	TCGA-36-1580	TCGA-36-1580-01A	Mesenchymal
TCGA-OV	OV	TCGA-36-1581	TCGA-36-1581-01A	Immunoreactive
TCGA-LUSC	LUSC	TCGA-37-3783	TCGA-37-3783-01A	basal
TCGA-LUSC	LUSC	TCGA-37-3789	TCGA-37-3789-01A	basal
TCGA-LUSC	LUSC	TCGA-37-4133	TCGA-37-4133-01A	classical
TCGA-LUSC	LUSC	TCGA-37-4135	TCGA-37-4135-01A	primitive
TCGA-LUSC	LUSC	TCGA-37-4141	TCGA-37-4141-01A	primitive
TCGA-LUSC	LUSC	TCGA-37-5819	TCGA-37-5819-01A	primitive
TCGA-LUAD	LUAD	TCGA-38-4626	TCGA-38-4626-01A	5
TCGA-LUAD	LUAD	TCGA-38-4627	TCGA-38-4627-01A	6
TCGA-LUAD	LUAD	TCGA-38-4628	TCGA-38-4628-01A	3
TCGA-LUAD	LUAD	TCGA-38-4631	TCGA-38-4631-01A	6
TCGA-LUAD	LUAD	TCGA-38-4632	TCGA-38-4632-01A	3
TCGA-LUAD	LUAD	TCGA-38-6178	TCGA-38-6178-01A	5
TCGA-LUSC	LUSC	TCGA-39-5016	TCGA-39-5016-01A	classical
TCGA-LUSC	LUSC	TCGA-39-5019	TCGA-39-5019-01A	classical
TCGA-LUSC	LUSC	TCGA-39-5021	TCGA-39-5021-01A	primitive
TCGA-LUSC	LUSC	TCGA-39-5022	TCGA-39-5022-01A	secretory
TCGA-LUSC	LUSC	TCGA-39-5024	TCGA-39-5024-01A	basal
TCGA-LUSC	LUSC	TCGA-39-5027	TCGA-39-5027-01A	classical
TCGA-LUSC	LUSC	TCGA-39-5028	TCGA-39-5028-01A	basal
TCGA-LUSC	LUSC	TCGA-39-5029	TCGA-39-5029-01A	basal
TCGA-LUSC	LUSC	TCGA-39-5030	TCGA-39-5030-01A	secretory
TCGA-LUSC	LUSC	TCGA-39-5031	TCGA-39-5031-01A	basal
TCGA-LUSC	LUSC	TCGA-39-5035	TCGA-39-5035-01A	secretory
TCGA-LUSC	LUSC	TCGA-39-5036	TCGA-39-5036-01A	classical
TCGA-LUSC	LUSC	TCGA-39-5037	TCGA-39-5037-01A	classical
TCGA-LUSC	LUSC	TCGA-39-5039	TCGA-39-5039-01A	basal
TCGA-BRCA	BRCA	TCGA-3C-AAAU	TCGA-3C-AAAU-01A	LumA
TCGA-BRCA	BRCA	TCGA-3C-AALI	TCGA-3C-AALI-01A	Her2
TCGA-BRCA	BRCA	TCGA-3C-AALJ	TCGA-3C-AALJ-01A	LumB
TCGA-BRCA	BRCA	TCGA-3C-AALK	TCGA-3C-AALK-01A	LumA
TCGA-COAD	COAD	TCGA-3L-AA1B	TCGA-3L-AA1B-01A	GI.CIN
TCGA-STAD	STAD	TCGA-3M-AB46	TCGA-3M-AB46-01A	GI.CIN
TCGA-STAD	STAD	TCGA-3M-AB47	TCGA-3M-AB47-01A	GI.GS
TCGA-GBM	GBM	TCGA-41-2571	TCGA-41-2571-01A	Mesenchymal-like
TCGA-GBM	GBM	TCGA-41-2572	TCGA-41-2572-01A	Classic-like
TCGA-GBM	GBM	TCGA-41-2573	TCGA-41-2573-01A	Mesenchymal-like
TCGA-GBM	GBM	TCGA-41-2575	TCGA-41-2575-01A	Mesenchymal-like
TCGA-GBM	GBM	TCGA-41-3392	TCGA-41-3392-01A	Classic-like
TCGA-GBM	GBM	TCGA-41-3393	TCGA-41-3393-01A	Classic-like
TCGA-GBM	GBM	TCGA-41-3915	TCGA-41-3915-01A	Mesenchymal-like
TCGA-GBM	GBM	TCGA-41-4097	TCGA-41-4097-01A	Classic-like
TCGA-GBM	GBM	TCGA-41-5651	TCGA-41-5651-01A	Classic-like
TCGA-GBM	GBM	TCGA-41-6646	TCGA-41-6646-01A	Classic-like
TCGA-GBM	GBM	TCGA-41-6646	TCGA-41-6646-01B	Classic-like
TCGA-LUSC	LUSC	TCGA-43-2578	TCGA-43-2578-01A	primitive
TCGA-LUSC	LUSC	TCGA-43-3394	TCGA-43-3394-01A	classical
TCGA-LUSC	LUSC	TCGA-43-3920	TCGA-43-3920-01A	basal
TCGA-LUSC	LUSC	TCGA-43-5668	TCGA-43-5668-01A	secretory
TCGA-LUSC	LUSC	TCGA-43-6143	TCGA-43-6143-01A	primitive
TCGA-LUSC	LUSC	TCGA-43-6647	TCGA-43-6647-01A	secretory
TCGA-LUSC	LUSC	TCGA-43-6770	TCGA-43-6770-01A	classical
TCGA-LUSC	LUSC	TCGA-43-6771	TCGA-43-6771-01A	basal
TCGA-LUAD	LUAD	TCGA-44-2655	TCGA-44-2655-01A	1
TCGA-LUAD	LUAD	TCGA-44-2656	TCGA-44-2656-01A	3
TCGA-LUAD	LUAD	TCGA-44-2656	TCGA-44-2656-01B	3
TCGA-LUAD	LUAD	TCGA-44-2657	TCGA-44-2657-01A	5
TCGA-LUAD	LUAD	TCGA-44-2659	TCGA-44-2659-01A	3
TCGA-LUAD	LUAD	TCGA-44-2661	TCGA-44-2661-01A	5
TCGA-LUAD	LUAD	TCGA-44-2662	TCGA-44-2662-01A	6
TCGA-LUAD	LUAD	TCGA-44-2662	TCGA-44-2662-01B	6
TCGA-LUAD	LUAD	TCGA-44-2665	TCGA-44-2665-01A	5
TCGA-LUAD	LUAD	TCGA-44-2665	TCGA-44-2665-01B	5
TCGA-LUAD	LUAD	TCGA-44-2666	TCGA-44-2666-01A	4
TCGA-LUAD	LUAD	TCGA-44-2666	TCGA-44-2666-01B	4
TCGA-LUAD	LUAD	TCGA-44-3396	TCGA-44-3396-01A	6
TCGA-LUAD	LUAD	TCGA-44-3919	TCGA-44-3919-01A	3
TCGA-LUAD	LUAD	TCGA-44-4112	TCGA-44-4112-01A	3
TCGA-LUAD	LUAD	TCGA-44-4112	TCGA-44-4112-01B	3
TCGA-LUAD	LUAD	TCGA-44-5645	TCGA-44-5645-01A	5
TCGA-LUAD	LUAD	TCGA-44-5645	TCGA-44-5645-01B	5
TCGA-LUAD	LUAD	TCGA-44-6145	TCGA-44-6145-01A	6
TCGA-LUAD	LUAD	TCGA-44-6146	TCGA-44-6146-01A	1
TCGA-LUAD	LUAD	TCGA-44-6146	TCGA-44-6146-01B	1
TCGA-LUAD	LUAD	TCGA-44-6147	TCGA-44-6147-01A	3
TCGA-LUAD	LUAD	TCGA-44-6147	TCGA-44-6147-01B	3
TCGA-LUAD	LUAD	TCGA-44-6774	TCGA-44-6774-01A	2
TCGA-LUAD	LUAD	TCGA-44-6775	TCGA-44-6775-01A	5
TCGA-LUAD	LUAD	TCGA-44-6775	TCGA-44-6775-01C	5
TCGA-LUAD	LUAD	TCGA-44-6776	TCGA-44-6776-01A	1
TCGA-LUAD	LUAD	TCGA-44-6777	TCGA-44-6777-01A	5
TCGA-LUAD	LUAD	TCGA-44-6779	TCGA-44-6779-01A	6
TCGA-LUAD	LUAD	TCGA-44-7659	TCGA-44-7659-01A	4
TCGA-LUAD	LUAD	TCGA-44-7662	TCGA-44-7662-01A	3
TCGA-LUAD	LUAD	TCGA-44-7670	TCGA-44-7670-01A	2
TCGA-LUAD	LUAD	TCGA-44-7671	TCGA-44-7671-01A	1
TCGA-LUAD	LUAD	TCGA-44-7672	TCGA-44-7672-01A	6
TCGA-LUSC	LUSC	TCGA-46-3765	TCGA-46-3765-01A	classical
TCGA-LUSC	LUSC	TCGA-46-3766	TCGA-46-3766-01A	secretory
TCGA-LUSC	LUSC	TCGA-46-3767	TCGA-46-3767-01A	secretory
TCGA-LUSC	LUSC	TCGA-46-3768	TCGA-46-3768-01A	primitive
TCGA-LUSC	LUSC	TCGA-46-3769	TCGA-46-3769-01A	secretory
TCGA-LUSC	LUSC	TCGA-46-6025	TCGA-46-6025-01A	classical
TCGA-LUSC	LUSC	TCGA-46-6026	TCGA-46-6026-01A	primitive
TCGA-LUAD	LUAD	TCGA-49-4486	TCGA-49-4486-01A	1
TCGA-LUAD	LUAD	TCGA-49-4487	TCGA-49-4487-01A	6
TCGA-LUAD	LUAD	TCGA-49-4488	TCGA-49-4488-01A	3
TCGA-LUAD	LUAD	TCGA-49-4490	TCGA-49-4490-01A	5
TCGA-LUAD	LUAD	TCGA-49-4494	TCGA-49-4494-01A	3
TCGA-LUAD	LUAD	TCGA-49-4501	TCGA-49-4501-01A	5
TCGA-LUAD	LUAD	TCGA-49-4505	TCGA-49-4505-01A	3
TCGA-LUAD	LUAD	TCGA-49-4506	TCGA-49-4506-01A	6
TCGA-LUAD	LUAD	TCGA-49-4507	TCGA-49-4507-01A	6
TCGA-LUAD	LUAD	TCGA-49-4510	TCGA-49-4510-01A	1
TCGA-LUAD	LUAD	TCGA-49-4512	TCGA-49-4512-01A	5
TCGA-LUAD	LUAD	TCGA-49-4514	TCGA-49-4514-01A	6
TCGA-LUAD	LUAD	TCGA-49-6742	TCGA-49-6742-01A	1
TCGA-LUAD	LUAD	TCGA-49-6744	TCGA-49-6744-01A	5
TCGA-LUAD	LUAD	TCGA-49-6745	TCGA-49-6745-01A	4
TCGA-LUAD	LUAD	TCGA-49-6761	TCGA-49-6761-01A	3
TCGA-LUAD	LUAD	TCGA-49-6767	TCGA-49-6767-01A	3
TCGA-UCEC	UCEC	TCGA-4E-A92E	TCGA-4E-A92E-01A	CN LOW
TCGA-BRCA	BRCA	TCGA-4H-AAAK	TCGA-4H-AAAK-01A	LumA
TCGA-COAD	COAD	TCGA-4N-A93T	TCGA-4N-A93T-01A	GI.CIN
TCGA-COAD	COAD	TCGA-4T-AA8H	TCGA-4T-AA8H-01A	GI.CIN
TCGA-GBM	GBM	TCGA-4W-AA9R	TCGA-4W-AA9R-01A	Classic-like
TCGA-GBM	GBM	TCGA-4W-AA9S	TCGA-4W-AA9S-01A	Classic-like
TCGA-GBM	GBM	TCGA-4W-AA9T	TCGA-4W-AA9T-01A	Classic-like
TCGA-LUAD	LUAD	TCGA-50-5044	TCGA-50-5044-01A	6
TCGA-LUAD	LUAD	TCGA-50-5049	TCGA-50-5049-01A	6
TCGA-LUAD	LUAD	TCGA-50-5051	TCGA-50-5051-01A	3
TCGA-LUAD	LUAD	TCGA-50-5055	TCGA-50-5055-01A	6
TCGA-LUAD	LUAD	TCGA-50-5068	TCGA-50-5068-01A	5
TCGA-LUAD	LUAD	TCGA-50-5072	TCGA-50-5072-01A	6
TCGA-LUAD	LUAD	TCGA-50-5931	TCGA-50-5931-01A	2
TCGA-LUAD	LUAD	TCGA-50-5932	TCGA-50-5932-01A	1
TCGA-LUAD	LUAD	TCGA-50-5933	TCGA-50-5933-01A	3
TCGA-LUAD	LUAD	TCGA-50-5935	TCGA-50-5935-01A	4
TCGA-LUAD	LUAD	TCGA-50-5936	TCGA-50-5936-01A	6
TCGA-LUAD	LUAD	TCGA-50-5939	TCGA-50-5939-01A	6
TCGA-LUAD	LUAD	TCGA-50-5941	TCGA-50-5941-01A	5
TCGA-LUAD	LUAD	TCGA-50-5942	TCGA-50-5942-01A	4
TCGA-LUAD	LUAD	TCGA-50-5944	TCGA-50-5944-01A	1
TCGA-LUAD	LUAD	TCGA-50-6593	TCGA-50-6593-01A	3
TCGA-LUAD	LUAD	TCGA-50-6595	TCGA-50-6595-01A	6
TCGA-LUAD	LUAD	TCGA-50-6597	TCGA-50-6597-01A	5
TCGA-LUAD	LUAD	TCGA-50-6673	TCGA-50-6673-01A	5
TCGA-LUAD	LUAD	TCGA-50-7109	TCGA-50-7109-01A	2
TCGA-LUSC	LUSC	TCGA-51-4079	TCGA-51-4079-01A	classical
TCGA-LUSC	LUSC	TCGA-51-4080	TCGA-51-4080-01A	classical
TCGA-LUSC	LUSC	TCGA-51-4081	TCGA-51-4081-01A	classical
TCGA-LUAD	LUAD	TCGA-53-7626	TCGA-53-7626-01A	5
TCGA-LUAD	LUAD	TCGA-53-7813	TCGA-53-7813-01A	2
TCGA-LUAD	LUAD	TCGA-55-1592	TCGA-55-1592-01A	2
TCGA-LUAD	LUAD	TCGA-55-1594	TCGA-55-1594-01A	2
TCGA-LUAD	LUAD	TCGA-55-1596	TCGA-55-1596-01A	2
TCGA-LUAD	LUAD	TCGA-55-6543	TCGA-55-6543-01A	5
TCGA-LUAD	LUAD	TCGA-55-6642	TCGA-55-6642-01A	2
TCGA-LUAD	LUAD	TCGA-55-6712	TCGA-55-6712-01A	3
TCGA-LUAD	LUAD	TCGA-55-6970	TCGA-55-6970-01A	6
TCGA-LUAD	LUAD	TCGA-55-6971	TCGA-55-6971-01A	6
TCGA-LUAD	LUAD	TCGA-55-6972	TCGA-55-6972-01A	1
TCGA-LUAD	LUAD	TCGA-55-6978	TCGA-55-6978-01A	6
TCGA-LUAD	LUAD	TCGA-55-6979	TCGA-55-6979-01A	5
TCGA-LUAD	LUAD	TCGA-55-6980	TCGA-55-6980-01A	5
TCGA-LUAD	LUAD	TCGA-55-6981	TCGA-55-6981-01A	3
TCGA-LUAD	LUAD	TCGA-55-6982	TCGA-55-6982-01A	5
TCGA-LUAD	LUAD	TCGA-55-6983	TCGA-55-6983-01A	4
TCGA-LUAD	LUAD	TCGA-55-6985	TCGA-55-6985-01A	5
TCGA-LUAD	LUAD	TCGA-55-6986	TCGA-55-6986-01A	4
TCGA-LUAD	LUAD	TCGA-55-7281	TCGA-55-7281-01A	3
TCGA-LUAD	LUAD	TCGA-55-7283	TCGA-55-7283-01A	4
TCGA-LUAD	LUAD	TCGA-55-7573	TCGA-55-7573-01A	5
TCGA-LUAD	LUAD	TCGA-55-7574	TCGA-55-7574-01A	6
TCGA-LUAD	LUAD	TCGA-55-7576	TCGA-55-7576-01A	3
TCGA-LUAD	LUAD	TCGA-55-7724	TCGA-55-7724-01A	6
TCGA-LUAD	LUAD	TCGA-55-7725	TCGA-55-7725-01A	4
TCGA-LUAD	LUAD	TCGA-55-7726	TCGA-55-7726-01A	6
TCGA-LUAD	LUAD	TCGA-55-7727	TCGA-55-7727-01A	3
TCGA-LUAD	LUAD	TCGA-55-7728	TCGA-55-7728-01A	6
TCGA-LUAD	LUAD	TCGA-55-7815	TCGA-55-7815-01A	6
TCGA-LUAD	LUAD	TCGA-55-7903	TCGA-55-7903-01A	3
TCGA-LUAD	LUAD	TCGA-55-7907	TCGA-55-7907-01A	3
TCGA-LUAD	LUAD	TCGA-55-7911	TCGA-55-7911-01A	4
TCGA-LUAD	LUAD	TCGA-55-7914	TCGA-55-7914-01A	3
TCGA-LUSC	LUSC	TCGA-56-1622	TCGA-56-1622-01A	primitive
TCGA-LUSC	LUSC	TCGA-56-5897	TCGA-56-5897-01A	basal
TCGA-LUSC	LUSC	TCGA-56-5898	TCGA-56-5898-01A	classical
TCGA-LUSC	LUSC	TCGA-56-6545	TCGA-56-6545-01A	secretory
TCGA-LUSC	LUSC	TCGA-56-6546	TCGA-56-6546-01A	secretory
TCGA-OV	OV	TCGA-57-1582	TCGA-57-1582-01A	Proliferative
TCGA-OV	OV	TCGA-57-1583	TCGA-57-1583-01A	Proliferative
TCGA-OV	OV	TCGA-57-1584	TCGA-57-1584-01A	Differentiated
TCGA-OV	OV	TCGA-57-1585	TCGA-57-1585-01A	Mesenchymal
TCGA-OV	OV	TCGA-57-1586	TCGA-57-1586-01A	Proliferative
TCGA-OV	OV	TCGA-57-1993	TCGA-57-1993-01A	Differentiated
TCGA-OV	OV	TCGA-57-1994	TCGA-57-1994-01A	Immunoreactive
TCGA-OV	OV	TCGA-59-2348	TCGA-59-2348-01A	Differentiated
TCGA-OV	OV	TCGA-59-2350	TCGA-59-2350-01A	Proliferative
TCGA-OV	OV	TCGA-59-2351	TCGA-59-2351-01A	Immunoreactive
TCGA-OV	OV	TCGA-59-2352	TCGA-59-2352-01A	Proliferative
TCGA-OV	OV	TCGA-59-2354	TCGA-59-2354-01A	Mesenchymal
TCGA-OV	OV	TCGA-59-2355	TCGA-59-2355-01A	Differentiated
TCGA-OV	OV	TCGA-59-2363	TCGA-59-2363-01A	Proliferative
TCGA-UCEC	UCEC	TCGA-5B-A90C	TCGA-5B-A90C-01A	CN HIGH
TCGA-BRCA	BRCA	TCGA-5L-AAT0	TCGA-5L-AAT0-01A	LumA
TCGA-BRCA	BRCA	TCGA-5L-AAT1	TCGA-5L-AAT1-01A	LumA
TCGA-COAD	COAD	TCGA-5M-AAT4	TCGA-5M-AAT4-01A	GI.CIN
TCGA-COAD	COAD	TCGA-5M-AAT5	TCGA-5M-AAT5-01A	GI.CIN
TCGA-COAD	COAD	TCGA-5M-AAT6	TCGA-5M-AAT6-01A	GI.MSI
TCGA-COAD	COAD	TCGA-5M-AATA	TCGA-5M-AATA-01A	GI.CIN
TCGA-COAD	COAD	TCGA-5M-AATE	TCGA-5M-AATE-01A	GI.CIN
TCGA-UCEC	UCEC	TCGA-5S-A9Q8	TCGA-5S-A9Q8-01A	CN LOW
TCGA-BRCA	BRCA	TCGA-5T-A9QA	TCGA-5T-A9QA-01A	LumB
TCGA-LUSC	LUSC	TCGA-60-2698	TCGA-60-2698-01A	secretory
TCGA-LUSC	LUSC	TCGA-60-2707	TCGA-60-2707-01A	basal
TCGA-LUSC	LUSC	TCGA-60-2708	TCGA-60-2708-01A	basal
TCGA-LUSC	LUSC	TCGA-60-2709	TCGA-60-2709-01A	secretory
TCGA-LUSC	LUSC	TCGA-60-2710	TCGA-60-2710-01A	classical
TCGA-LUSC	LUSC	TCGA-60-2711	TCGA-60-2711-01A	classical
TCGA-LUSC	LUSC	TCGA-60-2712	TCGA-60-2712-01A	secretory
TCGA-LUSC	LUSC	TCGA-60-2713	TCGA-60-2713-01A	primitive
TCGA-LUSC	LUSC	TCGA-60-2715	TCGA-60-2715-01A	secretory
TCGA-LUSC	LUSC	TCGA-60-2719	TCGA-60-2719-01A	primitive
TCGA-LUSC	LUSC	TCGA-60-2720	TCGA-60-2720-01A	basal
TCGA-LUSC	LUSC	TCGA-60-2721	TCGA-60-2721-01A	basal
TCGA-LUSC	LUSC	TCGA-60-2722	TCGA-60-2722-01A	classical
TCGA-LUSC	LUSC	TCGA-60-2723	TCGA-60-2723-01A	classical
TCGA-LUSC	LUSC	TCGA-60-2724	TCGA-60-2724-01A	basal
TCGA-LUSC	LUSC	TCGA-60-2725	TCGA-60-2725-01A	secretory
TCGA-LUSC	LUSC	TCGA-60-2726	TCGA-60-2726-01A	primitive
TCGA-OV	OV	TCGA-61-1721	TCGA-61-1721-01A	Mesenchymal
TCGA-OV	OV	TCGA-61-1724	TCGA-61-1724-01A	Differentiated
TCGA-OV	OV	TCGA-61-1725	TCGA-61-1725-01A	Immunoreactive
TCGA-OV	OV	TCGA-61-1728	TCGA-61-1728-01A	Differentiated
TCGA-OV	OV	TCGA-61-1733	TCGA-61-1733-01A	Mesenchymal
TCGA-OV	OV	TCGA-61-1736	TCGA-61-1736-01B	Differentiated
TCGA-OV	OV	TCGA-61-1737	TCGA-61-1737-01A	Mesenchymal
TCGA-OV	OV	TCGA-61-1738	TCGA-61-1738-01A	Immunoreactive
TCGA-OV	OV	TCGA-61-1740	TCGA-61-1740-01A	Immunoreactive
TCGA-OV	OV	TCGA-61-1741	TCGA-61-1741-01A	Proliferative
TCGA-OV	OV	TCGA-61-1743	TCGA-61-1743-01A	Proliferative
TCGA-OV	OV	TCGA-61-1895	TCGA-61-1895-01A	Immunoreactive
TCGA-OV	OV	TCGA-61-1899	TCGA-61-1899-01A	Differentiated
TCGA-OV	OV	TCGA-61-1900	TCGA-61-1900-01A	Proliferative
TCGA-OV	OV	TCGA-61-1901	TCGA-61-1901-01A	Differentiated
TCGA-OV	OV	TCGA-61-1904	TCGA-61-1904-01A	Differentiated
TCGA-OV	OV	TCGA-61-1906	TCGA-61-1906-01A	Differentiated
TCGA-OV	OV	TCGA-61-1907	TCGA-61-1907-01A	Immunoreactive
TCGA-OV	OV	TCGA-61-1910	TCGA-61-1910-01A	Differentiated
TCGA-OV	OV	TCGA-61-1911	TCGA-61-1911-01A	Immunoreactive
TCGA-OV	OV	TCGA-61-1913	TCGA-61-1913-01A	Immunoreactive
TCGA-OV	OV	TCGA-61-1914	TCGA-61-1914-01A	Immunoreactive
TCGA-OV	OV	TCGA-61-1915	TCGA-61-1915-01A	Immunoreactive
TCGA-OV	OV	TCGA-61-1917	TCGA-61-1917-01A	Proliferative
TCGA-OV	OV	TCGA-61-1918	TCGA-61-1918-01A	Differentiated
TCGA-OV	OV	TCGA-61-1919	TCGA-61-1919-01A	Mesenchymal
TCGA-OV	OV	TCGA-61-1995	TCGA-61-1995-01A	Immunoreactive
TCGA-OV	OV	TCGA-61-1998	TCGA-61-1998-01A	Mesenchymal
TCGA-OV	OV	TCGA-61-2000	TCGA-61-2000-01A	Immunoreactive
TCGA-OV	OV	TCGA-61-2002	TCGA-61-2002-01A	Immunoreactive
TCGA-OV	OV	TCGA-61-2003	TCGA-61-2003-01A	Mesenchymal
TCGA-OV	OV	TCGA-61-2008	TCGA-61-2008-01A	Differentiated
TCGA-OV	OV	TCGA-61-2009	TCGA-61-2009-01A	Mesenchymal
TCGA-OV	OV	TCGA-61-2012	TCGA-61-2012-01A	Immunoreactive
TCGA-OV	OV	TCGA-61-2016	TCGA-61-2016-01A	Differentiated
TCGA-OV	OV	TCGA-61-2088	TCGA-61-2088-01A	Proliferative
TCGA-OV	OV	TCGA-61-2092	TCGA-61-2092-01A	Differentiated
TCGA-OV	OV	TCGA-61-2094	TCGA-61-2094-01A	Immunoreactive
TCGA-OV	OV	TCGA-61-2095	TCGA-61-2095-01A	Mesenchymal
TCGA-OV	OV	TCGA-61-2097	TCGA-61-2097-01A	Differentiated
TCGA-OV	OV	TCGA-61-2098	TCGA-61-2098-01A	Proliferative
TCGA-OV	OV	TCGA-61-2101	TCGA-61-2101-01A	Differentiated
TCGA-OV	OV	TCGA-61-2102	TCGA-61-2102-01A	Mesenchymal
TCGA-OV	OV	TCGA-61-2104	TCGA-61-2104-01A	Immunoreactive
TCGA-OV	OV	TCGA-61-2109	TCGA-61-2109-01A	Differentiated
TCGA-OV	OV	TCGA-61-2110	TCGA-61-2110-01A	Differentiated
TCGA-OV	OV	TCGA-61-2111	TCGA-61-2111-01A	Proliferative
TCGA-OV	OV	TCGA-61-2113	TCGA-61-2113-01A	Mesenchymal
TCGA-LUSC	LUSC	TCGA-63-5128	TCGA-63-5128-01A	classical
TCGA-LUSC	LUSC	TCGA-63-5131	TCGA-63-5131-01A	primitive
TCGA-LUSC	LUSC	TCGA-63-6202	TCGA-63-6202-01A	secretory
TCGA-LUAD	LUAD	TCGA-64-1676	TCGA-64-1676-01A	3
TCGA-LUAD	LUAD	TCGA-64-1677	TCGA-64-1677-01A	3
TCGA-LUAD	LUAD	TCGA-64-1678	TCGA-64-1678-01A	2
TCGA-LUAD	LUAD	TCGA-64-1679	TCGA-64-1679-01A	5
TCGA-LUAD	LUAD	TCGA-64-1680	TCGA-64-1680-01A	4
TCGA-LUAD	LUAD	TCGA-64-1681	TCGA-64-1681-01A	5
TCGA-LUAD	LUAD	TCGA-64-5774	TCGA-64-5774-01A	2
TCGA-LUAD	LUAD	TCGA-64-5775	TCGA-64-5775-01A	3
TCGA-LUAD	LUAD	TCGA-64-5778	TCGA-64-5778-01A	5
TCGA-LUAD	LUAD	TCGA-64-5781	TCGA-64-5781-01A	6
TCGA-LUSC	LUSC	TCGA-66-2727	TCGA-66-2727-01A	classical
TCGA-LUSC	LUSC	TCGA-66-2734	TCGA-66-2734-01A	basal
TCGA-LUSC	LUSC	TCGA-66-2742	TCGA-66-2742-01A	basal
TCGA-LUSC	LUSC	TCGA-66-2744	TCGA-66-2744-01A	secretory
TCGA-LUSC	LUSC	TCGA-66-2754	TCGA-66-2754-01A	primitive
TCGA-LUSC	LUSC	TCGA-66-2755	TCGA-66-2755-01A	secretory
TCGA-LUSC	LUSC	TCGA-66-2756	TCGA-66-2756-01A	primitive
TCGA-LUSC	LUSC	TCGA-66-2757	TCGA-66-2757-01A	primitive
TCGA-LUSC	LUSC	TCGA-66-2758	TCGA-66-2758-01A	primitive
TCGA-LUSC	LUSC	TCGA-66-2759	TCGA-66-2759-01A	classical
TCGA-LUSC	LUSC	TCGA-66-2763	TCGA-66-2763-01A	basal
TCGA-LUSC	LUSC	TCGA-66-2765	TCGA-66-2765-01A	basal
TCGA-LUSC	LUSC	TCGA-66-2766	TCGA-66-2766-01A	classical
TCGA-LUSC	LUSC	TCGA-66-2767	TCGA-66-2767-01A	secretory
TCGA-LUSC	LUSC	TCGA-66-2768	TCGA-66-2768-01A	basal
TCGA-LUSC	LUSC	TCGA-66-2770	TCGA-66-2770-01A	classical
TCGA-LUSC	LUSC	TCGA-66-2771	TCGA-66-2771-01A	secretory
TCGA-LUSC	LUSC	TCGA-66-2773	TCGA-66-2773-01A	basal
TCGA-LUSC	LUSC	TCGA-66-2777	TCGA-66-2777-01A	secretory
TCGA-LUSC	LUSC	TCGA-66-2778	TCGA-66-2778-01A	basal
TCGA-LUSC	LUSC	TCGA-66-2780	TCGA-66-2780-01A	basal
TCGA-LUSC	LUSC	TCGA-66-2781	TCGA-66-2781-01A	basal
TCGA-LUSC	LUSC	TCGA-66-2782	TCGA-66-2782-01A	basal
TCGA-LUSC	LUSC	TCGA-66-2783	TCGA-66-2783-01A	classical
TCGA-LUSC	LUSC	TCGA-66-2785	TCGA-66-2785-01A	secretory
TCGA-LUSC	LUSC	TCGA-66-2786	TCGA-66-2786-01A	secretory
TCGA-LUSC	LUSC	TCGA-66-2787	TCGA-66-2787-01A	classical
TCGA-LUSC	LUSC	TCGA-66-2788	TCGA-66-2788-01A	basal
TCGA-LUSC	LUSC	TCGA-66-2789	TCGA-66-2789-01A	secretory
TCGA-LUSC	LUSC	TCGA-66-2791	TCGA-66-2791-01A	classical
TCGA-LUSC	LUSC	TCGA-66-2792	TCGA-66-2792-01A	classical
TCGA-LUSC	LUSC	TCGA-66-2793	TCGA-66-2793-01A	primitive
TCGA-LUSC	LUSC	TCGA-66-2794	TCGA-66-2794-01A	classical
TCGA-LUSC	LUSC	TCGA-66-2795	TCGA-66-2795-01A	classical
TCGA-LUSC	LUSC	TCGA-66-2800	TCGA-66-2800-01A	classical
TCGA-LUAD	LUAD	TCGA-67-3771	TCGA-67-3771-01A	2
TCGA-LUAD	LUAD	TCGA-67-3772	TCGA-67-3772-01A	5
TCGA-LUAD	LUAD	TCGA-67-3773	TCGA-67-3773-01A	4
TCGA-LUAD	LUAD	TCGA-67-3774	TCGA-67-3774-01A	1
TCGA-LUAD	LUAD	TCGA-67-6215	TCGA-67-6215-01A	4
TCGA-LUAD	LUAD	TCGA-67-6216	TCGA-67-6216-01A	4
TCGA-LUAD	LUAD	TCGA-67-6217	TCGA-67-6217-01A	5
TCGA-LUAD	LUAD	TCGA-69-7760	TCGA-69-7760-01A	5
TCGA-LUAD	LUAD	TCGA-69-7761	TCGA-69-7761-01A	6
TCGA-LUAD	LUAD	TCGA-69-7763	TCGA-69-7763-01A	4
TCGA-LUAD	LUAD	TCGA-69-7764	TCGA-69-7764-01A	1
TCGA-LUAD	LUAD	TCGA-69-7765	TCGA-69-7765-01A	3
TCGA-LUAD	LUAD	TCGA-69-7980	TCGA-69-7980-01A	5
TCGA-LUSC	LUSC	TCGA-70-6722	TCGA-70-6722-01A	secretory
TCGA-LUSC	LUSC	TCGA-70-6723	TCGA-70-6723-01A	classical
TCGA-LUAD	LUAD	TCGA-71-6725	TCGA-71-6725-01A	3
TCGA-LUAD	LUAD	TCGA-73-4658	TCGA-73-4658-01A	4
TCGA-LUAD	LUAD	TCGA-73-4659	TCGA-73-4659-01A	2
TCGA-LUAD	LUAD	TCGA-73-4662	TCGA-73-4662-01A	3
TCGA-LUAD	LUAD	TCGA-73-4675	TCGA-73-4675-01A	4
TCGA-LUAD	LUAD	TCGA-73-4676	TCGA-73-4676-01A	3
TCGA-LUAD	LUAD	TCGA-73-7498	TCGA-73-7498-01A	1
TCGA-LUAD	LUAD	TCGA-73-7499	TCGA-73-7499-01A	5
TCGA-GBM	GBM	TCGA-74-6573	TCGA-74-6573-01A	Mesenchymal-like
TCGA-GBM	GBM	TCGA-74-6575	TCGA-74-6575-01A	Mesenchymal-like
TCGA-GBM	GBM	TCGA-74-6577	TCGA-74-6577-01A	Mesenchymal-like
TCGA-GBM	GBM	TCGA-74-6578	TCGA-74-6578-01A	Classic-like
TCGA-GBM	GBM	TCGA-74-6584	TCGA-74-6584-01A	Mesenchymal-like
TCGA-LUAD	LUAD	TCGA-75-5122	TCGA-75-5122-01A	6
TCGA-LUAD	LUAD	TCGA-75-5126	TCGA-75-5126-01A	6
TCGA-LUAD	LUAD	TCGA-75-5146	TCGA-75-5146-01A	5
TCGA-LUAD	LUAD	TCGA-75-5147	TCGA-75-5147-01A	5
TCGA-LUAD	LUAD	TCGA-75-6203	TCGA-75-6203-01A	5
TCGA-LUAD	LUAD	TCGA-75-6205	TCGA-75-6205-01A	6
TCGA-LUAD	LUAD	TCGA-75-6207	TCGA-75-6207-01A	3
TCGA-LUAD	LUAD	TCGA-75-6211	TCGA-75-6211-01A	2
TCGA-LUAD	LUAD	TCGA-75-6212	TCGA-75-6212-01A	5
TCGA-LUAD	LUAD	TCGA-75-6214	TCGA-75-6214-01A	2
TCGA-LUAD	LUAD	TCGA-75-7025	TCGA-75-7025-01A	5
TCGA-LUAD	LUAD	TCGA-75-7027	TCGA-75-7027-01A	2
TCGA-LUAD	LUAD	TCGA-75-7030	TCGA-75-7030-01A	6
TCGA-LUAD	LUAD	TCGA-75-7031	TCGA-75-7031-01A	2
TCGA-GBM	GBM	TCGA-76-4925	TCGA-76-4925-01A	Classic-like
TCGA-GBM	GBM	TCGA-76-4926	TCGA-76-4926-01B	Mesenchymal-like
TCGA-GBM	GBM	TCGA-76-4927	TCGA-76-4927-01A	Classic-like
TCGA-GBM	GBM	TCGA-76-4928	TCGA-76-4928-01B	Mesenchymal-like
TCGA-GBM	GBM	TCGA-76-4929	TCGA-76-4929-01A	Classic-like
TCGA-GBM	GBM	TCGA-76-4931	TCGA-76-4931-01A	Mesenchymal-like
TCGA-GBM	GBM	TCGA-76-4932	TCGA-76-4932-01A	Classic-like
TCGA-GBM	GBM	TCGA-76-4934	TCGA-76-4934-01A	Mesenchymal-like
TCGA-GBM	GBM	TCGA-76-4935	TCGA-76-4935-01A	Mesenchymal-like
TCGA-GBM	GBM	TCGA-76-6191	TCGA-76-6191-01A	Mesenchymal-like
TCGA-GBM	GBM	TCGA-76-6192	TCGA-76-6192-01A	Mesenchymal-like
TCGA-GBM	GBM	TCGA-76-6193	TCGA-76-6193-01A	Mesenchymal-like
TCGA-GBM	GBM	TCGA-76-6280	TCGA-76-6280-01A	Classic-like
TCGA-GBM	GBM	TCGA-76-6282	TCGA-76-6282-01A	Mesenchymal-like
TCGA-GBM	GBM	TCGA-76-6283	TCGA-76-6283-01A	Classic-like
TCGA-GBM	GBM	TCGA-76-6285	TCGA-76-6285-01A	Mesenchymal-like
TCGA-GBM	GBM	TCGA-76-6286	TCGA-76-6286-01A	Classic-like
TCGA-GBM	GBM	TCGA-76-6656	TCGA-76-6656-01A	Classic-like
TCGA-GBM	GBM	TCGA-76-6657	TCGA-76-6657-01A	Classic-like
TCGA-GBM	GBM	TCGA-76-6660	TCGA-76-6660-01A	Classic-like
TCGA-GBM	GBM	TCGA-76-6661	TCGA-76-6661-01A	Classic-like
TCGA-GBM	GBM	TCGA-76-6661	TCGA-76-6661-01B	Classic-like
TCGA-GBM	GBM	TCGA-76-6662	TCGA-76-6662-01A	Classic-like
TCGA-GBM	GBM	TCGA-76-6663	TCGA-76-6663-01A	Classic-like
TCGA-GBM	GBM	TCGA-76-6664	TCGA-76-6664-01A	Mesenchymal-like
TCGA-LUAD	LUAD	TCGA-78-7143	TCGA-78-7143-01A	3
TCGA-LUAD	LUAD	TCGA-78-7145	TCGA-78-7145-01A	3
TCGA-LUAD	LUAD	TCGA-78-7147	TCGA-78-7147-01A	3
TCGA-LUAD	LUAD	TCGA-78-7148	TCGA-78-7148-01A	1
TCGA-LUAD	LUAD	TCGA-78-7149	TCGA-78-7149-01A	1
TCGA-LUAD	LUAD	TCGA-78-7150	TCGA-78-7150-01A	2
TCGA-LUAD	LUAD	TCGA-78-7152	TCGA-78-7152-01A	4
TCGA-LUAD	LUAD	TCGA-78-7153	TCGA-78-7153-01A	4
TCGA-LUAD	LUAD	TCGA-78-7154	TCGA-78-7154-01A	4
TCGA-LUAD	LUAD	TCGA-78-7155	TCGA-78-7155-01A	2
TCGA-LUAD	LUAD	TCGA-78-7156	TCGA-78-7156-01A	1
TCGA-LUAD	LUAD	TCGA-78-7158	TCGA-78-7158-01A	4
TCGA-LUAD	LUAD	TCGA-78-7159	TCGA-78-7159-01A	2
TCGA-LUAD	LUAD	TCGA-78-7160	TCGA-78-7160-01A	6
TCGA-LUAD	LUAD	TCGA-78-7161	TCGA-78-7161-01A	2
TCGA-LUAD	LUAD	TCGA-78-7162	TCGA-78-7162-01A	5
TCGA-LUAD	LUAD	TCGA-78-7163	TCGA-78-7163-01A	1
TCGA-LUAD	LUAD	TCGA-78-7166	TCGA-78-7166-01A	1
TCGA-LUAD	LUAD	TCGA-78-7167	TCGA-78-7167-01A	1
TCGA-LUAD	LUAD	TCGA-78-7535	TCGA-78-7535-01A	3
TCGA-LUAD	LUAD	TCGA-78-7536	TCGA-78-7536-01A	2
TCGA-LUAD	LUAD	TCGA-78-7537	TCGA-78-7537-01A	4
TCGA-LUAD	LUAD	TCGA-78-7539	TCGA-78-7539-01A	3
TCGA-LUAD	LUAD	TCGA-78-7540	TCGA-78-7540-01A	4
TCGA-LUAD	LUAD	TCGA-78-7542	TCGA-78-7542-01A	3
TCGA-LUAD	LUAD	TCGA-78-7633	TCGA-78-7633-01A	1
TCGA-LUAD	LUAD	TCGA-80-5607	TCGA-80-5607-01A	4
TCGA-LUAD	LUAD	TCGA-80-5608	TCGA-80-5608-01A	2
TCGA-GBM	GBM	TCGA-81-5910	TCGA-81-5910-01A	Mesenchymal-like
TCGA-GBM	GBM	TCGA-81-5911	TCGA-81-5911-01A	Classic-like
TCGA-LUSC	LUSC	TCGA-85-6175	TCGA-85-6175-01A	secretory
TCGA-LUSC	LUSC	TCGA-85-6560	TCGA-85-6560-01A	primitive
TCGA-LUSC	LUSC	TCGA-85-6561	TCGA-85-6561-01A	classical
TCGA-LUAD	LUAD	TCGA-86-6562	TCGA-86-6562-01A	3
TCGA-LUAD	LUAD	TCGA-86-6851	TCGA-86-6851-01A	5
TCGA-LUAD	LUAD	TCGA-86-7713	TCGA-86-7713-01A	2
TCGA-LUAD	LUAD	TCGA-86-7714	TCGA-86-7714-01A	4
TCGA-GBM	GBM	TCGA-87-5896	TCGA-87-5896-01A	Classic-like
TCGA-LUAD	LUAD	TCGA-91-6828	TCGA-91-6828-01A	3
TCGA-LUAD	LUAD	TCGA-91-6829	TCGA-91-6829-01A	2
TCGA-LUAD	LUAD	TCGA-91-6835	TCGA-91-6835-01A	5
TCGA-LUAD	LUAD	TCGA-91-6840	TCGA-91-6840-01A	2
TCGA-LUAD	LUAD	TCGA-91-6847	TCGA-91-6847-01A	3
TCGA-LUAD	LUAD	TCGA-91-6849	TCGA-91-6849-01A	4
TCGA-LUAD	LUAD	TCGA-91-7771	TCGA-91-7771-01A	6
TCGA-LUAD	LUAD	TCGA-93-7347	TCGA-93-7347-01A	5
TCGA-LUAD	LUAD	TCGA-93-7348	TCGA-93-7348-01A	5
TCGA-LUAD	LUAD	TCGA-95-7039	TCGA-95-7039-01A	3
TCGA-LUAD	LUAD	TCGA-95-7043	TCGA-95-7043-01A	2
TCGA-LUAD	LUAD	TCGA-95-7567	TCGA-95-7567-01A	3
TCGA-LUAD	LUAD	TCGA-95-7947	TCGA-95-7947-01A	5
TCGA-LUAD	LUAD	TCGA-95-7948	TCGA-95-7948-01A	3
TCGA-LUAD	LUAD	TCGA-97-7546	TCGA-97-7546-01A	5
TCGA-LUAD	LUAD	TCGA-97-7552	TCGA-97-7552-01A	6
TCGA-LUAD	LUAD	TCGA-97-7553	TCGA-97-7553-01A	5
TCGA-LUAD	LUAD	TCGA-97-7554	TCGA-97-7554-01A	3
TCGA-LUAD	LUAD	TCGA-97-7937	TCGA-97-7937-01A	3
TCGA-LUAD	LUAD	TCGA-97-7938	TCGA-97-7938-01A	5
TCGA-LUAD	LUAD	TCGA-97-7941	TCGA-97-7941-01A	5
TCGA-LUAD	LUAD	TCGA-99-7458	TCGA-99-7458-01A	5
TCGA-BRCA	BRCA	TCGA-A1-A0SB	TCGA-A1-A0SB-01A	Normal
TCGA-BRCA	BRCA	TCGA-A1-A0SD	TCGA-A1-A0SD-01A	LumA
TCGA-BRCA	BRCA	TCGA-A1-A0SE	TCGA-A1-A0SE-01A	LumA
TCGA-BRCA	BRCA	TCGA-A1-A0SF	TCGA-A1-A0SF-01A	LumA
TCGA-BRCA	BRCA	TCGA-A1-A0SG	TCGA-A1-A0SG-01A	LumA
TCGA-BRCA	BRCA	TCGA-A1-A0SH	TCGA-A1-A0SH-01A	LumA
TCGA-BRCA	BRCA	TCGA-A1-A0SI	TCGA-A1-A0SI-01A	LumB
TCGA-BRCA	BRCA	TCGA-A1-A0SJ	TCGA-A1-A0SJ-01A	LumA
TCGA-BRCA	BRCA	TCGA-A1-A0SK	TCGA-A1-A0SK-01A	Basal
TCGA-BRCA	BRCA	TCGA-A1-A0SM	TCGA-A1-A0SM-01A	LumA
TCGA-BRCA	BRCA	TCGA-A1-A0SN	TCGA-A1-A0SN-01A	LumB
TCGA-BRCA	BRCA	TCGA-A1-A0SO	TCGA-A1-A0SO-01A	Basal
TCGA-BRCA	BRCA	TCGA-A1-A0SP	TCGA-A1-A0SP-01A	Basal
TCGA-BRCA	BRCA	TCGA-A1-A0SQ	TCGA-A1-A0SQ-01A	LumA
TCGA-BRCA	BRCA	TCGA-A2-A04N	TCGA-A2-A04N-01A	LumA
TCGA-BRCA	BRCA	TCGA-A2-A04P	TCGA-A2-A04P-01A	Basal
TCGA-BRCA	BRCA	TCGA-A2-A04Q	TCGA-A2-A04Q-01A	Basal
TCGA-BRCA	BRCA	TCGA-A2-A04R	TCGA-A2-A04R-01A	LumB
TCGA-BRCA	BRCA	TCGA-A2-A04T	TCGA-A2-A04T-01A	Basal
TCGA-BRCA	BRCA	TCGA-A2-A04U	TCGA-A2-A04U-01A	Basal
TCGA-BRCA	BRCA	TCGA-A2-A04V	TCGA-A2-A04V-01A	LumA
TCGA-BRCA	BRCA	TCGA-A2-A04W	TCGA-A2-A04W-01A	Her2
TCGA-BRCA	BRCA	TCGA-A2-A04X	TCGA-A2-A04X-01A	Her2
TCGA-BRCA	BRCA	TCGA-A2-A04Y	TCGA-A2-A04Y-01A	LumB
TCGA-BRCA	BRCA	TCGA-A2-A0CK	TCGA-A2-A0CK-01A	LumA
TCGA-BRCA	BRCA	TCGA-A2-A0CL	TCGA-A2-A0CL-01A	Normal
TCGA-BRCA	BRCA	TCGA-A2-A0CM	TCGA-A2-A0CM-01A	Basal
TCGA-BRCA	BRCA	TCGA-A2-A0CO	TCGA-A2-A0CO-01A	LumA
TCGA-BRCA	BRCA	TCGA-A2-A0CP	TCGA-A2-A0CP-01A	LumA
TCGA-BRCA	BRCA	TCGA-A2-A0CQ	TCGA-A2-A0CQ-01A	LumA
TCGA-BRCA	BRCA	TCGA-A2-A0CR	TCGA-A2-A0CR-01A	LumA
TCGA-BRCA	BRCA	TCGA-A2-A0CS	TCGA-A2-A0CS-01A	LumA
TCGA-BRCA	BRCA	TCGA-A2-A0CT	TCGA-A2-A0CT-01A	LumA
TCGA-BRCA	BRCA	TCGA-A2-A0CU	TCGA-A2-A0CU-01A	LumA
TCGA-BRCA	BRCA	TCGA-A2-A0CV	TCGA-A2-A0CV-01A	LumA
TCGA-BRCA	BRCA	TCGA-A2-A0CW	TCGA-A2-A0CW-01A	LumB
TCGA-BRCA	BRCA	TCGA-A2-A0CX	TCGA-A2-A0CX-01A	Her2
TCGA-BRCA	BRCA	TCGA-A2-A0CY	TCGA-A2-A0CY-01A	LumB
TCGA-BRCA	BRCA	TCGA-A2-A0CZ	TCGA-A2-A0CZ-01A	Normal
TCGA-BRCA	BRCA	TCGA-A2-A0D0	TCGA-A2-A0D0-01A	Basal
TCGA-BRCA	BRCA	TCGA-A2-A0D1	TCGA-A2-A0D1-01A	Her2
TCGA-BRCA	BRCA	TCGA-A2-A0D2	TCGA-A2-A0D2-01A	Basal
TCGA-BRCA	BRCA	TCGA-A2-A0D3	TCGA-A2-A0D3-01A	LumA
TCGA-BRCA	BRCA	TCGA-A2-A0D4	TCGA-A2-A0D4-01A	LumB
TCGA-BRCA	BRCA	TCGA-A2-A0EM	TCGA-A2-A0EM-01A	LumA
TCGA-BRCA	BRCA	TCGA-A2-A0EN	TCGA-A2-A0EN-01A	LumA
TCGA-BRCA	BRCA	TCGA-A2-A0EO	TCGA-A2-A0EO-01A	LumA
TCGA-BRCA	BRCA	TCGA-A2-A0EP	TCGA-A2-A0EP-01A	LumA
TCGA-BRCA	BRCA	TCGA-A2-A0EQ	TCGA-A2-A0EQ-01A	Her2
TCGA-BRCA	BRCA	TCGA-A2-A0ER	TCGA-A2-A0ER-01A	LumA
TCGA-BRCA	BRCA	TCGA-A2-A0ES	TCGA-A2-A0ES-01A	LumA
TCGA-BRCA	BRCA	TCGA-A2-A0ET	TCGA-A2-A0ET-01A	LumA
TCGA-BRCA	BRCA	TCGA-A2-A0EU	TCGA-A2-A0EU-01A	LumA
TCGA-BRCA	BRCA	TCGA-A2-A0EV	TCGA-A2-A0EV-01A	LumA
TCGA-BRCA	BRCA	TCGA-A2-A0EW	TCGA-A2-A0EW-01A	LumA
TCGA-BRCA	BRCA	TCGA-A2-A0EX	TCGA-A2-A0EX-01A	LumA
TCGA-BRCA	BRCA	TCGA-A2-A0EY	TCGA-A2-A0EY-01A	LumB
TCGA-BRCA	BRCA	TCGA-A2-A0ST	TCGA-A2-A0ST-01A	Basal
TCGA-BRCA	BRCA	TCGA-A2-A0SU	TCGA-A2-A0SU-01A	LumA
TCGA-BRCA	BRCA	TCGA-A2-A0SV	TCGA-A2-A0SV-01A	LumB
TCGA-BRCA	BRCA	TCGA-A2-A0SW	TCGA-A2-A0SW-01A	LumB
TCGA-BRCA	BRCA	TCGA-A2-A0SX	TCGA-A2-A0SX-01A	Basal
TCGA-BRCA	BRCA	TCGA-A2-A0SY	TCGA-A2-A0SY-01A	LumA
TCGA-BRCA	BRCA	TCGA-A2-A0T0	TCGA-A2-A0T0-01A	Basal
TCGA-BRCA	BRCA	TCGA-A2-A0T1	TCGA-A2-A0T1-01A	Her2
TCGA-BRCA	BRCA	TCGA-A2-A0T2	TCGA-A2-A0T2-01A	Basal
TCGA-BRCA	BRCA	TCGA-A2-A0T3	TCGA-A2-A0T3-01A	LumB
TCGA-BRCA	BRCA	TCGA-A2-A0T4	TCGA-A2-A0T4-01A	LumA
TCGA-BRCA	BRCA	TCGA-A2-A0T5	TCGA-A2-A0T5-01A	LumA
TCGA-BRCA	BRCA	TCGA-A2-A0T6	TCGA-A2-A0T6-01A	LumA
TCGA-BRCA	BRCA	TCGA-A2-A0T7	TCGA-A2-A0T7-01A	LumA
TCGA-BRCA	BRCA	TCGA-A2-A0YC	TCGA-A2-A0YC-01A	LumA
TCGA-BRCA	BRCA	TCGA-A2-A0YD	TCGA-A2-A0YD-01A	LumA
TCGA-BRCA	BRCA	TCGA-A2-A0YE	TCGA-A2-A0YE-01A	Basal
TCGA-BRCA	BRCA	TCGA-A2-A0YF	TCGA-A2-A0YF-01A	LumA
TCGA-BRCA	BRCA	TCGA-A2-A0YG	TCGA-A2-A0YG-01A	LumB
TCGA-BRCA	BRCA	TCGA-A2-A0YH	TCGA-A2-A0YH-01A	LumB
TCGA-BRCA	BRCA	TCGA-A2-A0YI	TCGA-A2-A0YI-01A	LumA
TCGA-BRCA	BRCA	TCGA-A2-A0YJ	TCGA-A2-A0YJ-01A	Basal
TCGA-BRCA	BRCA	TCGA-A2-A0YK	TCGA-A2-A0YK-01A	Normal
TCGA-BRCA	BRCA	TCGA-A2-A0YL	TCGA-A2-A0YL-01A	LumA
TCGA-BRCA	BRCA	TCGA-A2-A0YM	TCGA-A2-A0YM-01A	Basal
TCGA-BRCA	BRCA	TCGA-A2-A0YT	TCGA-A2-A0YT-01A	LumB
TCGA-BRCA	BRCA	TCGA-A2-A1FV	TCGA-A2-A1FV-01A	LumA
TCGA-BRCA	BRCA	TCGA-A2-A1FW	TCGA-A2-A1FW-01A	LumB
TCGA-BRCA	BRCA	TCGA-A2-A1FX	TCGA-A2-A1FX-01A	LumB
TCGA-BRCA	BRCA	TCGA-A2-A1FZ	TCGA-A2-A1FZ-01A	LumA
TCGA-BRCA	BRCA	TCGA-A2-A1G0	TCGA-A2-A1G0-01A	LumA
TCGA-BRCA	BRCA	TCGA-A2-A1G1	TCGA-A2-A1G1-01A	Basal
TCGA-BRCA	BRCA	TCGA-A2-A1G4	TCGA-A2-A1G4-01A	LumB
TCGA-BRCA	BRCA	TCGA-A2-A1G6	TCGA-A2-A1G6-01A	Normal
TCGA-BRCA	BRCA	TCGA-A2-A259	TCGA-A2-A259-01A	LumA
TCGA-BRCA	BRCA	TCGA-A2-A25A	TCGA-A2-A25A-01A	Normal
TCGA-BRCA	BRCA	TCGA-A2-A25B	TCGA-A2-A25B-01A	LumB
TCGA-BRCA	BRCA	TCGA-A2-A25C	TCGA-A2-A25C-01A	LumB
TCGA-BRCA	BRCA	TCGA-A2-A25D	TCGA-A2-A25D-01A	LumA
TCGA-BRCA	BRCA	TCGA-A2-A25E	TCGA-A2-A25E-01A	LumB
TCGA-BRCA	BRCA	TCGA-A2-A25F	TCGA-A2-A25F-01A	Basal
TCGA-BRCA	BRCA	TCGA-A2-A3KC	TCGA-A2-A3KC-01A	LumA
TCGA-BRCA	BRCA	TCGA-A2-A3KD	TCGA-A2-A3KD-01A	LumA
TCGA-BRCA	BRCA	TCGA-A2-A3XS	TCGA-A2-A3XS-01A	Basal
TCGA-BRCA	BRCA	TCGA-A2-A3XT	TCGA-A2-A3XT-01A	Basal
TCGA-BRCA	BRCA	TCGA-A2-A3XU	TCGA-A2-A3XU-01A	Basal
TCGA-BRCA	BRCA	TCGA-A2-A3XV	TCGA-A2-A3XV-01A	Her2
TCGA-BRCA	BRCA	TCGA-A2-A3XW	TCGA-A2-A3XW-01A	Normal
TCGA-BRCA	BRCA	TCGA-A2-A3XX	TCGA-A2-A3XX-01A	Basal
TCGA-BRCA	BRCA	TCGA-A2-A3XY	TCGA-A2-A3XY-01A	Basal
TCGA-BRCA	BRCA	TCGA-A2-A3XZ	TCGA-A2-A3XZ-01A	Her2
TCGA-BRCA	BRCA	TCGA-A2-A3Y0	TCGA-A2-A3Y0-01A	Basal
TCGA-BRCA	BRCA	TCGA-A2-A4RW	TCGA-A2-A4RW-01A	LumA
TCGA-BRCA	BRCA	TCGA-A2-A4RX	TCGA-A2-A4RX-01A	Basal
TCGA-BRCA	BRCA	TCGA-A2-A4RY	TCGA-A2-A4RY-01A	Normal
TCGA-BRCA	BRCA	TCGA-A2-A4S0	TCGA-A2-A4S0-01A	LumA
TCGA-BRCA	BRCA	TCGA-A2-A4S1	TCGA-A2-A4S1-01A	Basal
TCGA-BRCA	BRCA	TCGA-A2-A4S2	TCGA-A2-A4S2-01A	LumA
TCGA-BRCA	BRCA	TCGA-A2-A4S3	TCGA-A2-A4S3-01A	LumB
TCGA-KIRC	KIRC	TCGA-A3-3307	TCGA-A3-3307-01A	1
TCGA-KIRC	KIRC	TCGA-A3-3308	TCGA-A3-3308-01A	3
TCGA-KIRC	KIRC	TCGA-A3-3311	TCGA-A3-3311-01A	1
TCGA-KIRC	KIRC	TCGA-A3-3316	TCGA-A3-3316-01A	3
TCGA-KIRC	KIRC	TCGA-A3-3317	TCGA-A3-3317-01A	2
TCGA-KIRC	KIRC	TCGA-A3-3319	TCGA-A3-3319-01A	3
TCGA-KIRC	KIRC	TCGA-A3-3320	TCGA-A3-3320-01A	1
TCGA-KIRC	KIRC	TCGA-A3-3322	TCGA-A3-3322-01A	2
TCGA-KIRC	KIRC	TCGA-A3-3323	TCGA-A3-3323-01A	2
TCGA-KIRC	KIRC	TCGA-A3-3324	TCGA-A3-3324-01A	2
TCGA-KIRC	KIRC	TCGA-A3-3325	TCGA-A3-3325-01A	1
TCGA-KIRC	KIRC	TCGA-A3-3329	TCGA-A3-3329-01A	1
TCGA-KIRC	KIRC	TCGA-A3-3331	TCGA-A3-3331-01A	1
TCGA-KIRC	KIRC	TCGA-A3-3343	TCGA-A3-3343-01A	1
TCGA-KIRC	KIRC	TCGA-A3-3347	TCGA-A3-3347-01A	3
TCGA-KIRC	KIRC	TCGA-A3-3349	TCGA-A3-3349-01A	3
TCGA-KIRC	KIRC	TCGA-A3-3351	TCGA-A3-3351-01A	2
TCGA-KIRC	KIRC	TCGA-A3-3352	TCGA-A3-3352-01A	1
TCGA-KIRC	KIRC	TCGA-A3-3357	TCGA-A3-3357-01A	1
TCGA-KIRC	KIRC	TCGA-A3-3358	TCGA-A3-3358-01A	4
TCGA-KIRC	KIRC	TCGA-A3-3359	TCGA-A3-3359-01A	2
TCGA-KIRC	KIRC	TCGA-A3-3362	TCGA-A3-3362-01A	1
TCGA-KIRC	KIRC	TCGA-A3-3363	TCGA-A3-3363-01A	4
TCGA-KIRC	KIRC	TCGA-A3-3365	TCGA-A3-3365-01A	1
TCGA-KIRC	KIRC	TCGA-A3-3367	TCGA-A3-3367-01A	1
TCGA-KIRC	KIRC	TCGA-A3-3370	TCGA-A3-3370-01A	1
TCGA-KIRC	KIRC	TCGA-A3-3372	TCGA-A3-3372-01A	2
TCGA-KIRC	KIRC	TCGA-A3-3373	TCGA-A3-3373-01A	1
TCGA-KIRC	KIRC	TCGA-A3-3378	TCGA-A3-3378-01A	2
TCGA-KIRC	KIRC	TCGA-A3-3380	TCGA-A3-3380-01A	1
TCGA-KIRC	KIRC	TCGA-A3-3382	TCGA-A3-3382-01A	3
TCGA-KIRC	KIRC	TCGA-A3-3385	TCGA-A3-3385-01A	1
TCGA-KIRC	KIRC	TCGA-A3-3387	TCGA-A3-3387-01A	3
TCGA-KIRP	KIRP	TCGA-A4-7286	TCGA-A4-7286-01A	C2a
TCGA-KIRP	KIRP	TCGA-A4-7288	TCGA-A4-7288-01A	C1
TCGA-KIRP	KIRP	TCGA-A4-7583	TCGA-A4-7583-01A	C1
TCGA-KIRP	KIRP	TCGA-A4-7584	TCGA-A4-7584-01A	C1
TCGA-KIRP	KIRP	TCGA-A4-7585	TCGA-A4-7585-01A	C2a
TCGA-KIRP	KIRP	TCGA-A4-7732	TCGA-A4-7732-01A	C1
TCGA-KIRP	KIRP	TCGA-A4-7734	TCGA-A4-7734-01A	C1
TCGA-KIRP	KIRP	TCGA-A4-7915	TCGA-A4-7915-01A	C2c - CIMP
TCGA-KIRP	KIRP	TCGA-A4-7996	TCGA-A4-7996-01A	C1
TCGA-KIRP	KIRP	TCGA-A4-7997	TCGA-A4-7997-01A	C1
TCGA-KIRP	KIRP	TCGA-A4-8098	TCGA-A4-8098-01A	C2b
TCGA-KIRP	KIRP	TCGA-A4-8310	TCGA-A4-8310-01A	C1
TCGA-KIRP	KIRP	TCGA-A4-8311	TCGA-A4-8311-01A	C1
TCGA-KIRP	KIRP	TCGA-A4-8312	TCGA-A4-8312-01A	C2a
TCGA-KIRP	KIRP	TCGA-A4-8515	TCGA-A4-8515-01A	C1
TCGA-KIRP	KIRP	TCGA-A4-8516	TCGA-A4-8516-01A	C1
TCGA-KIRP	KIRP	TCGA-A4-8517	TCGA-A4-8517-01A	C1
TCGA-KIRP	KIRP	TCGA-A4-8518	TCGA-A4-8518-01A	C2a
TCGA-KIRP	KIRP	TCGA-A4-8630	TCGA-A4-8630-01A	C1
TCGA-KIRP	KIRP	TCGA-A4-A48D	TCGA-A4-A48D-01A	C2a
TCGA-KIRP	KIRP	TCGA-A4-A4ZT	TCGA-A4-A4ZT-01A	C1
TCGA-KIRP	KIRP	TCGA-A4-A57E	TCGA-A4-A57E-01A	C2a
TCGA-KIRP	KIRP	TCGA-A4-A5DU	TCGA-A4-A5DU-01A	C1
TCGA-KIRP	KIRP	TCGA-A4-A5XZ	TCGA-A4-A5XZ-01A	C1
TCGA-KIRP	KIRP	TCGA-A4-A5Y0	TCGA-A4-A5Y0-01A	C2b
TCGA-KIRP	KIRP	TCGA-A4-A5Y1	TCGA-A4-A5Y1-01A	C2b
TCGA-KIRP	KIRP	TCGA-A4-A6HP	TCGA-A4-A6HP-01A	C1
TCGA-UCEC	UCEC	TCGA-A5-A0G1	TCGA-A5-A0G1-01A	POLE
TCGA-UCEC	UCEC	TCGA-A5-A0G2	TCGA-A5-A0G2-01A	POLE
TCGA-UCEC	UCEC	TCGA-A5-A0G5	TCGA-A5-A0G5-01A	CN HIGH
TCGA-UCEC	UCEC	TCGA-A5-A0G9	TCGA-A5-A0G9-01A	MSI
TCGA-UCEC	UCEC	TCGA-A5-A0GA	TCGA-A5-A0GA-01A	MSI
TCGA-UCEC	UCEC	TCGA-A5-A0GB	TCGA-A5-A0GB-01A	POLE
TCGA-UCEC	UCEC	TCGA-A5-A0GE	TCGA-A5-A0GE-01A	CN LOW
TCGA-UCEC	UCEC	TCGA-A5-A0GH	TCGA-A5-A0GH-01A	MSI
TCGA-UCEC	UCEC	TCGA-A5-A0GI	TCGA-A5-A0GI-01A	MSI
TCGA-UCEC	UCEC	TCGA-A5-A0GJ	TCGA-A5-A0GJ-01A	CN HIGH
TCGA-UCEC	UCEC	TCGA-A5-A0GM	TCGA-A5-A0GM-01A	CN LOW
TCGA-UCEC	UCEC	TCGA-A5-A0GN	TCGA-A5-A0GN-01A	CN HIGH
TCGA-UCEC	UCEC	TCGA-A5-A0GP	TCGA-A5-A0GP-01A	POLE
TCGA-UCEC	UCEC	TCGA-A5-A0GQ	TCGA-A5-A0GQ-01A	CN LOW
TCGA-UCEC	UCEC	TCGA-A5-A0GU	TCGA-A5-A0GU-01A	CN LOW
TCGA-UCEC	UCEC	TCGA-A5-A0GV	TCGA-A5-A0GV-01A	CN LOW
TCGA-UCEC	UCEC	TCGA-A5-A0GW	TCGA-A5-A0GW-01A	MSI
TCGA-UCEC	UCEC	TCGA-A5-A0GX	TCGA-A5-A0GX-01A	CN LOW
TCGA-UCEC	UCEC	TCGA-A5-A0R6	TCGA-A5-A0R6-01A	CN HIGH
TCGA-UCEC	UCEC	TCGA-A5-A0R7	TCGA-A5-A0R7-01A	CN LOW
TCGA-UCEC	UCEC	TCGA-A5-A0R8	TCGA-A5-A0R8-01A	CN LOW
TCGA-UCEC	UCEC	TCGA-A5-A0R9	TCGA-A5-A0R9-01A	CN LOW
TCGA-UCEC	UCEC	TCGA-A5-A0RA	TCGA-A5-A0RA-01A	CN LOW
TCGA-UCEC	UCEC	TCGA-A5-A0VP	TCGA-A5-A0VP-01A	POLE
TCGA-UCEC	UCEC	TCGA-A5-A0VQ	TCGA-A5-A0VQ-01A	MSI
TCGA-UCEC	UCEC	TCGA-A5-A1OF	TCGA-A5-A1OF-01A	POLE
TCGA-UCEC	UCEC	TCGA-A5-A1OG	TCGA-A5-A1OG-01A	CN HIGH
TCGA-UCEC	UCEC	TCGA-A5-A1OH	TCGA-A5-A1OH-01A	CN HIGH
TCGA-UCEC	UCEC	TCGA-A5-A1OJ	TCGA-A5-A1OJ-01A	CN LOW
TCGA-UCEC	UCEC	TCGA-A5-A1OK	TCGA-A5-A1OK-01A	CN LOW
TCGA-UCEC	UCEC	TCGA-A5-A2K2	TCGA-A5-A2K2-01A	CN HIGH
TCGA-UCEC	UCEC	TCGA-A5-A2K3	TCGA-A5-A2K3-01A	MSI
TCGA-UCEC	UCEC	TCGA-A5-A2K4	TCGA-A5-A2K4-01A	CN HIGH
TCGA-UCEC	UCEC	TCGA-A5-A2K5	TCGA-A5-A2K5-01A	POLE
TCGA-UCEC	UCEC	TCGA-A5-A2K7	TCGA-A5-A2K7-01A	POLE
TCGA-UCEC	UCEC	TCGA-A5-A3LO	TCGA-A5-A3LO-01A	CN HIGH
TCGA-UCEC	UCEC	TCGA-A5-A3LP	TCGA-A5-A3LP-01A	CN HIGH
TCGA-UCEC	UCEC	TCGA-A5-A7WK	TCGA-A5-A7WK-01A	CN HIGH
TCGA-UCEC	UCEC	TCGA-A5-AB3J	TCGA-A5-AB3J-01A	POLE
TCGA-COAD	COAD	TCGA-A6-2671	TCGA-A6-2671-01A	GI.CIN
TCGA-COAD	COAD	TCGA-A6-2675	TCGA-A6-2675-01A	GI.CIN
TCGA-COAD	COAD	TCGA-A6-2681	TCGA-A6-2681-01A	GI.CIN
TCGA-COAD	COAD	TCGA-A6-2685	TCGA-A6-2685-01A	GI.CIN
TCGA-COAD	COAD	TCGA-A6-2686	TCGA-A6-2686-01A	GI.MSI
TCGA-COAD	COAD	TCGA-A6-3807	TCGA-A6-3807-01A	GI.CIN
TCGA-COAD	COAD	TCGA-A6-4105	TCGA-A6-4105-01A	GI.CIN
TCGA-COAD	COAD	TCGA-A6-4107	TCGA-A6-4107-01A	GI.CIN
TCGA-COAD	COAD	TCGA-A6-5657	TCGA-A6-5657-01A	GI.CIN
TCGA-COAD	COAD	TCGA-A6-5660	TCGA-A6-5660-01A	GI.CIN
TCGA-COAD	COAD	TCGA-A6-5661	TCGA-A6-5661-01A	GI.MSI
TCGA-COAD	COAD	TCGA-A6-5661	TCGA-A6-5661-01B	GI.MSI
TCGA-COAD	COAD	TCGA-A6-5662	TCGA-A6-5662-01A	GI.CIN
TCGA-COAD	COAD	TCGA-A6-5664	TCGA-A6-5664-01A	GI.GS
TCGA-COAD	COAD	TCGA-A6-5665	TCGA-A6-5665-01A	GI.MSI
TCGA-COAD	COAD	TCGA-A6-5665	TCGA-A6-5665-01B	GI.MSI
TCGA-COAD	COAD	TCGA-A6-5666	TCGA-A6-5666-01A	GI.CIN
TCGA-COAD	COAD	TCGA-A6-5667	TCGA-A6-5667-01A	GI.CIN
TCGA-COAD	COAD	TCGA-A6-6137	TCGA-A6-6137-01A	GI.CIN
TCGA-COAD	COAD	TCGA-A6-6138	TCGA-A6-6138-01A	GI.CIN
TCGA-COAD	COAD	TCGA-A6-6142	TCGA-A6-6142-01A	GI.CIN
TCGA-COAD	COAD	TCGA-A6-6648	TCGA-A6-6648-01A	GI.CIN
TCGA-COAD	COAD	TCGA-A6-6649	TCGA-A6-6649-01A	GI.CIN
TCGA-COAD	COAD	TCGA-A6-6651	TCGA-A6-6651-01A	GI.CIN
TCGA-COAD	COAD	TCGA-A6-6652	TCGA-A6-6652-01A	GI.CIN
TCGA-COAD	COAD	TCGA-A6-6653	TCGA-A6-6653-01A	GI.MSI
TCGA-COAD	COAD	TCGA-A6-6654	TCGA-A6-6654-01A	GI.CIN
TCGA-COAD	COAD	TCGA-A6-6782	TCGA-A6-6782-01A	GI.CIN
TCGA-COAD	COAD	TCGA-A6-A565	TCGA-A6-A565-01A	GI.MSI
TCGA-COAD	COAD	TCGA-A6-A566	TCGA-A6-A566-01A	GI.GS
TCGA-COAD	COAD	TCGA-A6-A567	TCGA-A6-A567-01A	GI.CIN
TCGA-COAD	COAD	TCGA-A6-A56B	TCGA-A6-A56B-01A	GI.CIN
TCGA-BRCA	BRCA	TCGA-A7-A0CD	TCGA-A7-A0CD-01A	LumA
TCGA-BRCA	BRCA	TCGA-A7-A0CE	TCGA-A7-A0CE-01A	Basal
TCGA-BRCA	BRCA	TCGA-A7-A0CG	TCGA-A7-A0CG-01A	LumA
TCGA-BRCA	BRCA	TCGA-A7-A0CH	TCGA-A7-A0CH-01A	LumA
TCGA-BRCA	BRCA	TCGA-A7-A0CJ	TCGA-A7-A0CJ-01A	LumB
TCGA-BRCA	BRCA	TCGA-A7-A0D9	TCGA-A7-A0D9-01A	LumA
TCGA-BRCA	BRCA	TCGA-A7-A0DA	TCGA-A7-A0DA-01A	Basal
TCGA-BRCA	BRCA	TCGA-A7-A0DB	TCGA-A7-A0DB-01A	LumA
TCGA-BRCA	BRCA	TCGA-A7-A13D	TCGA-A7-A13D-01A	Basal
TCGA-BRCA	BRCA	TCGA-A7-A13E	TCGA-A7-A13E-01A	Basal
TCGA-BRCA	BRCA	TCGA-A7-A13F	TCGA-A7-A13F-01A	LumB
TCGA-BRCA	BRCA	TCGA-A7-A13G	TCGA-A7-A13G-01A	LumA
TCGA-BRCA	BRCA	TCGA-A7-A13H	TCGA-A7-A13H-01A	LumA
TCGA-BRCA	BRCA	TCGA-A7-A26E	TCGA-A7-A26E-01A	LumA
TCGA-BRCA	BRCA	TCGA-A7-A26F	TCGA-A7-A26F-01A	Basal
TCGA-BRCA	BRCA	TCGA-A7-A26G	TCGA-A7-A26G-01A	Basal
TCGA-BRCA	BRCA	TCGA-A7-A26H	TCGA-A7-A26H-01A	LumA
TCGA-BRCA	BRCA	TCGA-A7-A26I	TCGA-A7-A26I-01A	Basal
TCGA-BRCA	BRCA	TCGA-A7-A26J	TCGA-A7-A26J-01A	LumA
TCGA-BRCA	BRCA	TCGA-A7-A2KD	TCGA-A7-A2KD-01A	LumB
TCGA-BRCA	BRCA	TCGA-A7-A3IY	TCGA-A7-A3IY-01A	LumA
TCGA-BRCA	BRCA	TCGA-A7-A3IZ	TCGA-A7-A3IZ-01A	LumA
TCGA-BRCA	BRCA	TCGA-A7-A3J0	TCGA-A7-A3J0-01A	LumA
TCGA-BRCA	BRCA	TCGA-A7-A3J1	TCGA-A7-A3J1-01A	LumA
TCGA-BRCA	BRCA	TCGA-A7-A3RF	TCGA-A7-A3RF-01A	LumA
TCGA-BRCA	BRCA	TCGA-A7-A425	TCGA-A7-A425-01A	LumA
TCGA-BRCA	BRCA	TCGA-A7-A426	TCGA-A7-A426-01A	LumA
TCGA-BRCA	BRCA	TCGA-A7-A4SA	TCGA-A7-A4SA-01A	LumA
TCGA-BRCA	BRCA	TCGA-A7-A4SB	TCGA-A7-A4SB-01A	LumA
TCGA-BRCA	BRCA	TCGA-A7-A4SC	TCGA-A7-A4SC-01A	LumA
TCGA-BRCA	BRCA	TCGA-A7-A4SD	TCGA-A7-A4SD-01A	Basal
TCGA-BRCA	BRCA	TCGA-A7-A4SE	TCGA-A7-A4SE-01A	Basal
TCGA-BRCA	BRCA	TCGA-A7-A4SF	TCGA-A7-A4SF-01A	Her2
TCGA-BRCA	BRCA	TCGA-A7-A56D	TCGA-A7-A56D-01A	LumA
TCGA-BRCA	BRCA	TCGA-A7-A5ZV	TCGA-A7-A5ZV-01A	Basal
TCGA-BRCA	BRCA	TCGA-A7-A5ZW	TCGA-A7-A5ZW-01A	LumA
TCGA-BRCA	BRCA	TCGA-A7-A5ZX	TCGA-A7-A5ZX-01A	LumA
TCGA-BRCA	BRCA	TCGA-A7-A6VV	TCGA-A7-A6VV-01A	Basal
TCGA-BRCA	BRCA	TCGA-A7-A6VW	TCGA-A7-A6VW-01A	Basal
TCGA-BRCA	BRCA	TCGA-A7-A6VX	TCGA-A7-A6VX-01A	LumB
TCGA-BRCA	BRCA	TCGA-A7-A6VY	TCGA-A7-A6VY-01A	Basal
TCGA-BRCA	BRCA	TCGA-A8-A06N	TCGA-A8-A06N-01A	LumB
TCGA-BRCA	BRCA	TCGA-A8-A06O	TCGA-A8-A06O-01A	LumB
TCGA-BRCA	BRCA	TCGA-A8-A06P	TCGA-A8-A06P-01A	LumA
TCGA-BRCA	BRCA	TCGA-A8-A06Q	TCGA-A8-A06Q-01A	LumB
TCGA-BRCA	BRCA	TCGA-A8-A06R	TCGA-A8-A06R-01A	LumB
TCGA-BRCA	BRCA	TCGA-A8-A06T	TCGA-A8-A06T-01A	LumA
TCGA-BRCA	BRCA	TCGA-A8-A06U	TCGA-A8-A06U-01A	LumA
TCGA-BRCA	BRCA	TCGA-A8-A06X	TCGA-A8-A06X-01A	LumB
TCGA-BRCA	BRCA	TCGA-A8-A06Y	TCGA-A8-A06Y-01A	LumA
TCGA-BRCA	BRCA	TCGA-A8-A06Z	TCGA-A8-A06Z-01A	LumB
TCGA-BRCA	BRCA	TCGA-A8-A075	TCGA-A8-A075-01A	LumB
TCGA-BRCA	BRCA	TCGA-A8-A076	TCGA-A8-A076-01A	LumB
TCGA-BRCA	BRCA	TCGA-A8-A079	TCGA-A8-A079-01A	LumB
TCGA-BRCA	BRCA	TCGA-A8-A07B	TCGA-A8-A07B-01A	LumA
TCGA-BRCA	BRCA	TCGA-A8-A07C	TCGA-A8-A07C-01A	Basal
TCGA-BRCA	BRCA	TCGA-A8-A07E	TCGA-A8-A07E-01A	LumA
TCGA-BRCA	BRCA	TCGA-A8-A07F	TCGA-A8-A07F-01A	LumA
TCGA-BRCA	BRCA	TCGA-A8-A07G	TCGA-A8-A07G-01A	LumA
TCGA-BRCA	BRCA	TCGA-A8-A07I	TCGA-A8-A07I-01A	Her2
TCGA-BRCA	BRCA	TCGA-A8-A07J	TCGA-A8-A07J-01A	LumA
TCGA-BRCA	BRCA	TCGA-A8-A07L	TCGA-A8-A07L-01A	LumB
TCGA-BRCA	BRCA	TCGA-A8-A07O	TCGA-A8-A07O-01A	Basal
TCGA-BRCA	BRCA	TCGA-A8-A07P	TCGA-A8-A07P-01A	LumA
TCGA-BRCA	BRCA	TCGA-A8-A07R	TCGA-A8-A07R-01A	Basal
TCGA-BRCA	BRCA	TCGA-A8-A07S	TCGA-A8-A07S-01A	LumB
TCGA-BRCA	BRCA	TCGA-A8-A07U	TCGA-A8-A07U-01A	Basal
TCGA-BRCA	BRCA	TCGA-A8-A07W	TCGA-A8-A07W-01A	LumB
TCGA-BRCA	BRCA	TCGA-A8-A07Z	TCGA-A8-A07Z-01A	LumA
TCGA-BRCA	BRCA	TCGA-A8-A081	TCGA-A8-A081-01A	LumB
TCGA-BRCA	BRCA	TCGA-A8-A082	TCGA-A8-A082-01A	LumB
TCGA-BRCA	BRCA	TCGA-A8-A083	TCGA-A8-A083-01A	LumA
TCGA-BRCA	BRCA	TCGA-A8-A084	TCGA-A8-A084-01A	LumB
TCGA-BRCA	BRCA	TCGA-A8-A085	TCGA-A8-A085-01A	LumB
TCGA-BRCA	BRCA	TCGA-A8-A086	TCGA-A8-A086-01A	LumA
TCGA-BRCA	BRCA	TCGA-A8-A08A	TCGA-A8-A08A-01A	LumA
TCGA-BRCA	BRCA	TCGA-A8-A08B	TCGA-A8-A08B-01A	Her2
TCGA-BRCA	BRCA	TCGA-A8-A08C	TCGA-A8-A08C-01A	LumA
TCGA-BRCA	BRCA	TCGA-A8-A08F	TCGA-A8-A08F-01A	LumB
TCGA-BRCA	BRCA	TCGA-A8-A08G	TCGA-A8-A08G-01A	LumB
TCGA-BRCA	BRCA	TCGA-A8-A08H	TCGA-A8-A08H-01A	Normal
TCGA-BRCA	BRCA	TCGA-A8-A08I	TCGA-A8-A08I-01A	LumB
TCGA-BRCA	BRCA	TCGA-A8-A08J	TCGA-A8-A08J-01A	Her2
TCGA-BRCA	BRCA	TCGA-A8-A08L	TCGA-A8-A08L-01A	Her2
TCGA-BRCA	BRCA	TCGA-A8-A08O	TCGA-A8-A08O-01A	LumA
TCGA-BRCA	BRCA	TCGA-A8-A08P	TCGA-A8-A08P-01A	LumB
TCGA-BRCA	BRCA	TCGA-A8-A08R	TCGA-A8-A08R-01A	Basal
TCGA-BRCA	BRCA	TCGA-A8-A08S	TCGA-A8-A08S-01A	LumB
TCGA-BRCA	BRCA	TCGA-A8-A08T	TCGA-A8-A08T-01A	LumA
TCGA-BRCA	BRCA	TCGA-A8-A08X	TCGA-A8-A08X-01A	Her2
TCGA-BRCA	BRCA	TCGA-A8-A08Z	TCGA-A8-A08Z-01A	LumA
TCGA-BRCA	BRCA	TCGA-A8-A090	TCGA-A8-A090-01A	LumA
TCGA-BRCA	BRCA	TCGA-A8-A091	TCGA-A8-A091-01A	LumA
TCGA-BRCA	BRCA	TCGA-A8-A092	TCGA-A8-A092-01A	LumB
TCGA-BRCA	BRCA	TCGA-A8-A093	TCGA-A8-A093-01A	LumA
TCGA-BRCA	BRCA	TCGA-A8-A094	TCGA-A8-A094-01A	Her2
TCGA-BRCA	BRCA	TCGA-A8-A095	TCGA-A8-A095-01A	LumB
TCGA-BRCA	BRCA	TCGA-A8-A096	TCGA-A8-A096-01A	LumB
TCGA-BRCA	BRCA	TCGA-A8-A097	TCGA-A8-A097-01A	LumA
TCGA-BRCA	BRCA	TCGA-A8-A099	TCGA-A8-A099-01A	LumA
TCGA-BRCA	BRCA	TCGA-A8-A09A	TCGA-A8-A09A-01A	LumA
TCGA-BRCA	BRCA	TCGA-A8-A09B	TCGA-A8-A09B-01A	LumA
TCGA-BRCA	BRCA	TCGA-A8-A09C	TCGA-A8-A09C-01A	LumB
TCGA-BRCA	BRCA	TCGA-A8-A09D	TCGA-A8-A09D-01A	LumA
TCGA-BRCA	BRCA	TCGA-A8-A09E	TCGA-A8-A09E-01A	LumB
TCGA-BRCA	BRCA	TCGA-A8-A09G	TCGA-A8-A09G-01A	Her2
TCGA-BRCA	BRCA	TCGA-A8-A09I	TCGA-A8-A09I-01A	LumB
TCGA-BRCA	BRCA	TCGA-A8-A09K	TCGA-A8-A09K-01A	LumA
TCGA-BRCA	BRCA	TCGA-A8-A09M	TCGA-A8-A09M-01A	LumB
TCGA-BRCA	BRCA	TCGA-A8-A09N	TCGA-A8-A09N-01A	LumB
TCGA-BRCA	BRCA	TCGA-A8-A09Q	TCGA-A8-A09Q-01A	LumB
TCGA-BRCA	BRCA	TCGA-A8-A09R	TCGA-A8-A09R-01A	LumB
TCGA-BRCA	BRCA	TCGA-A8-A09T	TCGA-A8-A09T-01A	LumA
TCGA-BRCA	BRCA	TCGA-A8-A09V	TCGA-A8-A09V-01A	LumA
TCGA-BRCA	BRCA	TCGA-A8-A09W	TCGA-A8-A09W-01A	LumB
TCGA-BRCA	BRCA	TCGA-A8-A09X	TCGA-A8-A09X-01A	Her2
TCGA-BRCA	BRCA	TCGA-A8-A09Z	TCGA-A8-A09Z-01A	LumB
TCGA-BRCA	BRCA	TCGA-A8-A0A1	TCGA-A8-A0A1-01A	LumA
TCGA-BRCA	BRCA	TCGA-A8-A0A2	TCGA-A8-A0A2-01A	LumA
TCGA-BRCA	BRCA	TCGA-A8-A0A4	TCGA-A8-A0A4-01A	LumA
TCGA-BRCA	BRCA	TCGA-A8-A0A6	TCGA-A8-A0A6-01A	LumA
TCGA-BRCA	BRCA	TCGA-A8-A0A7	TCGA-A8-A0A7-01A	Her2
TCGA-BRCA	BRCA	TCGA-A8-A0A9	TCGA-A8-A0A9-01A	LumA
TCGA-BRCA	BRCA	TCGA-A8-A0AB	TCGA-A8-A0AB-01A	LumA
TCGA-BRCA	BRCA	TCGA-A8-A0AD	TCGA-A8-A0AD-01A	LumA
TCGA-COAD	COAD	TCGA-AA-3489	TCGA-AA-3489-01A	GI.CIN
TCGA-COAD	COAD	TCGA-AA-3492	TCGA-AA-3492-01A	GI.MSI
TCGA-COAD	COAD	TCGA-AA-3496	TCGA-AA-3496-01A	GI.CIN
TCGA-COAD	COAD	TCGA-AA-3502	TCGA-AA-3502-01A	GI.GS
TCGA-COAD	COAD	TCGA-AA-3506	TCGA-AA-3506-01A	GI.GS
TCGA-COAD	COAD	TCGA-AA-3510	TCGA-AA-3510-01A	GI.HM-SNV
TCGA-COAD	COAD	TCGA-AA-3511	TCGA-AA-3511-01A	GI.CIN
TCGA-COAD	COAD	TCGA-AA-3655	TCGA-AA-3655-01A	GI.CIN
TCGA-COAD	COAD	TCGA-AA-3660	TCGA-AA-3660-01A	GI.CIN
TCGA-COAD	COAD	TCGA-AA-3663	TCGA-AA-3663-01A	GI.MSI
TCGA-COAD	COAD	TCGA-AA-3664	TCGA-AA-3664-01A	GI.CIN
TCGA-COAD	COAD	TCGA-AA-3666	TCGA-AA-3666-01A	GI.CIN
TCGA-COAD	COAD	TCGA-AA-3667	TCGA-AA-3667-01A	GI.CIN
TCGA-COAD	COAD	TCGA-AA-3673	TCGA-AA-3673-01A	GI.CIN
TCGA-COAD	COAD	TCGA-AA-3678	TCGA-AA-3678-01A	GI.CIN
TCGA-COAD	COAD	TCGA-AA-3679	TCGA-AA-3679-01A	GI.CIN
TCGA-COAD	COAD	TCGA-AA-3680	TCGA-AA-3680-01A	GI.CIN
TCGA-COAD	COAD	TCGA-AA-3681	TCGA-AA-3681-01A	GI.CIN
TCGA-COAD	COAD	TCGA-AA-3684	TCGA-AA-3684-01A	GI.GS
TCGA-COAD	COAD	TCGA-AA-3685	TCGA-AA-3685-01A	GI.CIN
TCGA-COAD	COAD	TCGA-AA-3688	TCGA-AA-3688-01A	GI.CIN
TCGA-COAD	COAD	TCGA-AA-3692	TCGA-AA-3692-01A	GI.CIN
TCGA-COAD	COAD	TCGA-AA-3693	TCGA-AA-3693-01A	GI.CIN
TCGA-COAD	COAD	TCGA-AA-3696	TCGA-AA-3696-01A	GI.GS
TCGA-COAD	COAD	TCGA-AA-3712	TCGA-AA-3712-01A	GI.CIN
TCGA-COAD	COAD	TCGA-AA-3713	TCGA-AA-3713-01A	GI.MSI
TCGA-COAD	COAD	TCGA-AA-3715	TCGA-AA-3715-01A	GI.MSI
TCGA-COAD	COAD	TCGA-AA-3811	TCGA-AA-3811-01A	GI.MSI
TCGA-COAD	COAD	TCGA-AA-3812	TCGA-AA-3812-01A	GI.CIN
TCGA-COAD	COAD	TCGA-AA-3814	TCGA-AA-3814-01A	GI.CIN
TCGA-COAD	COAD	TCGA-AA-3818	TCGA-AA-3818-01A	GI.GS
TCGA-COAD	COAD	TCGA-AA-3819	TCGA-AA-3819-01A	GI.CIN
TCGA-COAD	COAD	TCGA-AA-3821	TCGA-AA-3821-01A	GI.MSI
TCGA-COAD	COAD	TCGA-AA-3831	TCGA-AA-3831-01A	GI.GS
TCGA-COAD	COAD	TCGA-AA-3833	TCGA-AA-3833-01A	GI.MSI
TCGA-COAD	COAD	TCGA-AA-3837	TCGA-AA-3837-01A	GI.CIN
TCGA-COAD	COAD	TCGA-AA-3842	TCGA-AA-3842-01A	GI.CIN
TCGA-COAD	COAD	TCGA-AA-3844	TCGA-AA-3844-01A	GI.CIN
TCGA-COAD	COAD	TCGA-AA-3845	TCGA-AA-3845-01A	GI.MSI
TCGA-COAD	COAD	TCGA-AA-3846	TCGA-AA-3846-01A	GI.CIN
TCGA-COAD	COAD	TCGA-AA-3848	TCGA-AA-3848-01A	GI.CIN
TCGA-COAD	COAD	TCGA-AA-3850	TCGA-AA-3850-01A	GI.GS
TCGA-COAD	COAD	TCGA-AA-3851	TCGA-AA-3851-01A	GI.CIN
TCGA-COAD	COAD	TCGA-AA-3852	TCGA-AA-3852-01A	GI.GS
TCGA-COAD	COAD	TCGA-AA-3854	TCGA-AA-3854-01A	GI.GS
TCGA-COAD	COAD	TCGA-AA-3855	TCGA-AA-3855-01A	GI.GS
TCGA-COAD	COAD	TCGA-AA-3856	TCGA-AA-3856-01A	GI.CIN
TCGA-COAD	COAD	TCGA-AA-3858	TCGA-AA-3858-01A	GI.CIN
TCGA-COAD	COAD	TCGA-AA-3864	TCGA-AA-3864-01A	GI.MSI
TCGA-COAD	COAD	TCGA-AA-3866	TCGA-AA-3866-01A	GI.CIN
TCGA-COAD	COAD	TCGA-AA-3867	TCGA-AA-3867-01A	GI.CIN
TCGA-COAD	COAD	TCGA-AA-3875	TCGA-AA-3875-01A	GI.CIN
TCGA-COAD	COAD	TCGA-AA-3877	TCGA-AA-3877-01A	GI.MSI
TCGA-COAD	COAD	TCGA-AA-3947	TCGA-AA-3947-01A	GI.MSI
TCGA-COAD	COAD	TCGA-AA-3949	TCGA-AA-3949-01A	GI.MSI
TCGA-COAD	COAD	TCGA-AA-3950	TCGA-AA-3950-01A	GI.GS
TCGA-COAD	COAD	TCGA-AA-3952	TCGA-AA-3952-01A	GI.CIN
TCGA-COAD	COAD	TCGA-AA-3956	TCGA-AA-3956-01A	GI.CIN
TCGA-COAD	COAD	TCGA-AA-3966	TCGA-AA-3966-01A	GI.MSI
TCGA-COAD	COAD	TCGA-AA-3968	TCGA-AA-3968-01A	GI.CIN
TCGA-COAD	COAD	TCGA-AA-3971	TCGA-AA-3971-01A	GI.CIN
TCGA-COAD	COAD	TCGA-AA-3973	TCGA-AA-3973-01A	GI.CIN
TCGA-COAD	COAD	TCGA-AA-3975	TCGA-AA-3975-01A	GI.CIN
TCGA-COAD	COAD	TCGA-AA-3976	TCGA-AA-3976-01A	GI.CIN
TCGA-COAD	COAD	TCGA-AA-3979	TCGA-AA-3979-01A	GI.CIN
TCGA-COAD	COAD	TCGA-AA-3982	TCGA-AA-3982-01A	GI.CIN
TCGA-COAD	COAD	TCGA-AA-3984	TCGA-AA-3984-01A	GI.HM-SNV
TCGA-COAD	COAD	TCGA-AA-3986	TCGA-AA-3986-01A	GI.GS
TCGA-COAD	COAD	TCGA-AA-3989	TCGA-AA-3989-01A	GI.CIN
TCGA-COAD	COAD	TCGA-AA-3994	TCGA-AA-3994-01A	GI.CIN
TCGA-COAD	COAD	TCGA-AA-A010	TCGA-AA-A010-01A	GI.HM-SNV
TCGA-COAD	COAD	TCGA-AA-A01P	TCGA-AA-A01P-01A	GI.MSI
TCGA-COAD	COAD	TCGA-AA-A01R	TCGA-AA-A01R-01A	GI.MSI
TCGA-COAD	COAD	TCGA-AA-A01S	TCGA-AA-A01S-01A	GI.CIN
TCGA-COAD	COAD	TCGA-AA-A01T	TCGA-AA-A01T-01A	GI.CIN
TCGA-COAD	COAD	TCGA-AA-A01V	TCGA-AA-A01V-01A	GI.GS
TCGA-COAD	COAD	TCGA-AA-A01X	TCGA-AA-A01X-01A	GI.CIN
TCGA-COAD	COAD	TCGA-AA-A01Z	TCGA-AA-A01Z-01A	GI.CIN
TCGA-COAD	COAD	TCGA-AA-A024	TCGA-AA-A024-01A	GI.GS
TCGA-COAD	COAD	TCGA-AA-A02E	TCGA-AA-A02E-01A	GI.CIN
TCGA-COAD	COAD	TCGA-AA-A02F	TCGA-AA-A02F-01A	GI.CIN
TCGA-COAD	COAD	TCGA-AA-A02H	TCGA-AA-A02H-01A	GI.CIN
TCGA-COAD	COAD	TCGA-AA-A02O	TCGA-AA-A02O-01A	GI.GS
TCGA-COAD	COAD	TCGA-AA-A02Y	TCGA-AA-A02Y-01A	GI.GS
TCGA-COAD	COAD	TCGA-AA-A03F	TCGA-AA-A03F-01A	GI.GS
TCGA-COAD	COAD	TCGA-AA-A03J	TCGA-AA-A03J-01A	GI.CIN
TCGA-LAML	LAML	TCGA-AB-2803	TCGA-AB-2803-03A	3
TCGA-LAML	LAML	TCGA-AB-2803	TCGA-AB-2803-03B	3
TCGA-LAML	LAML	TCGA-AB-2803	TCGA-AB-2803-03C	3
TCGA-LAML	LAML	TCGA-AB-2805	TCGA-AB-2805-03A	5
TCGA-LAML	LAML	TCGA-AB-2805	TCGA-AB-2805-03B	5
TCGA-LAML	LAML	TCGA-AB-2805	TCGA-AB-2805-03C	5
TCGA-LAML	LAML	TCGA-AB-2806	TCGA-AB-2806-03A	4
TCGA-LAML	LAML	TCGA-AB-2806	TCGA-AB-2806-03B	4
TCGA-LAML	LAML	TCGA-AB-2807	TCGA-AB-2807-03A	6
TCGA-LAML	LAML	TCGA-AB-2807	TCGA-AB-2807-03B	6
TCGA-LAML	LAML	TCGA-AB-2807	TCGA-AB-2807-03C	6
TCGA-LAML	LAML	TCGA-AB-2807	TCGA-AB-2807-03D	6
TCGA-LAML	LAML	TCGA-AB-2808	TCGA-AB-2808-03A	5
TCGA-LAML	LAML	TCGA-AB-2808	TCGA-AB-2808-03B	5
TCGA-LAML	LAML	TCGA-AB-2808	TCGA-AB-2808-03C	5
TCGA-LAML	LAML	TCGA-AB-2808	TCGA-AB-2808-03D	5
TCGA-LAML	LAML	TCGA-AB-2810	TCGA-AB-2810-03A	1
TCGA-LAML	LAML	TCGA-AB-2810	TCGA-AB-2810-03B	1
TCGA-LAML	LAML	TCGA-AB-2810	TCGA-AB-2810-03C	1
TCGA-LAML	LAML	TCGA-AB-2811	TCGA-AB-2811-03A	1
TCGA-LAML	LAML	TCGA-AB-2811	TCGA-AB-2811-03B	1
TCGA-LAML	LAML	TCGA-AB-2811	TCGA-AB-2811-03C	1
TCGA-LAML	LAML	TCGA-AB-2812	TCGA-AB-2812-03A	4
TCGA-LAML	LAML	TCGA-AB-2812	TCGA-AB-2812-03B	4
TCGA-LAML	LAML	TCGA-AB-2812	TCGA-AB-2812-03C	4
TCGA-LAML	LAML	TCGA-AB-2813	TCGA-AB-2813-03A	5
TCGA-LAML	LAML	TCGA-AB-2813	TCGA-AB-2813-03B	5
TCGA-LAML	LAML	TCGA-AB-2813	TCGA-AB-2813-03C	5
TCGA-LAML	LAML	TCGA-AB-2814	TCGA-AB-2814-03A	4
TCGA-LAML	LAML	TCGA-AB-2814	TCGA-AB-2814-03B	4
TCGA-LAML	LAML	TCGA-AB-2814	TCGA-AB-2814-03C	4
TCGA-LAML	LAML	TCGA-AB-2814	TCGA-AB-2814-03D	4
TCGA-LAML	LAML	TCGA-AB-2815	TCGA-AB-2815-03A	5
TCGA-LAML	LAML	TCGA-AB-2815	TCGA-AB-2815-03B	5
TCGA-LAML	LAML	TCGA-AB-2815	TCGA-AB-2815-03C	5
TCGA-LAML	LAML	TCGA-AB-2816	TCGA-AB-2816-03A	5
TCGA-LAML	LAML	TCGA-AB-2816	TCGA-AB-2816-03B	5
TCGA-LAML	LAML	TCGA-AB-2816	TCGA-AB-2816-03C	5
TCGA-LAML	LAML	TCGA-AB-2817	TCGA-AB-2817-03A	6
TCGA-LAML	LAML	TCGA-AB-2817	TCGA-AB-2817-03B	6
TCGA-LAML	LAML	TCGA-AB-2817	TCGA-AB-2817-03C	6
TCGA-LAML	LAML	TCGA-AB-2818	TCGA-AB-2818-03A	5
TCGA-LAML	LAML	TCGA-AB-2818	TCGA-AB-2818-03B	5
TCGA-LAML	LAML	TCGA-AB-2818	TCGA-AB-2818-03C	5
TCGA-LAML	LAML	TCGA-AB-2819	TCGA-AB-2819-03A	6
TCGA-LAML	LAML	TCGA-AB-2819	TCGA-AB-2819-03B	6
TCGA-LAML	LAML	TCGA-AB-2819	TCGA-AB-2819-03C	6
TCGA-LAML	LAML	TCGA-AB-2820	TCGA-AB-2820-03A	1
TCGA-LAML	LAML	TCGA-AB-2820	TCGA-AB-2820-03B	1
TCGA-LAML	LAML	TCGA-AB-2820	TCGA-AB-2820-03C	1
TCGA-LAML	LAML	TCGA-AB-2821	TCGA-AB-2821-03A	5
TCGA-LAML	LAML	TCGA-AB-2821	TCGA-AB-2821-03B	5
TCGA-LAML	LAML	TCGA-AB-2821	TCGA-AB-2821-03C	5
TCGA-LAML	LAML	TCGA-AB-2822	TCGA-AB-2822-03A	4
TCGA-LAML	LAML	TCGA-AB-2822	TCGA-AB-2822-03B	4
TCGA-LAML	LAML	TCGA-AB-2822	TCGA-AB-2822-03C	4
TCGA-LAML	LAML	TCGA-AB-2822	TCGA-AB-2822-03D	4
TCGA-LAML	LAML	TCGA-AB-2823	TCGA-AB-2823-03A	3
TCGA-LAML	LAML	TCGA-AB-2823	TCGA-AB-2823-03B	3
TCGA-LAML	LAML	TCGA-AB-2823	TCGA-AB-2823-03C	3
TCGA-LAML	LAML	TCGA-AB-2824	TCGA-AB-2824-03A	2
TCGA-LAML	LAML	TCGA-AB-2824	TCGA-AB-2824-03B	2
TCGA-LAML	LAML	TCGA-AB-2824	TCGA-AB-2824-03C	2
TCGA-LAML	LAML	TCGA-AB-2825	TCGA-AB-2825-03A	5
TCGA-LAML	LAML	TCGA-AB-2825	TCGA-AB-2825-03B	5
TCGA-LAML	LAML	TCGA-AB-2825	TCGA-AB-2825-03C	5
TCGA-LAML	LAML	TCGA-AB-2825	TCGA-AB-2825-03D	5
TCGA-LAML	LAML	TCGA-AB-2826	TCGA-AB-2826-03A	7
TCGA-LAML	LAML	TCGA-AB-2826	TCGA-AB-2826-03B	7
TCGA-LAML	LAML	TCGA-AB-2828	TCGA-AB-2828-03A	5
TCGA-LAML	LAML	TCGA-AB-2828	TCGA-AB-2828-03B	5
TCGA-LAML	LAML	TCGA-AB-2828	TCGA-AB-2828-03C	5
TCGA-LAML	LAML	TCGA-AB-2830	TCGA-AB-2830-03A	2
TCGA-LAML	LAML	TCGA-AB-2830	TCGA-AB-2830-03B	2
TCGA-LAML	LAML	TCGA-AB-2830	TCGA-AB-2830-03C	2
TCGA-LAML	LAML	TCGA-AB-2832	TCGA-AB-2832-03A	6
TCGA-LAML	LAML	TCGA-AB-2832	TCGA-AB-2832-03B	6
TCGA-LAML	LAML	TCGA-AB-2832	TCGA-AB-2832-03C	6
TCGA-LAML	LAML	TCGA-AB-2833	TCGA-AB-2833-03A	5
TCGA-LAML	LAML	TCGA-AB-2833	TCGA-AB-2833-03B	5
TCGA-LAML	LAML	TCGA-AB-2833	TCGA-AB-2833-03C	5
TCGA-LAML	LAML	TCGA-AB-2834	TCGA-AB-2834-03A	7
TCGA-LAML	LAML	TCGA-AB-2834	TCGA-AB-2834-03B	7
TCGA-LAML	LAML	TCGA-AB-2835	TCGA-AB-2835-03A	7
TCGA-LAML	LAML	TCGA-AB-2835	TCGA-AB-2835-03B	7
TCGA-LAML	LAML	TCGA-AB-2835	TCGA-AB-2835-03C	7
TCGA-LAML	LAML	TCGA-AB-2836	TCGA-AB-2836-03A	5
TCGA-LAML	LAML	TCGA-AB-2836	TCGA-AB-2836-03B	5
TCGA-LAML	LAML	TCGA-AB-2836	TCGA-AB-2836-03C	5
TCGA-LAML	LAML	TCGA-AB-2837	TCGA-AB-2837-03A	5
TCGA-LAML	LAML	TCGA-AB-2837	TCGA-AB-2837-03B	5
TCGA-LAML	LAML	TCGA-AB-2837	TCGA-AB-2837-03C	5
TCGA-LAML	LAML	TCGA-AB-2838	TCGA-AB-2838-03A	5
TCGA-LAML	LAML	TCGA-AB-2838	TCGA-AB-2838-03B	5
TCGA-LAML	LAML	TCGA-AB-2838	TCGA-AB-2838-03C	5
TCGA-LAML	LAML	TCGA-AB-2839	TCGA-AB-2839-03A	4
TCGA-LAML	LAML	TCGA-AB-2839	TCGA-AB-2839-03B	4
TCGA-LAML	LAML	TCGA-AB-2839	TCGA-AB-2839-03C	4
TCGA-LAML	LAML	TCGA-AB-2840	TCGA-AB-2840-03A	3
TCGA-LAML	LAML	TCGA-AB-2840	TCGA-AB-2840-03B	3
TCGA-LAML	LAML	TCGA-AB-2840	TCGA-AB-2840-03C	3
TCGA-LAML	LAML	TCGA-AB-2840	TCGA-AB-2840-03D	3
TCGA-LAML	LAML	TCGA-AB-2841	TCGA-AB-2841-03A	2
TCGA-LAML	LAML	TCGA-AB-2841	TCGA-AB-2841-03B	2
TCGA-LAML	LAML	TCGA-AB-2841	TCGA-AB-2841-03C	2
TCGA-LAML	LAML	TCGA-AB-2842	TCGA-AB-2842-03A	7
TCGA-LAML	LAML	TCGA-AB-2842	TCGA-AB-2842-03B	7
TCGA-LAML	LAML	TCGA-AB-2842	TCGA-AB-2842-03C	7
TCGA-LAML	LAML	TCGA-AB-2843	TCGA-AB-2843-03A	2
TCGA-LAML	LAML	TCGA-AB-2843	TCGA-AB-2843-03B	2
TCGA-LAML	LAML	TCGA-AB-2843	TCGA-AB-2843-03C	2
TCGA-LAML	LAML	TCGA-AB-2843	TCGA-AB-2843-03D	2
TCGA-LAML	LAML	TCGA-AB-2844	TCGA-AB-2844-03A	7
TCGA-LAML	LAML	TCGA-AB-2844	TCGA-AB-2844-03B	7
TCGA-LAML	LAML	TCGA-AB-2844	TCGA-AB-2844-03C	7
TCGA-LAML	LAML	TCGA-AB-2845	TCGA-AB-2845-03A	6
TCGA-LAML	LAML	TCGA-AB-2845	TCGA-AB-2845-03B	6
TCGA-LAML	LAML	TCGA-AB-2845	TCGA-AB-2845-03C	6
TCGA-LAML	LAML	TCGA-AB-2845	TCGA-AB-2845-03D	6
TCGA-LAML	LAML	TCGA-AB-2846	TCGA-AB-2846-03A	5
TCGA-LAML	LAML	TCGA-AB-2846	TCGA-AB-2846-03B	5
TCGA-LAML	LAML	TCGA-AB-2846	TCGA-AB-2846-03C	5
TCGA-LAML	LAML	TCGA-AB-2847	TCGA-AB-2847-03A	6
TCGA-LAML	LAML	TCGA-AB-2847	TCGA-AB-2847-03B	6
TCGA-LAML	LAML	TCGA-AB-2847	TCGA-AB-2847-03C	6
TCGA-LAML	LAML	TCGA-AB-2847	TCGA-AB-2847-03D	6
TCGA-LAML	LAML	TCGA-AB-2848	TCGA-AB-2848-03A	1
TCGA-LAML	LAML	TCGA-AB-2848	TCGA-AB-2848-03B	1
TCGA-LAML	LAML	TCGA-AB-2848	TCGA-AB-2848-03C	1
TCGA-LAML	LAML	TCGA-AB-2849	TCGA-AB-2849-03A	2
TCGA-LAML	LAML	TCGA-AB-2849	TCGA-AB-2849-03B	2
TCGA-LAML	LAML	TCGA-AB-2849	TCGA-AB-2849-03C	2
TCGA-LAML	LAML	TCGA-AB-2851	TCGA-AB-2851-03A	5
TCGA-LAML	LAML	TCGA-AB-2851	TCGA-AB-2851-03B	5
TCGA-LAML	LAML	TCGA-AB-2851	TCGA-AB-2851-03C	5
TCGA-LAML	LAML	TCGA-AB-2853	TCGA-AB-2853-03A	4
TCGA-LAML	LAML	TCGA-AB-2853	TCGA-AB-2853-03B	4
TCGA-LAML	LAML	TCGA-AB-2853	TCGA-AB-2853-03C	4
TCGA-LAML	LAML	TCGA-AB-2853	TCGA-AB-2853-03D	4
TCGA-LAML	LAML	TCGA-AB-2854	TCGA-AB-2854-03A	2
TCGA-LAML	LAML	TCGA-AB-2854	TCGA-AB-2854-03B	2
TCGA-LAML	LAML	TCGA-AB-2854	TCGA-AB-2854-03C	2
TCGA-LAML	LAML	TCGA-AB-2855	TCGA-AB-2855-03A	1
TCGA-LAML	LAML	TCGA-AB-2855	TCGA-AB-2855-03B	1
TCGA-LAML	LAML	TCGA-AB-2855	TCGA-AB-2855-03C	1
TCGA-LAML	LAML	TCGA-AB-2856	TCGA-AB-2856-03A	1
TCGA-LAML	LAML	TCGA-AB-2856	TCGA-AB-2856-03B	1
TCGA-LAML	LAML	TCGA-AB-2857	TCGA-AB-2857-03A	2
TCGA-LAML	LAML	TCGA-AB-2857	TCGA-AB-2857-03B	2
TCGA-LAML	LAML	TCGA-AB-2857	TCGA-AB-2857-03C	2
TCGA-LAML	LAML	TCGA-AB-2858	TCGA-AB-2858-03A	6
TCGA-LAML	LAML	TCGA-AB-2858	TCGA-AB-2858-03B	6
TCGA-LAML	LAML	TCGA-AB-2858	TCGA-AB-2858-03C	6
TCGA-LAML	LAML	TCGA-AB-2858	TCGA-AB-2858-03D	6
TCGA-LAML	LAML	TCGA-AB-2859	TCGA-AB-2859-03A	4
TCGA-LAML	LAML	TCGA-AB-2859	TCGA-AB-2859-03B	4
TCGA-LAML	LAML	TCGA-AB-2860	TCGA-AB-2860-03A	7
TCGA-LAML	LAML	TCGA-AB-2860	TCGA-AB-2860-03B	7
TCGA-LAML	LAML	TCGA-AB-2860	TCGA-AB-2860-03C	7
TCGA-LAML	LAML	TCGA-AB-2861	TCGA-AB-2861-03A	7
TCGA-LAML	LAML	TCGA-AB-2861	TCGA-AB-2861-03B	7
TCGA-LAML	LAML	TCGA-AB-2861	TCGA-AB-2861-03C	7
TCGA-LAML	LAML	TCGA-AB-2862	TCGA-AB-2862-03A	3
TCGA-LAML	LAML	TCGA-AB-2862	TCGA-AB-2862-03B	3
TCGA-LAML	LAML	TCGA-AB-2862	TCGA-AB-2862-03C	3
TCGA-LAML	LAML	TCGA-AB-2863	TCGA-AB-2863-03A	4
TCGA-LAML	LAML	TCGA-AB-2863	TCGA-AB-2863-03B	4
TCGA-LAML	LAML	TCGA-AB-2863	TCGA-AB-2863-03C	4
TCGA-LAML	LAML	TCGA-AB-2863	TCGA-AB-2863-03D	4
TCGA-LAML	LAML	TCGA-AB-2865	TCGA-AB-2865-03A	6
TCGA-LAML	LAML	TCGA-AB-2865	TCGA-AB-2865-03B	6
TCGA-LAML	LAML	TCGA-AB-2865	TCGA-AB-2865-03C	6
TCGA-LAML	LAML	TCGA-AB-2866	TCGA-AB-2866-03A	7
TCGA-LAML	LAML	TCGA-AB-2866	TCGA-AB-2866-03B	7
TCGA-LAML	LAML	TCGA-AB-2866	TCGA-AB-2866-03C	7
TCGA-LAML	LAML	TCGA-AB-2867	TCGA-AB-2867-03A	4
TCGA-LAML	LAML	TCGA-AB-2867	TCGA-AB-2867-03B	4
TCGA-LAML	LAML	TCGA-AB-2867	TCGA-AB-2867-03C	4
TCGA-LAML	LAML	TCGA-AB-2868	TCGA-AB-2868-03A	2
TCGA-LAML	LAML	TCGA-AB-2868	TCGA-AB-2868-03B	2
TCGA-LAML	LAML	TCGA-AB-2868	TCGA-AB-2868-03C	2
TCGA-LAML	LAML	TCGA-AB-2869	TCGA-AB-2869-03A	4
TCGA-LAML	LAML	TCGA-AB-2870	TCGA-AB-2870-03A	6
TCGA-LAML	LAML	TCGA-AB-2871	TCGA-AB-2871-03A	2
TCGA-LAML	LAML	TCGA-AB-2872	TCGA-AB-2872-03A	3
TCGA-LAML	LAML	TCGA-AB-2873	TCGA-AB-2873-03A	5
TCGA-LAML	LAML	TCGA-AB-2874	TCGA-AB-2874-03A	3
TCGA-LAML	LAML	TCGA-AB-2875	TCGA-AB-2875-03A	6
TCGA-LAML	LAML	TCGA-AB-2876	TCGA-AB-2876-03A	4
TCGA-LAML	LAML	TCGA-AB-2877	TCGA-AB-2877-03A	4
TCGA-LAML	LAML	TCGA-AB-2878	TCGA-AB-2878-03A	2
TCGA-LAML	LAML	TCGA-AB-2879	TCGA-AB-2879-03A	4
TCGA-LAML	LAML	TCGA-AB-2880	TCGA-AB-2880-03A	6
TCGA-LAML	LAML	TCGA-AB-2881	TCGA-AB-2881-03A	6
TCGA-LAML	LAML	TCGA-AB-2882	TCGA-AB-2882-03A	6
TCGA-LAML	LAML	TCGA-AB-2883	TCGA-AB-2883-03A	7
TCGA-LAML	LAML	TCGA-AB-2884	TCGA-AB-2884-03A	1
TCGA-LAML	LAML	TCGA-AB-2885	TCGA-AB-2885-03A	6
TCGA-LAML	LAML	TCGA-AB-2886	TCGA-AB-2886-03A	6
TCGA-LAML	LAML	TCGA-AB-2887	TCGA-AB-2887-03A	6
TCGA-LAML	LAML	TCGA-AB-2888	TCGA-AB-2888-03A	5
TCGA-LAML	LAML	TCGA-AB-2888	TCGA-AB-2888-03B	5
TCGA-LAML	LAML	TCGA-AB-2889	TCGA-AB-2889-03A	6
TCGA-LAML	LAML	TCGA-AB-2890	TCGA-AB-2890-03A	6
TCGA-LAML	LAML	TCGA-AB-2891	TCGA-AB-2891-03A	6
TCGA-LAML	LAML	TCGA-AB-2892	TCGA-AB-2892-03A	5
TCGA-LAML	LAML	TCGA-AB-2893	TCGA-AB-2893-03A	7
TCGA-LAML	LAML	TCGA-AB-2894	TCGA-AB-2894-03A	4
TCGA-LAML	LAML	TCGA-AB-2895	TCGA-AB-2895-03A	4
TCGA-LAML	LAML	TCGA-AB-2897	TCGA-AB-2897-03A	3
TCGA-LAML	LAML	TCGA-AB-2898	TCGA-AB-2898-03A	4
TCGA-LAML	LAML	TCGA-AB-2899	TCGA-AB-2899-03A	6
TCGA-LAML	LAML	TCGA-AB-2900	TCGA-AB-2900-03A	1
TCGA-LAML	LAML	TCGA-AB-2901	TCGA-AB-2901-03A	4
TCGA-LAML	LAML	TCGA-AB-2903	TCGA-AB-2903-03A	4
TCGA-LAML	LAML	TCGA-AB-2904	TCGA-AB-2904-03A	4
TCGA-LAML	LAML	TCGA-AB-2908	TCGA-AB-2908-03A	2
TCGA-LAML	LAML	TCGA-AB-2909	TCGA-AB-2909-03A	6
TCGA-LAML	LAML	TCGA-AB-2910	TCGA-AB-2910-03A	7
TCGA-LAML	LAML	TCGA-AB-2911	TCGA-AB-2911-03A	5
TCGA-LAML	LAML	TCGA-AB-2912	TCGA-AB-2912-03A	7
TCGA-LAML	LAML	TCGA-AB-2913	TCGA-AB-2913-03A	4
TCGA-LAML	LAML	TCGA-AB-2914	TCGA-AB-2914-03A	4
TCGA-LAML	LAML	TCGA-AB-2915	TCGA-AB-2915-03A	2
TCGA-LAML	LAML	TCGA-AB-2916	TCGA-AB-2916-03A	5
TCGA-LAML	LAML	TCGA-AB-2917	TCGA-AB-2917-03A	4
TCGA-LAML	LAML	TCGA-AB-2918	TCGA-AB-2918-03A	1
TCGA-LAML	LAML	TCGA-AB-2919	TCGA-AB-2919-03A	4
TCGA-LAML	LAML	TCGA-AB-2920	TCGA-AB-2920-03A	1
TCGA-LAML	LAML	TCGA-AB-2920	TCGA-AB-2920-03B	1
TCGA-LAML	LAML	TCGA-AB-2921	TCGA-AB-2921-03A	1
TCGA-LAML	LAML	TCGA-AB-2924	TCGA-AB-2924-03A	7
TCGA-LAML	LAML	TCGA-AB-2925	TCGA-AB-2925-03A	7
TCGA-LAML	LAML	TCGA-AB-2927	TCGA-AB-2927-03A	6
TCGA-LAML	LAML	TCGA-AB-2928	TCGA-AB-2928-03A	6
TCGA-LAML	LAML	TCGA-AB-2929	TCGA-AB-2929-03A	6
TCGA-LAML	LAML	TCGA-AB-2930	TCGA-AB-2930-03A	6
TCGA-LAML	LAML	TCGA-AB-2931	TCGA-AB-2931-03A	1
TCGA-LAML	LAML	TCGA-AB-2932	TCGA-AB-2932-03A	5
TCGA-LAML	LAML	TCGA-AB-2933	TCGA-AB-2933-03A	5
TCGA-LAML	LAML	TCGA-AB-2934	TCGA-AB-2934-03A	5
TCGA-LAML	LAML	TCGA-AB-2935	TCGA-AB-2935-03A	5
TCGA-LAML	LAML	TCGA-AB-2936	TCGA-AB-2936-03A	2
TCGA-LAML	LAML	TCGA-AB-2937	TCGA-AB-2937-03A	6
TCGA-LAML	LAML	TCGA-AB-2938	TCGA-AB-2938-03A	2
TCGA-LAML	LAML	TCGA-AB-2939	TCGA-AB-2939-03A	3
TCGA-LAML	LAML	TCGA-AB-2940	TCGA-AB-2940-03A	2
TCGA-LAML	LAML	TCGA-AB-2941	TCGA-AB-2941-03A	4
TCGA-LAML	LAML	TCGA-AB-2942	TCGA-AB-2942-03A	5
TCGA-LAML	LAML	TCGA-AB-2943	TCGA-AB-2943-03A	2
TCGA-LAML	LAML	TCGA-AB-2944	TCGA-AB-2944-03A	6
TCGA-LAML	LAML	TCGA-AB-2946	TCGA-AB-2946-03A	6
TCGA-LAML	LAML	TCGA-AB-2948	TCGA-AB-2948-03A	5
TCGA-LAML	LAML	TCGA-AB-2949	TCGA-AB-2949-03A	6
TCGA-LAML	LAML	TCGA-AB-2949	TCGA-AB-2949-03B	6
TCGA-LAML	LAML	TCGA-AB-2950	TCGA-AB-2950-03A	6
TCGA-LAML	LAML	TCGA-AB-2952	TCGA-AB-2952-03A	2
TCGA-LAML	LAML	TCGA-AB-2952	TCGA-AB-2952-03B	2
TCGA-LAML	LAML	TCGA-AB-2954	TCGA-AB-2954-03A	5
TCGA-LAML	LAML	TCGA-AB-2955	TCGA-AB-2955-03A	4
TCGA-LAML	LAML	TCGA-AB-2956	TCGA-AB-2956-03A	1
TCGA-LAML	LAML	TCGA-AB-2959	TCGA-AB-2959-03A	6
TCGA-LAML	LAML	TCGA-AB-2963	TCGA-AB-2963-03A	7
TCGA-LAML	LAML	TCGA-AB-2964	TCGA-AB-2964-03A	4
TCGA-LAML	LAML	TCGA-AB-2965	TCGA-AB-2965-03A	7
TCGA-LAML	LAML	TCGA-AB-2966	TCGA-AB-2966-03A	4
TCGA-LAML	LAML	TCGA-AB-2967	TCGA-AB-2967-03A	7
TCGA-LAML	LAML	TCGA-AB-2969	TCGA-AB-2969-03A	7
TCGA-LAML	LAML	TCGA-AB-2970	TCGA-AB-2970-03A	6
TCGA-LAML	LAML	TCGA-AB-2971	TCGA-AB-2971-03A	7
TCGA-LAML	LAML	TCGA-AB-2972	TCGA-AB-2972-03A	2
TCGA-LAML	LAML	TCGA-AB-2973	TCGA-AB-2973-03A	5
TCGA-LAML	LAML	TCGA-AB-2975	TCGA-AB-2975-03A	4
TCGA-LAML	LAML	TCGA-AB-2976	TCGA-AB-2976-03A	4
TCGA-LAML	LAML	TCGA-AB-2977	TCGA-AB-2977-03A	1
TCGA-LAML	LAML	TCGA-AB-2977	TCGA-AB-2977-03B	1
TCGA-LAML	LAML	TCGA-AB-2978	TCGA-AB-2978-03A	4
TCGA-LAML	LAML	TCGA-AB-2979	TCGA-AB-2979-03A	2
TCGA-LAML	LAML	TCGA-AB-2979	TCGA-AB-2979-03B	2
TCGA-LAML	LAML	TCGA-AB-2980	TCGA-AB-2980-03A	3
TCGA-LAML	LAML	TCGA-AB-2981	TCGA-AB-2981-03A	5
TCGA-LAML	LAML	TCGA-AB-2981	TCGA-AB-2981-03B	5
TCGA-LAML	LAML	TCGA-AB-2981	TCGA-AB-2981-03C	5
TCGA-LAML	LAML	TCGA-AB-2982	TCGA-AB-2982-03A	3
TCGA-LAML	LAML	TCGA-AB-2982	TCGA-AB-2982-03B	3
TCGA-LAML	LAML	TCGA-AB-2983	TCGA-AB-2983-03A	6
TCGA-LAML	LAML	TCGA-AB-2984	TCGA-AB-2984-03A	4
TCGA-LAML	LAML	TCGA-AB-2985	TCGA-AB-2985-03A	5
TCGA-LAML	LAML	TCGA-AB-2986	TCGA-AB-2986-03A	4
TCGA-LAML	LAML	TCGA-AB-2987	TCGA-AB-2987-03A	5
TCGA-LAML	LAML	TCGA-AB-2988	TCGA-AB-2988-03A	4
TCGA-LAML	LAML	TCGA-AB-2988	TCGA-AB-2988-03B	4
TCGA-LAML	LAML	TCGA-AB-2988	TCGA-AB-2988-03C	4
TCGA-LAML	LAML	TCGA-AB-2990	TCGA-AB-2990-03A	4
TCGA-LAML	LAML	TCGA-AB-2990	TCGA-AB-2990-03B	4
TCGA-LAML	LAML	TCGA-AB-2991	TCGA-AB-2991-03A	3
TCGA-LAML	LAML	TCGA-AB-2992	TCGA-AB-2992-03A	5
TCGA-LAML	LAML	TCGA-AB-2993	TCGA-AB-2993-03A	4
TCGA-LAML	LAML	TCGA-AB-2994	TCGA-AB-2994-03A	3
TCGA-LAML	LAML	TCGA-AB-2995	TCGA-AB-2995-03A	2
TCGA-LAML	LAML	TCGA-AB-2996	TCGA-AB-2996-03A	5
TCGA-LAML	LAML	TCGA-AB-2998	TCGA-AB-2998-03A	3
TCGA-LAML	LAML	TCGA-AB-2999	TCGA-AB-2999-03A	3
TCGA-LAML	LAML	TCGA-AB-2999	TCGA-AB-2999-03B	3
TCGA-LAML	LAML	TCGA-AB-3000	TCGA-AB-3000-03A	6
TCGA-LAML	LAML	TCGA-AB-3001	TCGA-AB-3001-03A	3
TCGA-LAML	LAML	TCGA-AB-3002	TCGA-AB-3002-03A	6
TCGA-LAML	LAML	TCGA-AB-3005	TCGA-AB-3005-03A	7
TCGA-LAML	LAML	TCGA-AB-3006	TCGA-AB-3006-03A	4
TCGA-LAML	LAML	TCGA-AB-3007	TCGA-AB-3007-03A	3
TCGA-LAML	LAML	TCGA-AB-3008	TCGA-AB-3008-03A	2
TCGA-LAML	LAML	TCGA-AB-3009	TCGA-AB-3009-03A	3
TCGA-LAML	LAML	TCGA-AB-3011	TCGA-AB-3011-03A	4
TCGA-LAML	LAML	TCGA-AB-3012	TCGA-AB-3012-03A	3
TCGA-BRCA	BRCA	TCGA-AC-A23C	TCGA-AC-A23C-01A	LumA
TCGA-BRCA	BRCA	TCGA-AC-A23E	TCGA-AC-A23E-01A	LumA
TCGA-BRCA	BRCA	TCGA-AC-A23G	TCGA-AC-A23G-01A	LumA
TCGA-BRCA	BRCA	TCGA-AC-A23H	TCGA-AC-A23H-01A	Her2
TCGA-BRCA	BRCA	TCGA-AC-A2B8	TCGA-AC-A2B8-01A	LumA
TCGA-BRCA	BRCA	TCGA-AC-A2BK	TCGA-AC-A2BK-01A	Basal
TCGA-BRCA	BRCA	TCGA-AC-A2BM	TCGA-AC-A2BM-01A	LumB
TCGA-BRCA	BRCA	TCGA-AC-A2FB	TCGA-AC-A2FB-01A	LumA
TCGA-BRCA	BRCA	TCGA-AC-A2FE	TCGA-AC-A2FE-01A	LumA
TCGA-BRCA	BRCA	TCGA-AC-A2FF	TCGA-AC-A2FF-01A	LumA
TCGA-BRCA	BRCA	TCGA-AC-A2FG	TCGA-AC-A2FG-01A	LumA
TCGA-BRCA	BRCA	TCGA-AC-A2FK	TCGA-AC-A2FK-01A	Normal
TCGA-BRCA	BRCA	TCGA-AC-A2FM	TCGA-AC-A2FM-01A	LumA
TCGA-BRCA	BRCA	TCGA-AC-A2FO	TCGA-AC-A2FO-01A	LumA
TCGA-BRCA	BRCA	TCGA-AC-A2QH	TCGA-AC-A2QH-01A	Basal
TCGA-BRCA	BRCA	TCGA-AC-A2QI	TCGA-AC-A2QI-01A	LumA
TCGA-BRCA	BRCA	TCGA-AC-A2QJ	TCGA-AC-A2QJ-01A	Basal
TCGA-BRCA	BRCA	TCGA-AC-A3BB	TCGA-AC-A3BB-01A	LumA
TCGA-BRCA	BRCA	TCGA-AC-A3EH	TCGA-AC-A3EH-01A	LumA
TCGA-BRCA	BRCA	TCGA-AC-A3HN	TCGA-AC-A3HN-01A	LumA
TCGA-BRCA	BRCA	TCGA-AC-A3OD	TCGA-AC-A3OD-01A	LumA
TCGA-BRCA	BRCA	TCGA-AC-A3QP	TCGA-AC-A3QP-01A	LumA
TCGA-BRCA	BRCA	TCGA-AC-A3QQ	TCGA-AC-A3QQ-01A	LumA
TCGA-BRCA	BRCA	TCGA-AC-A3TM	TCGA-AC-A3TM-01A	LumA
TCGA-BRCA	BRCA	TCGA-AC-A3TN	TCGA-AC-A3TN-01A	LumA
TCGA-BRCA	BRCA	TCGA-AC-A3W5	TCGA-AC-A3W5-01A	Her2
TCGA-BRCA	BRCA	TCGA-AC-A3W6	TCGA-AC-A3W6-01A	LumA
TCGA-BRCA	BRCA	TCGA-AC-A3W7	TCGA-AC-A3W7-01A	LumA
TCGA-BRCA	BRCA	TCGA-AC-A3YI	TCGA-AC-A3YI-01A	Normal
TCGA-BRCA	BRCA	TCGA-AC-A3YJ	TCGA-AC-A3YJ-01A	LumA
TCGA-BRCA	BRCA	TCGA-AC-A4ZE	TCGA-AC-A4ZE-01A	LumA
TCGA-BRCA	BRCA	TCGA-AC-A5EH	TCGA-AC-A5EH-01A	Her2
TCGA-BRCA	BRCA	TCGA-AC-A5XS	TCGA-AC-A5XS-01A	LumA
TCGA-BRCA	BRCA	TCGA-AC-A5XU	TCGA-AC-A5XU-01A	LumA
TCGA-BRCA	BRCA	TCGA-AC-A62V	TCGA-AC-A62V-01A	LumB
TCGA-BRCA	BRCA	TCGA-AC-A62X	TCGA-AC-A62X-01A	Basal
TCGA-BRCA	BRCA	TCGA-AC-A62Y	TCGA-AC-A62Y-01A	LumA
TCGA-BRCA	BRCA	TCGA-AC-A6IV	TCGA-AC-A6IV-01A	LumA
TCGA-BRCA	BRCA	TCGA-AC-A6IW	TCGA-AC-A6IW-01A	Basal
TCGA-BRCA	BRCA	TCGA-AC-A6IX	TCGA-AC-A6IX-01A	LumA
TCGA-BRCA	BRCA	TCGA-AC-A6IX	TCGA-AC-A6IX-06A	LumA
TCGA-BRCA	BRCA	TCGA-AC-A6NO	TCGA-AC-A6NO-01A	LumA
TCGA-BRCA	BRCA	TCGA-AC-A7VB	TCGA-AC-A7VB-01A	LumB
TCGA-BRCA	BRCA	TCGA-AC-A7VC	TCGA-AC-A7VC-01A	Basal
TCGA-BRCA	BRCA	TCGA-AC-A8OP	TCGA-AC-A8OP-01A	LumA
TCGA-BRCA	BRCA	TCGA-AC-A8OQ	TCGA-AC-A8OQ-01A	Basal
TCGA-BRCA	BRCA	TCGA-AC-A8OR	TCGA-AC-A8OR-01A	LumA
TCGA-BRCA	BRCA	TCGA-AC-A8OS	TCGA-AC-A8OS-01A	LumA
TCGA-COAD	COAD	TCGA-AD-5900	TCGA-AD-5900-01A	GI.MSI
TCGA-COAD	COAD	TCGA-AD-6548	TCGA-AD-6548-01A	GI.GS
TCGA-COAD	COAD	TCGA-AD-6888	TCGA-AD-6888-01A	GI.CIN
TCGA-COAD	COAD	TCGA-AD-6889	TCGA-AD-6889-01A	GI.MSI
TCGA-COAD	COAD	TCGA-AD-6890	TCGA-AD-6890-01A	GI.CIN
TCGA-COAD	COAD	TCGA-AD-6895	TCGA-AD-6895-01A	GI.MSI
TCGA-COAD	COAD	TCGA-AD-6899	TCGA-AD-6899-01A	GI.CIN
TCGA-COAD	COAD	TCGA-AD-6901	TCGA-AD-6901-01A	GI.CIN
TCGA-COAD	COAD	TCGA-AD-6963	TCGA-AD-6963-01A	GI.CIN
TCGA-COAD	COAD	TCGA-AD-6964	TCGA-AD-6964-01A	GI.MSI
TCGA-COAD	COAD	TCGA-AD-6965	TCGA-AD-6965-01A	GI.CIN
TCGA-COAD	COAD	TCGA-AD-A5EJ	TCGA-AD-A5EJ-01A	GI.MSI
TCGA-COAD	COAD	TCGA-AD-A5EK	TCGA-AD-A5EK-01A	GI.CIN
TCGA-READ	READ	TCGA-AF-2687	TCGA-AF-2687-01A	GI.CIN
TCGA-READ	READ	TCGA-AF-2690	TCGA-AF-2690-01A	GI.CIN
TCGA-READ	READ	TCGA-AF-2693	TCGA-AF-2693-01A	GI.CIN
TCGA-READ	READ	TCGA-AF-3911	TCGA-AF-3911-01A	GI.CIN
TCGA-READ	READ	TCGA-AF-4110	TCGA-AF-4110-01A	GI.CIN
TCGA-READ	READ	TCGA-AF-6136	TCGA-AF-6136-01A	GI.CIN
TCGA-READ	READ	TCGA-AF-6655	TCGA-AF-6655-01A	GI.CIN
TCGA-READ	READ	TCGA-AF-6672	TCGA-AF-6672-01A	GI.CIN
TCGA-READ	READ	TCGA-AF-A56K	TCGA-AF-A56K-01A	GI.CIN
TCGA-READ	READ	TCGA-AF-A56L	TCGA-AF-A56L-01A	GI.CIN
TCGA-READ	READ	TCGA-AF-A56N	TCGA-AF-A56N-01A	GI.CIN
TCGA-READ	READ	TCGA-AG-3591	TCGA-AG-3591-01A	GI.CIN
TCGA-READ	READ	TCGA-AG-3592	TCGA-AG-3592-01A	GI.CIN
TCGA-READ	READ	TCGA-AG-3725	TCGA-AG-3725-01A	GI.CIN
TCGA-READ	READ	TCGA-AG-3726	TCGA-AG-3726-01A	GI.CIN
TCGA-READ	READ	TCGA-AG-3727	TCGA-AG-3727-01A	GI.CIN
TCGA-READ	READ	TCGA-AG-3731	TCGA-AG-3731-01A	GI.CIN
TCGA-READ	READ	TCGA-AG-3732	TCGA-AG-3732-01A	GI.CIN
TCGA-READ	READ	TCGA-AG-3742	TCGA-AG-3742-01A	GI.CIN
TCGA-READ	READ	TCGA-AG-3878	TCGA-AG-3878-01A	GI.GS
TCGA-READ	READ	TCGA-AG-3881	TCGA-AG-3881-01A	GI.CIN
TCGA-READ	READ	TCGA-AG-3882	TCGA-AG-3882-01A	GI.CIN
TCGA-READ	READ	TCGA-AG-3883	TCGA-AG-3883-01A	GI.CIN
TCGA-READ	READ	TCGA-AG-3885	TCGA-AG-3885-01A	GI.CIN
TCGA-READ	READ	TCGA-AG-3887	TCGA-AG-3887-01A	GI.CIN
TCGA-READ	READ	TCGA-AG-3890	TCGA-AG-3890-01A	GI.CIN
TCGA-READ	READ	TCGA-AG-3892	TCGA-AG-3892-01A	GI.HM-SNV
TCGA-READ	READ	TCGA-AG-3893	TCGA-AG-3893-01A	GI.CIN
TCGA-READ	READ	TCGA-AG-3894	TCGA-AG-3894-01A	GI.GS
TCGA-READ	READ	TCGA-AG-3896	TCGA-AG-3896-01A	GI.CIN
TCGA-READ	READ	TCGA-AG-3898	TCGA-AG-3898-01A	GI.CIN
TCGA-READ	READ	TCGA-AG-3901	TCGA-AG-3901-01A	GI.CIN
TCGA-READ	READ	TCGA-AG-3902	TCGA-AG-3902-01A	GI.CIN
TCGA-READ	READ	TCGA-AG-3909	TCGA-AG-3909-01A	GI.CIN
TCGA-READ	READ	TCGA-AG-4001	TCGA-AG-4001-01A	GI.CIN
TCGA-READ	READ	TCGA-AG-4008	TCGA-AG-4008-01A	GI.CIN
TCGA-READ	READ	TCGA-AG-4015	TCGA-AG-4015-01A	GI.CIN
TCGA-READ	READ	TCGA-AG-4021	TCGA-AG-4021-01A	GI.CIN
TCGA-READ	READ	TCGA-AG-4022	TCGA-AG-4022-01A	GI.CIN
TCGA-READ	READ	TCGA-AG-A002	TCGA-AG-A002-01A	GI.HM-SNV
TCGA-READ	READ	TCGA-AG-A008	TCGA-AG-A008-01A	GI.CIN
TCGA-READ	READ	TCGA-AG-A00C	TCGA-AG-A00C-01A	GI.CIN
TCGA-READ	READ	TCGA-AG-A011	TCGA-AG-A011-01A	GI.CIN
TCGA-READ	READ	TCGA-AG-A015	TCGA-AG-A015-01A	GI.GS
TCGA-READ	READ	TCGA-AG-A016	TCGA-AG-A016-01A	GI.CIN
TCGA-READ	READ	TCGA-AG-A01L	TCGA-AG-A01L-01A	GI.CIN
TCGA-READ	READ	TCGA-AG-A01N	TCGA-AG-A01N-01A	GI.CIN
TCGA-READ	READ	TCGA-AG-A01W	TCGA-AG-A01W-01A	GI.CIN
TCGA-READ	READ	TCGA-AG-A01Y	TCGA-AG-A01Y-01A	GI.CIN
TCGA-READ	READ	TCGA-AG-A020	TCGA-AG-A020-01A	GI.CIN
TCGA-READ	READ	TCGA-AG-A026	TCGA-AG-A026-01A	GI.CIN
TCGA-READ	READ	TCGA-AG-A02N	TCGA-AG-A02N-01A	GI.MSI
TCGA-READ	READ	TCGA-AG-A02X	TCGA-AG-A02X-01A	GI.CIN
TCGA-READ	READ	TCGA-AH-6544	TCGA-AH-6544-01A	GI.CIN
TCGA-READ	READ	TCGA-AH-6547	TCGA-AH-6547-01A	GI.GS
TCGA-READ	READ	TCGA-AH-6643	TCGA-AH-6643-01A	GI.CIN
TCGA-READ	READ	TCGA-AH-6644	TCGA-AH-6644-01A	GI.CIN
TCGA-READ	READ	TCGA-AH-6897	TCGA-AH-6897-01A	GI.CIN
TCGA-READ	READ	TCGA-AH-6903	TCGA-AH-6903-01A	GI.GS
TCGA-UCEC	UCEC	TCGA-AJ-A23M	TCGA-AJ-A23M-01A	CN HIGH
TCGA-UCEC	UCEC	TCGA-AJ-A23N	TCGA-AJ-A23N-01A	CN HIGH
TCGA-UCEC	UCEC	TCGA-AJ-A23O	TCGA-AJ-A23O-01A	MSI
TCGA-UCEC	UCEC	TCGA-AJ-A2QK	TCGA-AJ-A2QK-01A	CN HIGH
TCGA-UCEC	UCEC	TCGA-AJ-A2QL	TCGA-AJ-A2QL-01A	CN LOW
TCGA-UCEC	UCEC	TCGA-AJ-A2QM	TCGA-AJ-A2QM-01A	CN HIGH
TCGA-UCEC	UCEC	TCGA-AJ-A2QN	TCGA-AJ-A2QN-01A	CN LOW
TCGA-UCEC	UCEC	TCGA-AJ-A2QO	TCGA-AJ-A2QO-01A	MSI
TCGA-UCEC	UCEC	TCGA-AJ-A3BD	TCGA-AJ-A3BD-01A	CN HIGH
TCGA-UCEC	UCEC	TCGA-AJ-A3BF	TCGA-AJ-A3BF-01A	CN HIGH
TCGA-UCEC	UCEC	TCGA-AJ-A3BG	TCGA-AJ-A3BG-01A	MSI
TCGA-UCEC	UCEC	TCGA-AJ-A3BH	TCGA-AJ-A3BH-01A	POLE
TCGA-UCEC	UCEC	TCGA-AJ-A3BI	TCGA-AJ-A3BI-01A	CN HIGH
TCGA-UCEC	UCEC	TCGA-AJ-A3BK	TCGA-AJ-A3BK-01A	CN LOW
TCGA-UCEC	UCEC	TCGA-AJ-A3EJ	TCGA-AJ-A3EJ-01A	CN HIGH
TCGA-UCEC	UCEC	TCGA-AJ-A3EK	TCGA-AJ-A3EK-01A	POLE
TCGA-UCEC	UCEC	TCGA-AJ-A3EL	TCGA-AJ-A3EL-01A	POLE
TCGA-UCEC	UCEC	TCGA-AJ-A3EM	TCGA-AJ-A3EM-01A	CN HIGH
TCGA-UCEC	UCEC	TCGA-AJ-A3I9	TCGA-AJ-A3I9-01A	CN LOW
TCGA-UCEC	UCEC	TCGA-AJ-A3IA	TCGA-AJ-A3IA-01A	CN HIGH
TCGA-UCEC	UCEC	TCGA-AJ-A3NF	TCGA-AJ-A3NF-01A	CN HIGH
TCGA-UCEC	UCEC	TCGA-AJ-A3NG	TCGA-AJ-A3NG-01A	CN LOW
TCGA-UCEC	UCEC	TCGA-AJ-A3OJ	TCGA-AJ-A3OJ-01A	MSI
TCGA-UCEC	UCEC	TCGA-AJ-A3OK	TCGA-AJ-A3OK-01A	CN LOW
TCGA-UCEC	UCEC	TCGA-AJ-A3OL	TCGA-AJ-A3OL-01A	MSI
TCGA-UCEC	UCEC	TCGA-AJ-A3QS	TCGA-AJ-A3QS-01A	CN HIGH
TCGA-UCEC	UCEC	TCGA-AJ-A3TW	TCGA-AJ-A3TW-01A	CN HIGH
TCGA-UCEC	UCEC	TCGA-AJ-A5DV	TCGA-AJ-A5DV-01A	CN LOW
TCGA-UCEC	UCEC	TCGA-AJ-A5DW	TCGA-AJ-A5DW-01A	POLE
TCGA-UCEC	UCEC	TCGA-AJ-A6NU	TCGA-AJ-A6NU-01A	CN HIGH
TCGA-UCEC	UCEC	TCGA-AJ-A8CT	TCGA-AJ-A8CT-01A	MSI
TCGA-UCEC	UCEC	TCGA-AJ-A8CV	TCGA-AJ-A8CV-01A	MSI
TCGA-UCEC	UCEC	TCGA-AJ-A8CW	TCGA-AJ-A8CW-01A	MSI
TCGA-KIRC	KIRC	TCGA-AK-3428	TCGA-AK-3428-01A	4
TCGA-KIRC	KIRC	TCGA-AK-3429	TCGA-AK-3429-01A	4
TCGA-KIRC	KIRC	TCGA-AK-3431	TCGA-AK-3431-01A	3
TCGA-KIRC	KIRC	TCGA-AK-3434	TCGA-AK-3434-01A	4
TCGA-KIRC	KIRC	TCGA-AK-3436	TCGA-AK-3436-01A	4
TCGA-KIRC	KIRC	TCGA-AK-3445	TCGA-AK-3445-01A	3
TCGA-KIRC	KIRC	TCGA-AK-3450	TCGA-AK-3450-01A	4
TCGA-KIRC	KIRC	TCGA-AK-3451	TCGA-AK-3451-01A	4
TCGA-KIRC	KIRC	TCGA-AK-3454	TCGA-AK-3454-01A	1
TCGA-KIRC	KIRC	TCGA-AK-3455	TCGA-AK-3455-01A	4
TCGA-KIRC	KIRC	TCGA-AK-3456	TCGA-AK-3456-01A	1
TCGA-KIRC	KIRC	TCGA-AK-3458	TCGA-AK-3458-01A	4
TCGA-KIRC	KIRC	TCGA-AK-3460	TCGA-AK-3460-01A	1
TCGA-KIRC	KIRC	TCGA-AK-3461	TCGA-AK-3461-01A	1
TCGA-KIRP	KIRP	TCGA-AL-3466	TCGA-AL-3466-01A	C2b
TCGA-KIRP	KIRP	TCGA-AL-3471	TCGA-AL-3471-01A	C1
TCGA-KIRP	KIRP	TCGA-AL-3472	TCGA-AL-3472-01A	C1
TCGA-KIRP	KIRP	TCGA-AL-3473	TCGA-AL-3473-01A	C2a
TCGA-KIRP	KIRP	TCGA-AL-7173	TCGA-AL-7173-01A	C2a
TCGA-COAD	COAD	TCGA-AM-5820	TCGA-AM-5820-01A	GI.CIN
TCGA-COAD	COAD	TCGA-AM-5821	TCGA-AM-5821-01A	GI.MSI
TCGA-BRCA	BRCA	TCGA-AN-A03X	TCGA-AN-A03X-01A	LumA
TCGA-BRCA	BRCA	TCGA-AN-A03Y	TCGA-AN-A03Y-01A	LumB
TCGA-BRCA	BRCA	TCGA-AN-A041	TCGA-AN-A041-01A	LumA
TCGA-BRCA	BRCA	TCGA-AN-A046	TCGA-AN-A046-01A	LumA
TCGA-BRCA	BRCA	TCGA-AN-A049	TCGA-AN-A049-01A	LumA
TCGA-BRCA	BRCA	TCGA-AN-A04A	TCGA-AN-A04A-01A	LumA
TCGA-BRCA	BRCA	TCGA-AN-A04C	TCGA-AN-A04C-01A	Her2
TCGA-BRCA	BRCA	TCGA-AN-A04D	TCGA-AN-A04D-01A	Basal
TCGA-BRCA	BRCA	TCGA-AN-A0AJ	TCGA-AN-A0AJ-01A	LumB
TCGA-BRCA	BRCA	TCGA-AN-A0AK	TCGA-AN-A0AK-01A	LumB
TCGA-BRCA	BRCA	TCGA-AN-A0AL	TCGA-AN-A0AL-01A	Basal
TCGA-BRCA	BRCA	TCGA-AN-A0AM	TCGA-AN-A0AM-01A	LumB
TCGA-BRCA	BRCA	TCGA-AN-A0AR	TCGA-AN-A0AR-01A	Basal
TCGA-BRCA	BRCA	TCGA-AN-A0AS	TCGA-AN-A0AS-01A	LumA
TCGA-BRCA	BRCA	TCGA-AN-A0AT	TCGA-AN-A0AT-01A	Basal
TCGA-BRCA	BRCA	TCGA-AN-A0FD	TCGA-AN-A0FD-01A	LumA
TCGA-BRCA	BRCA	TCGA-AN-A0FF	TCGA-AN-A0FF-01A	LumB
TCGA-BRCA	BRCA	TCGA-AN-A0FJ	TCGA-AN-A0FJ-01A	Basal
TCGA-BRCA	BRCA	TCGA-AN-A0FK	TCGA-AN-A0FK-01A	LumA
TCGA-BRCA	BRCA	TCGA-AN-A0FL	TCGA-AN-A0FL-01A	Basal
TCGA-BRCA	BRCA	TCGA-AN-A0FN	TCGA-AN-A0FN-01A	LumA
TCGA-BRCA	BRCA	TCGA-AN-A0FS	TCGA-AN-A0FS-01A	LumA
TCGA-BRCA	BRCA	TCGA-AN-A0FT	TCGA-AN-A0FT-01A	LumA
TCGA-BRCA	BRCA	TCGA-AN-A0FV	TCGA-AN-A0FV-01A	Her2
TCGA-BRCA	BRCA	TCGA-AN-A0FW	TCGA-AN-A0FW-01A	LumA
TCGA-BRCA	BRCA	TCGA-AN-A0FX	TCGA-AN-A0FX-01A	Basal
TCGA-BRCA	BRCA	TCGA-AN-A0FY	TCGA-AN-A0FY-01A	LumB
TCGA-BRCA	BRCA	TCGA-AN-A0FZ	TCGA-AN-A0FZ-01A	LumA
TCGA-BRCA	BRCA	TCGA-AN-A0G0	TCGA-AN-A0G0-01A	Basal
TCGA-BRCA	BRCA	TCGA-AN-A0XL	TCGA-AN-A0XL-01A	LumA
TCGA-BRCA	BRCA	TCGA-AN-A0XN	TCGA-AN-A0XN-01A	LumA
TCGA-BRCA	BRCA	TCGA-AN-A0XO	TCGA-AN-A0XO-01A	LumA
TCGA-BRCA	BRCA	TCGA-AN-A0XP	TCGA-AN-A0XP-01A	LumA
TCGA-BRCA	BRCA	TCGA-AN-A0XR	TCGA-AN-A0XR-01A	LumB
TCGA-BRCA	BRCA	TCGA-AN-A0XS	TCGA-AN-A0XS-01A	LumA
TCGA-BRCA	BRCA	TCGA-AN-A0XT	TCGA-AN-A0XT-01A	LumA
TCGA-BRCA	BRCA	TCGA-AN-A0XU	TCGA-AN-A0XU-01A	Basal
TCGA-BRCA	BRCA	TCGA-AN-A0XV	TCGA-AN-A0XV-01A	LumA
TCGA-BRCA	BRCA	TCGA-AN-A0XW	TCGA-AN-A0XW-01A	LumA
TCGA-BRCA	BRCA	TCGA-AO-A03L	TCGA-AO-A03L-01A	LumA
TCGA-BRCA	BRCA	TCGA-AO-A03M	TCGA-AO-A03M-01B	LumA
TCGA-BRCA	BRCA	TCGA-AO-A03N	TCGA-AO-A03N-01B	LumB
TCGA-BRCA	BRCA	TCGA-AO-A03O	TCGA-AO-A03O-01A	LumB
TCGA-BRCA	BRCA	TCGA-AO-A03P	TCGA-AO-A03P-01A	LumB
TCGA-BRCA	BRCA	TCGA-AO-A03R	TCGA-AO-A03R-01A	Normal
TCGA-BRCA	BRCA	TCGA-AO-A03T	TCGA-AO-A03T-01A	Normal
TCGA-BRCA	BRCA	TCGA-AO-A03U	TCGA-AO-A03U-01B	Normal
TCGA-BRCA	BRCA	TCGA-AO-A03V	TCGA-AO-A03V-01A	LumA
TCGA-BRCA	BRCA	TCGA-AO-A0J2	TCGA-AO-A0J2-01A	Her2
TCGA-BRCA	BRCA	TCGA-AO-A0J3	TCGA-AO-A0J3-01A	LumB
TCGA-BRCA	BRCA	TCGA-AO-A0J4	TCGA-AO-A0J4-01A	Basal
TCGA-BRCA	BRCA	TCGA-AO-A0J5	TCGA-AO-A0J5-01A	LumA
TCGA-BRCA	BRCA	TCGA-AO-A0J6	TCGA-AO-A0J6-01A	Basal
TCGA-BRCA	BRCA	TCGA-AO-A0J7	TCGA-AO-A0J7-01A	LumB
TCGA-BRCA	BRCA	TCGA-AO-A0J8	TCGA-AO-A0J8-01A	LumA
TCGA-BRCA	BRCA	TCGA-AO-A0J9	TCGA-AO-A0J9-01A	LumA
TCGA-BRCA	BRCA	TCGA-AO-A0JA	TCGA-AO-A0JA-01A	LumA
TCGA-BRCA	BRCA	TCGA-AO-A0JB	TCGA-AO-A0JB-01A	Normal
TCGA-BRCA	BRCA	TCGA-AO-A0JC	TCGA-AO-A0JC-01A	LumA
TCGA-BRCA	BRCA	TCGA-AO-A0JD	TCGA-AO-A0JD-01A	LumB
TCGA-BRCA	BRCA	TCGA-AO-A0JE	TCGA-AO-A0JE-01A	Her2
TCGA-BRCA	BRCA	TCGA-AO-A0JF	TCGA-AO-A0JF-01A	LumA
TCGA-BRCA	BRCA	TCGA-AO-A0JG	TCGA-AO-A0JG-01A	LumA
TCGA-BRCA	BRCA	TCGA-AO-A0JI	TCGA-AO-A0JI-01A	LumA
TCGA-BRCA	BRCA	TCGA-AO-A0JJ	TCGA-AO-A0JJ-01A	LumA
TCGA-BRCA	BRCA	TCGA-AO-A0JL	TCGA-AO-A0JL-01A	Basal
TCGA-BRCA	BRCA	TCGA-AO-A0JM	TCGA-AO-A0JM-01A	LumB
TCGA-BRCA	BRCA	TCGA-AO-A124	TCGA-AO-A124-01A	Basal
TCGA-BRCA	BRCA	TCGA-AO-A125	TCGA-AO-A125-01A	LumA
TCGA-BRCA	BRCA	TCGA-AO-A126	TCGA-AO-A126-01A	LumA
TCGA-BRCA	BRCA	TCGA-AO-A128	TCGA-AO-A128-01A	Basal
TCGA-BRCA	BRCA	TCGA-AO-A129	TCGA-AO-A129-01A	Basal
TCGA-BRCA	BRCA	TCGA-AO-A12A	TCGA-AO-A12A-01A	LumA
TCGA-BRCA	BRCA	TCGA-AO-A12B	TCGA-AO-A12B-01A	LumA
TCGA-BRCA	BRCA	TCGA-AO-A12C	TCGA-AO-A12C-01A	LumA
TCGA-BRCA	BRCA	TCGA-AO-A12D	TCGA-AO-A12D-01A	Her2
TCGA-BRCA	BRCA	TCGA-AO-A12E	TCGA-AO-A12E-01A	LumA
TCGA-BRCA	BRCA	TCGA-AO-A12F	TCGA-AO-A12F-01A	Basal
TCGA-BRCA	BRCA	TCGA-AO-A12G	TCGA-AO-A12G-01A	LumA
TCGA-BRCA	BRCA	TCGA-AO-A12H	TCGA-AO-A12H-01A	LumA
TCGA-BRCA	BRCA	TCGA-AO-A1KO	TCGA-AO-A1KO-01A	Normal
TCGA-BRCA	BRCA	TCGA-AO-A1KP	TCGA-AO-A1KP-01A	LumB
TCGA-BRCA	BRCA	TCGA-AO-A1KQ	TCGA-AO-A1KQ-01A	LumB
TCGA-BRCA	BRCA	TCGA-AO-A1KR	TCGA-AO-A1KR-01A	Basal
TCGA-BRCA	BRCA	TCGA-AO-A1KS	TCGA-AO-A1KS-01A	LumB
TCGA-BRCA	BRCA	TCGA-AO-A1KT	TCGA-AO-A1KT-01A	LumB
TCGA-UCEC	UCEC	TCGA-AP-A051	TCGA-AP-A051-01A	POLE
TCGA-UCEC	UCEC	TCGA-AP-A052	TCGA-AP-A052-01A	CN HIGH
TCGA-UCEC	UCEC	TCGA-AP-A054	TCGA-AP-A054-01A	POLE
TCGA-UCEC	UCEC	TCGA-AP-A056	TCGA-AP-A056-01A	POLE
TCGA-UCEC	UCEC	TCGA-AP-A059	TCGA-AP-A059-01A	POLE
TCGA-UCEC	UCEC	TCGA-AP-A05A	TCGA-AP-A05A-01A	CN HIGH
TCGA-UCEC	UCEC	TCGA-AP-A05D	TCGA-AP-A05D-01A	CN HIGH
TCGA-UCEC	UCEC	TCGA-AP-A05H	TCGA-AP-A05H-01A	CN HIGH
TCGA-UCEC	UCEC	TCGA-AP-A05J	TCGA-AP-A05J-01A	CN HIGH
TCGA-UCEC	UCEC	TCGA-AP-A05N	TCGA-AP-A05N-01A	MSI
TCGA-UCEC	UCEC	TCGA-AP-A05P	TCGA-AP-A05P-01A	CN LOW
TCGA-UCEC	UCEC	TCGA-AP-A0L8	TCGA-AP-A0L8-01A	CN HIGH
TCGA-UCEC	UCEC	TCGA-AP-A0L9	TCGA-AP-A0L9-01A	CN HIGH
TCGA-UCEC	UCEC	TCGA-AP-A0LD	TCGA-AP-A0LD-01A	MSI
TCGA-UCEC	UCEC	TCGA-AP-A0LE	TCGA-AP-A0LE-01A	MSI
TCGA-UCEC	UCEC	TCGA-AP-A0LF	TCGA-AP-A0LF-01A	CN HIGH
TCGA-UCEC	UCEC	TCGA-AP-A0LG	TCGA-AP-A0LG-01A	MSI
TCGA-UCEC	UCEC	TCGA-AP-A0LH	TCGA-AP-A0LH-01A	CN HIGH
TCGA-UCEC	UCEC	TCGA-AP-A0LI	TCGA-AP-A0LI-01A	CN HIGH
TCGA-UCEC	UCEC	TCGA-AP-A0LJ	TCGA-AP-A0LJ-01A	CN LOW
TCGA-UCEC	UCEC	TCGA-AP-A0LL	TCGA-AP-A0LL-01A	CN LOW
TCGA-UCEC	UCEC	TCGA-AP-A0LM	TCGA-AP-A0LM-01A	POLE
TCGA-UCEC	UCEC	TCGA-AP-A0LN	TCGA-AP-A0LN-01A	CN LOW
TCGA-UCEC	UCEC	TCGA-AP-A0LO	TCGA-AP-A0LO-01A	CN LOW
TCGA-UCEC	UCEC	TCGA-AP-A0LP	TCGA-AP-A0LP-01A	MSI
TCGA-UCEC	UCEC	TCGA-AP-A0LS	TCGA-AP-A0LS-01A	MSI
TCGA-UCEC	UCEC	TCGA-AP-A0LT	TCGA-AP-A0LT-01A	MSI
TCGA-UCEC	UCEC	TCGA-AP-A0LV	TCGA-AP-A0LV-01A	CN LOW
TCGA-UCEC	UCEC	TCGA-AP-A1DH	TCGA-AP-A1DH-01A	MSI
TCGA-UCEC	UCEC	TCGA-AP-A1DK	TCGA-AP-A1DK-01A	POLE
TCGA-UCEC	UCEC	TCGA-AP-A1DM	TCGA-AP-A1DM-01A	POLE
TCGA-UCEC	UCEC	TCGA-AP-A1DO	TCGA-AP-A1DO-01A	MSI
TCGA-UCEC	UCEC	TCGA-AP-A1DP	TCGA-AP-A1DP-01A	MSI
TCGA-UCEC	UCEC	TCGA-AP-A1DQ	TCGA-AP-A1DQ-01A	POLE
TCGA-UCEC	UCEC	TCGA-AP-A1DR	TCGA-AP-A1DR-01A	MSI
TCGA-UCEC	UCEC	TCGA-AP-A1DV	TCGA-AP-A1DV-01A	POLE
TCGA-UCEC	UCEC	TCGA-AP-A1E0	TCGA-AP-A1E0-01A	POLE
TCGA-UCEC	UCEC	TCGA-AP-A1E1	TCGA-AP-A1E1-01A	MSI
TCGA-UCEC	UCEC	TCGA-AP-A1E3	TCGA-AP-A1E3-01A	CN LOW
TCGA-UCEC	UCEC	TCGA-AP-A1E4	TCGA-AP-A1E4-01A	CN LOW
TCGA-UCEC	UCEC	TCGA-AP-A5FX	TCGA-AP-A5FX-01A	CN HIGH
TCGA-BRCA	BRCA	TCGA-AQ-A04H	TCGA-AQ-A04H-01B	LumB
TCGA-BRCA	BRCA	TCGA-AQ-A04J	TCGA-AQ-A04J-01A	Basal
TCGA-BRCA	BRCA	TCGA-AQ-A04L	TCGA-AQ-A04L-01B	LumA
TCGA-BRCA	BRCA	TCGA-AQ-A0Y5	TCGA-AQ-A0Y5-01A	LumA
TCGA-BRCA	BRCA	TCGA-AQ-A1H2	TCGA-AQ-A1H2-01A	LumA
TCGA-BRCA	BRCA	TCGA-AQ-A1H3	TCGA-AQ-A1H3-01A	LumA
TCGA-BRCA	BRCA	TCGA-AQ-A54N	TCGA-AQ-A54N-01A	Basal
TCGA-BRCA	BRCA	TCGA-AQ-A54O	TCGA-AQ-A54O-01A	LumB
TCGA-BRCA	BRCA	TCGA-AQ-A7U7	TCGA-AQ-A7U7-01A	LumA
TCGA-BRCA	BRCA	TCGA-AR-A0TP	TCGA-AR-A0TP-01A	Basal
TCGA-BRCA	BRCA	TCGA-AR-A0TQ	TCGA-AR-A0TQ-01A	LumB
TCGA-BRCA	BRCA	TCGA-AR-A0TR	TCGA-AR-A0TR-01A	LumA
TCGA-BRCA	BRCA	TCGA-AR-A0TS	TCGA-AR-A0TS-01A	Basal
TCGA-BRCA	BRCA	TCGA-AR-A0TT	TCGA-AR-A0TT-01A	LumB
TCGA-BRCA	BRCA	TCGA-AR-A0TU	TCGA-AR-A0TU-01A	Basal
TCGA-BRCA	BRCA	TCGA-AR-A0TV	TCGA-AR-A0TV-01A	LumB
TCGA-BRCA	BRCA	TCGA-AR-A0TW	TCGA-AR-A0TW-01A	LumA
TCGA-BRCA	BRCA	TCGA-AR-A0TX	TCGA-AR-A0TX-01A	Her2
TCGA-BRCA	BRCA	TCGA-AR-A0TY	TCGA-AR-A0TY-01A	LumB
TCGA-BRCA	BRCA	TCGA-AR-A0TZ	TCGA-AR-A0TZ-01A	LumA
TCGA-BRCA	BRCA	TCGA-AR-A0U0	TCGA-AR-A0U0-01A	Basal
TCGA-BRCA	BRCA	TCGA-AR-A0U1	TCGA-AR-A0U1-01A	Basal
TCGA-BRCA	BRCA	TCGA-AR-A0U2	TCGA-AR-A0U2-01A	LumB
TCGA-BRCA	BRCA	TCGA-AR-A0U3	TCGA-AR-A0U3-01A	LumA
TCGA-BRCA	BRCA	TCGA-AR-A0U4	TCGA-AR-A0U4-01A	Basal
TCGA-BRCA	BRCA	TCGA-AR-A1AH	TCGA-AR-A1AH-01A	Basal
TCGA-BRCA	BRCA	TCGA-AR-A1AI	TCGA-AR-A1AI-01A	Basal
TCGA-BRCA	BRCA	TCGA-AR-A1AJ	TCGA-AR-A1AJ-01A	Basal
TCGA-BRCA	BRCA	TCGA-AR-A1AK	TCGA-AR-A1AK-01A	LumA
TCGA-BRCA	BRCA	TCGA-AR-A1AL	TCGA-AR-A1AL-01A	LumA
TCGA-BRCA	BRCA	TCGA-AR-A1AM	TCGA-AR-A1AM-01A	LumA
TCGA-BRCA	BRCA	TCGA-AR-A1AN	TCGA-AR-A1AN-01A	LumA
TCGA-BRCA	BRCA	TCGA-AR-A1AO	TCGA-AR-A1AO-01A	Normal
TCGA-BRCA	BRCA	TCGA-AR-A1AP	TCGA-AR-A1AP-01A	LumA
TCGA-BRCA	BRCA	TCGA-AR-A1AQ	TCGA-AR-A1AQ-01A	Basal
TCGA-BRCA	BRCA	TCGA-AR-A1AR	TCGA-AR-A1AR-01A	Basal
TCGA-BRCA	BRCA	TCGA-AR-A1AS	TCGA-AR-A1AS-01A	LumA
TCGA-BRCA	BRCA	TCGA-AR-A1AT	TCGA-AR-A1AT-01A	Her2
TCGA-BRCA	BRCA	TCGA-AR-A1AU	TCGA-AR-A1AU-01A	LumA
TCGA-BRCA	BRCA	TCGA-AR-A1AV	TCGA-AR-A1AV-01A	LumA
TCGA-BRCA	BRCA	TCGA-AR-A1AW	TCGA-AR-A1AW-01A	LumB
TCGA-BRCA	BRCA	TCGA-AR-A1AX	TCGA-AR-A1AX-01A	LumA
TCGA-BRCA	BRCA	TCGA-AR-A1AY	TCGA-AR-A1AY-01A	Basal
TCGA-BRCA	BRCA	TCGA-AR-A24H	TCGA-AR-A24H-01A	LumB
TCGA-BRCA	BRCA	TCGA-AR-A24K	TCGA-AR-A24K-01A	LumB
TCGA-BRCA	BRCA	TCGA-AR-A24L	TCGA-AR-A24L-01A	LumA
TCGA-BRCA	BRCA	TCGA-AR-A24M	TCGA-AR-A24M-01A	LumA
TCGA-BRCA	BRCA	TCGA-AR-A24N	TCGA-AR-A24N-01A	LumB
TCGA-BRCA	BRCA	TCGA-AR-A24O	TCGA-AR-A24O-01A	LumA
TCGA-BRCA	BRCA	TCGA-AR-A24P	TCGA-AR-A24P-01A	LumA
TCGA-BRCA	BRCA	TCGA-AR-A24Q	TCGA-AR-A24Q-01A	Basal
TCGA-BRCA	BRCA	TCGA-AR-A24R	TCGA-AR-A24R-01A	LumB
TCGA-BRCA	BRCA	TCGA-AR-A24S	TCGA-AR-A24S-01A	LumB
TCGA-BRCA	BRCA	TCGA-AR-A24T	TCGA-AR-A24T-01A	LumA
TCGA-BRCA	BRCA	TCGA-AR-A24U	TCGA-AR-A24U-01A	Her2
TCGA-BRCA	BRCA	TCGA-AR-A24V	TCGA-AR-A24V-01A	LumA
TCGA-BRCA	BRCA	TCGA-AR-A24W	TCGA-AR-A24W-01A	LumA
TCGA-BRCA	BRCA	TCGA-AR-A24X	TCGA-AR-A24X-01A	LumA
TCGA-BRCA	BRCA	TCGA-AR-A24Z	TCGA-AR-A24Z-01A	LumB
TCGA-BRCA	BRCA	TCGA-AR-A250	TCGA-AR-A250-01A	LumB
TCGA-BRCA	BRCA	TCGA-AR-A251	TCGA-AR-A251-01A	Basal
TCGA-BRCA	BRCA	TCGA-AR-A252	TCGA-AR-A252-01A	LumA
TCGA-BRCA	BRCA	TCGA-AR-A254	TCGA-AR-A254-01A	Her2
TCGA-BRCA	BRCA	TCGA-AR-A255	TCGA-AR-A255-01A	LumA
TCGA-BRCA	BRCA	TCGA-AR-A256	TCGA-AR-A256-01A	Basal
TCGA-BRCA	BRCA	TCGA-AR-A2LE	TCGA-AR-A2LE-01A	LumA
TCGA-BRCA	BRCA	TCGA-AR-A2LH	TCGA-AR-A2LH-01A	Normal
TCGA-BRCA	BRCA	TCGA-AR-A2LJ	TCGA-AR-A2LJ-01A	LumA
TCGA-BRCA	BRCA	TCGA-AR-A2LK	TCGA-AR-A2LK-01A	LumB
TCGA-BRCA	BRCA	TCGA-AR-A2LL	TCGA-AR-A2LL-01A	LumB
TCGA-BRCA	BRCA	TCGA-AR-A2LM	TCGA-AR-A2LM-01A	LumA
TCGA-BRCA	BRCA	TCGA-AR-A2LN	TCGA-AR-A2LN-01A	LumA
TCGA-BRCA	BRCA	TCGA-AR-A2LO	TCGA-AR-A2LO-01A	LumA
TCGA-BRCA	BRCA	TCGA-AR-A2LQ	TCGA-AR-A2LQ-01A	Normal
TCGA-BRCA	BRCA	TCGA-AR-A2LR	TCGA-AR-A2LR-01A	Basal
TCGA-BRCA	BRCA	TCGA-AR-A5QM	TCGA-AR-A5QM-01A	LumA
TCGA-BRCA	BRCA	TCGA-AR-A5QN	TCGA-AR-A5QN-01A	LumA
TCGA-BRCA	BRCA	TCGA-AR-A5QP	TCGA-AR-A5QP-01A	LumA
TCGA-BRCA	BRCA	TCGA-AR-A5QQ	TCGA-AR-A5QQ-01A	Basal
TCGA-KIRP	KIRP	TCGA-AT-A5NU	TCGA-AT-A5NU-01A	C1
TCGA-COAD	COAD	TCGA-AU-3779	TCGA-AU-3779-01A	GI.CIN
TCGA-COAD	COAD	TCGA-AU-6004	TCGA-AU-6004-01A	GI.MSI
TCGA-UCEC	UCEC	TCGA-AW-A1PO	TCGA-AW-A1PO-01A	CN HIGH
TCGA-UCEC	UCEC	TCGA-AX-A05S	TCGA-AX-A05S-01A	MSI
TCGA-UCEC	UCEC	TCGA-AX-A05T	TCGA-AX-A05T-01A	CN LOW
TCGA-UCEC	UCEC	TCGA-AX-A05U	TCGA-AX-A05U-01A	CN LOW
TCGA-UCEC	UCEC	TCGA-AX-A05W	TCGA-AX-A05W-01A	CN LOW
TCGA-UCEC	UCEC	TCGA-AX-A05Y	TCGA-AX-A05Y-01A	MSI
TCGA-UCEC	UCEC	TCGA-AX-A05Z	TCGA-AX-A05Z-01A	POLE
TCGA-UCEC	UCEC	TCGA-AX-A060	TCGA-AX-A060-01A	MSI
TCGA-UCEC	UCEC	TCGA-AX-A062	TCGA-AX-A062-01A	CN LOW
TCGA-UCEC	UCEC	TCGA-AX-A063	TCGA-AX-A063-01A	MSI
TCGA-UCEC	UCEC	TCGA-AX-A064	TCGA-AX-A064-01A	MSI
TCGA-UCEC	UCEC	TCGA-AX-A06B	TCGA-AX-A06B-01A	CN HIGH
TCGA-UCEC	UCEC	TCGA-AX-A06F	TCGA-AX-A06F-01A	POLE
TCGA-UCEC	UCEC	TCGA-AX-A06H	TCGA-AX-A06H-01A	MSI
TCGA-UCEC	UCEC	TCGA-AX-A06J	TCGA-AX-A06J-01A	CN LOW
TCGA-UCEC	UCEC	TCGA-AX-A06L	TCGA-AX-A06L-01A	CN LOW
TCGA-UCEC	UCEC	TCGA-AX-A0IS	TCGA-AX-A0IS-01A	CN LOW
TCGA-UCEC	UCEC	TCGA-AX-A0IU	TCGA-AX-A0IU-01A	CN HIGH
TCGA-UCEC	UCEC	TCGA-AX-A0IW	TCGA-AX-A0IW-01A	CN HIGH
TCGA-UCEC	UCEC	TCGA-AX-A0J0	TCGA-AX-A0J0-01A	POLE
TCGA-UCEC	UCEC	TCGA-AX-A0J1	TCGA-AX-A0J1-01A	POLE
TCGA-UCEC	UCEC	TCGA-AX-A1C4	TCGA-AX-A1C4-01A	MSI
TCGA-UCEC	UCEC	TCGA-AX-A1C5	TCGA-AX-A1C5-01A	MSI
TCGA-UCEC	UCEC	TCGA-AX-A1C7	TCGA-AX-A1C7-01A	CN HIGH
TCGA-UCEC	UCEC	TCGA-AX-A1C8	TCGA-AX-A1C8-01A	CN HIGH
TCGA-UCEC	UCEC	TCGA-AX-A1C9	TCGA-AX-A1C9-01A	POLE
TCGA-UCEC	UCEC	TCGA-AX-A1CA	TCGA-AX-A1CA-01A	CN HIGH
TCGA-UCEC	UCEC	TCGA-AX-A1CC	TCGA-AX-A1CC-01A	CN LOW
TCGA-UCEC	UCEC	TCGA-AX-A1CE	TCGA-AX-A1CE-01A	POLE
TCGA-UCEC	UCEC	TCGA-AX-A1CF	TCGA-AX-A1CF-01A	POLE
TCGA-UCEC	UCEC	TCGA-AX-A1CI	TCGA-AX-A1CI-01A	CN LOW
TCGA-UCEC	UCEC	TCGA-AX-A1CJ	TCGA-AX-A1CJ-01A	CN LOW
TCGA-UCEC	UCEC	TCGA-AX-A1CK	TCGA-AX-A1CK-01A	CN LOW
TCGA-UCEC	UCEC	TCGA-AX-A1CN	TCGA-AX-A1CN-01A	CN LOW
TCGA-UCEC	UCEC	TCGA-AX-A2H2	TCGA-AX-A2H2-01A	CN HIGH
TCGA-UCEC	UCEC	TCGA-AX-A2H4	TCGA-AX-A2H4-01A	CN HIGH
TCGA-UCEC	UCEC	TCGA-AX-A2H5	TCGA-AX-A2H5-01A	CN HIGH
TCGA-UCEC	UCEC	TCGA-AX-A2H7	TCGA-AX-A2H7-01A	CN LOW
TCGA-UCEC	UCEC	TCGA-AX-A2HA	TCGA-AX-A2HA-01A	POLE
TCGA-UCEC	UCEC	TCGA-AX-A2HC	TCGA-AX-A2HC-01A	POLE
TCGA-UCEC	UCEC	TCGA-AX-A2HD	TCGA-AX-A2HD-01A	POLE
TCGA-UCEC	UCEC	TCGA-AX-A2HG	TCGA-AX-A2HG-01A	MSI
TCGA-UCEC	UCEC	TCGA-AX-A2HH	TCGA-AX-A2HH-01A	CN LOW
TCGA-UCEC	UCEC	TCGA-AX-A2HJ	TCGA-AX-A2HJ-01A	MSI
TCGA-UCEC	UCEC	TCGA-AX-A2HK	TCGA-AX-A2HK-01A	CN HIGH
TCGA-UCEC	UCEC	TCGA-AX-A2IN	TCGA-AX-A2IN-01A	MSI
TCGA-UCEC	UCEC	TCGA-AX-A2IO	TCGA-AX-A2IO-01A	CN HIGH
TCGA-UCEC	UCEC	TCGA-AX-A3FS	TCGA-AX-A3FS-01A	MSI
TCGA-UCEC	UCEC	TCGA-AX-A3FT	TCGA-AX-A3FT-01A	MSI
TCGA-UCEC	UCEC	TCGA-AX-A3FV	TCGA-AX-A3FV-01A	CN LOW
TCGA-UCEC	UCEC	TCGA-AX-A3FW	TCGA-AX-A3FW-01A	CN HIGH
TCGA-UCEC	UCEC	TCGA-AX-A3FX	TCGA-AX-A3FX-01A	CN HIGH
TCGA-UCEC	UCEC	TCGA-AX-A3FZ	TCGA-AX-A3FZ-01A	CN HIGH
TCGA-UCEC	UCEC	TCGA-AX-A3G1	TCGA-AX-A3G1-01A	CN HIGH
TCGA-UCEC	UCEC	TCGA-AX-A3G4	TCGA-AX-A3G4-01A	CN HIGH
TCGA-UCEC	UCEC	TCGA-AX-A3G6	TCGA-AX-A3G6-01A	CN HIGH
TCGA-UCEC	UCEC	TCGA-AX-A3G7	TCGA-AX-A3G7-01A	CN HIGH
TCGA-UCEC	UCEC	TCGA-AX-A3G8	TCGA-AX-A3G8-01A	MSI
TCGA-UCEC	UCEC	TCGA-AX-A3G9	TCGA-AX-A3G9-01A	MSI
TCGA-UCEC	UCEC	TCGA-AX-A3GB	TCGA-AX-A3GB-01A	CN LOW
TCGA-UCEC	UCEC	TCGA-AX-A3GI	TCGA-AX-A3GI-01A	CN HIGH
TCGA-COAD	COAD	TCGA-AY-4070	TCGA-AY-4070-01A	GI.CIN
TCGA-COAD	COAD	TCGA-AY-4071	TCGA-AY-4071-01A	GI.CIN
TCGA-COAD	COAD	TCGA-AY-5543	TCGA-AY-5543-01A	GI.CIN
TCGA-COAD	COAD	TCGA-AY-6196	TCGA-AY-6196-01A	GI.CIN
TCGA-COAD	COAD	TCGA-AY-6197	TCGA-AY-6197-01A	GI.MSI
TCGA-COAD	COAD	TCGA-AY-6386	TCGA-AY-6386-01A	GI.GS
TCGA-COAD	COAD	TCGA-AY-A54L	TCGA-AY-A54L-01A	GI.CIN
TCGA-COAD	COAD	TCGA-AY-A69D	TCGA-AY-A69D-01A	GI.CIN
TCGA-COAD	COAD	TCGA-AY-A71X	TCGA-AY-A71X-01A	GI.GS
TCGA-COAD	COAD	TCGA-AY-A8YK	TCGA-AY-A8YK-01A	GI.CIN
TCGA-COAD	COAD	TCGA-AZ-4308	TCGA-AZ-4308-01A	GI.CIN
TCGA-COAD	COAD	TCGA-AZ-4315	TCGA-AZ-4315-01A	GI.HM-SNV
TCGA-COAD	COAD	TCGA-AZ-4323	TCGA-AZ-4323-01A	GI.GS
TCGA-COAD	COAD	TCGA-AZ-4614	TCGA-AZ-4614-01A	GI.CIN
TCGA-COAD	COAD	TCGA-AZ-4615	TCGA-AZ-4615-01A	GI.MSI
TCGA-COAD	COAD	TCGA-AZ-4616	TCGA-AZ-4616-01A	GI.CIN
TCGA-COAD	COAD	TCGA-AZ-4681	TCGA-AZ-4681-01A	GI.CIN
TCGA-COAD	COAD	TCGA-AZ-4682	TCGA-AZ-4682-01B	GI.CIN
TCGA-COAD	COAD	TCGA-AZ-5403	TCGA-AZ-5403-01A	GI.CIN
TCGA-COAD	COAD	TCGA-AZ-5407	TCGA-AZ-5407-01A	GI.GS
TCGA-COAD	COAD	TCGA-AZ-6598	TCGA-AZ-6598-01A	GI.MSI
TCGA-COAD	COAD	TCGA-AZ-6599	TCGA-AZ-6599-01A	GI.GS
TCGA-COAD	COAD	TCGA-AZ-6600	TCGA-AZ-6600-01A	GI.CIN
TCGA-COAD	COAD	TCGA-AZ-6603	TCGA-AZ-6603-01A	GI.CIN
TCGA-COAD	COAD	TCGA-AZ-6605	TCGA-AZ-6605-01A	GI.CIN
TCGA-COAD	COAD	TCGA-AZ-6606	TCGA-AZ-6606-01A	GI.CIN
TCGA-KIRC	KIRC	TCGA-B0-4690	TCGA-B0-4690-01A	3
TCGA-KIRC	KIRC	TCGA-B0-4691	TCGA-B0-4691-01A	4
TCGA-KIRC	KIRC	TCGA-B0-4693	TCGA-B0-4693-01A	1
TCGA-KIRC	KIRC	TCGA-B0-4694	TCGA-B0-4694-01A	4
TCGA-KIRC	KIRC	TCGA-B0-4697	TCGA-B0-4697-01A	2
TCGA-KIRC	KIRC	TCGA-B0-4700	TCGA-B0-4700-01A	3
TCGA-KIRC	KIRC	TCGA-B0-4701	TCGA-B0-4701-01A	4
TCGA-KIRC	KIRC	TCGA-B0-4703	TCGA-B0-4703-01A	3
TCGA-KIRC	KIRC	TCGA-B0-4706	TCGA-B0-4706-01A	2
TCGA-KIRC	KIRC	TCGA-B0-4707	TCGA-B0-4707-01A	4
TCGA-KIRC	KIRC	TCGA-B0-4712	TCGA-B0-4712-01A	4
TCGA-KIRC	KIRC	TCGA-B0-4713	TCGA-B0-4713-01A	4
TCGA-KIRC	KIRC	TCGA-B0-4714	TCGA-B0-4714-01A	2
TCGA-KIRC	KIRC	TCGA-B0-4718	TCGA-B0-4718-01A	2
TCGA-KIRC	KIRC	TCGA-B0-4810	TCGA-B0-4810-01A	3
TCGA-KIRC	KIRC	TCGA-B0-4811	TCGA-B0-4811-01A	2
TCGA-KIRC	KIRC	TCGA-B0-4813	TCGA-B0-4813-01A	2
TCGA-KIRC	KIRC	TCGA-B0-4814	TCGA-B0-4814-01A	4
TCGA-KIRC	KIRC	TCGA-B0-4815	TCGA-B0-4815-01A	2
TCGA-KIRC	KIRC	TCGA-B0-4816	TCGA-B0-4816-01A	3
TCGA-KIRC	KIRC	TCGA-B0-4817	TCGA-B0-4817-01A	4
TCGA-KIRC	KIRC	TCGA-B0-4818	TCGA-B0-4818-01A	1
TCGA-KIRC	KIRC	TCGA-B0-4819	TCGA-B0-4819-01A	2
TCGA-KIRC	KIRC	TCGA-B0-4823	TCGA-B0-4823-01A	1
TCGA-KIRC	KIRC	TCGA-B0-4824	TCGA-B0-4824-01A	2
TCGA-KIRC	KIRC	TCGA-B0-4827	TCGA-B0-4827-01A	3
TCGA-KIRC	KIRC	TCGA-B0-4828	TCGA-B0-4828-01A	2
TCGA-KIRC	KIRC	TCGA-B0-4833	TCGA-B0-4833-01A	2
TCGA-KIRC	KIRC	TCGA-B0-4836	TCGA-B0-4836-01A	3
TCGA-KIRC	KIRC	TCGA-B0-4837	TCGA-B0-4837-01A	3
TCGA-KIRC	KIRC	TCGA-B0-4838	TCGA-B0-4838-01A	1
TCGA-KIRC	KIRC	TCGA-B0-4839	TCGA-B0-4839-01A	4
TCGA-KIRC	KIRC	TCGA-B0-4841	TCGA-B0-4841-01A	2
TCGA-KIRC	KIRC	TCGA-B0-4842	TCGA-B0-4842-01A	4
TCGA-KIRC	KIRC	TCGA-B0-4843	TCGA-B0-4843-01A	2
TCGA-KIRC	KIRC	TCGA-B0-4844	TCGA-B0-4844-01A	4
TCGA-KIRC	KIRC	TCGA-B0-4845	TCGA-B0-4845-01A	2
TCGA-KIRC	KIRC	TCGA-B0-4846	TCGA-B0-4846-01A	1
TCGA-KIRC	KIRC	TCGA-B0-4847	TCGA-B0-4847-01A	2
TCGA-KIRC	KIRC	TCGA-B0-4848	TCGA-B0-4848-01A	4
TCGA-KIRC	KIRC	TCGA-B0-4849	TCGA-B0-4849-01A	2
TCGA-KIRC	KIRC	TCGA-B0-4852	TCGA-B0-4852-01A	1
TCGA-KIRC	KIRC	TCGA-B0-4945	TCGA-B0-4945-01A	1
TCGA-KIRC	KIRC	TCGA-B0-5075	TCGA-B0-5075-01A	1
TCGA-KIRC	KIRC	TCGA-B0-5077	TCGA-B0-5077-01A	2
TCGA-KIRC	KIRC	TCGA-B0-5080	TCGA-B0-5080-01A	3
TCGA-KIRC	KIRC	TCGA-B0-5081	TCGA-B0-5081-01A	2
TCGA-KIRC	KIRC	TCGA-B0-5085	TCGA-B0-5085-01A	2
TCGA-KIRC	KIRC	TCGA-B0-5088	TCGA-B0-5088-01A	2
TCGA-KIRC	KIRC	TCGA-B0-5092	TCGA-B0-5092-01A	2
TCGA-KIRC	KIRC	TCGA-B0-5094	TCGA-B0-5094-01A	3
TCGA-KIRC	KIRC	TCGA-B0-5095	TCGA-B0-5095-01A	3
TCGA-KIRC	KIRC	TCGA-B0-5096	TCGA-B0-5096-01A	3
TCGA-KIRC	KIRC	TCGA-B0-5097	TCGA-B0-5097-01A	3
TCGA-KIRC	KIRC	TCGA-B0-5099	TCGA-B0-5099-01A	1
TCGA-KIRC	KIRC	TCGA-B0-5100	TCGA-B0-5100-01A	3
TCGA-KIRC	KIRC	TCGA-B0-5102	TCGA-B0-5102-01A	4
TCGA-KIRC	KIRC	TCGA-B0-5104	TCGA-B0-5104-01A	1
TCGA-KIRC	KIRC	TCGA-B0-5106	TCGA-B0-5106-01A	2
TCGA-KIRC	KIRC	TCGA-B0-5107	TCGA-B0-5107-01A	4
TCGA-KIRC	KIRC	TCGA-B0-5108	TCGA-B0-5108-01A	3
TCGA-KIRC	KIRC	TCGA-B0-5109	TCGA-B0-5109-01A	3
TCGA-KIRC	KIRC	TCGA-B0-5110	TCGA-B0-5110-01A	1
TCGA-KIRC	KIRC	TCGA-B0-5113	TCGA-B0-5113-01A	1
TCGA-KIRC	KIRC	TCGA-B0-5115	TCGA-B0-5115-01A	1
TCGA-KIRC	KIRC	TCGA-B0-5116	TCGA-B0-5116-01A	4
TCGA-KIRC	KIRC	TCGA-B0-5119	TCGA-B0-5119-01A	1
TCGA-KIRC	KIRC	TCGA-B0-5120	TCGA-B0-5120-01A	3
TCGA-KIRC	KIRC	TCGA-B0-5121	TCGA-B0-5121-01A	2
TCGA-KIRC	KIRC	TCGA-B0-5399	TCGA-B0-5399-01A	4
TCGA-KIRC	KIRC	TCGA-B0-5400	TCGA-B0-5400-01A	4
TCGA-KIRC	KIRC	TCGA-B0-5402	TCGA-B0-5402-01A	1
TCGA-KIRC	KIRC	TCGA-B0-5690	TCGA-B0-5690-01A	1
TCGA-KIRC	KIRC	TCGA-B0-5691	TCGA-B0-5691-01A	1
TCGA-KIRC	KIRC	TCGA-B0-5692	TCGA-B0-5692-01A	4
TCGA-KIRC	KIRC	TCGA-B0-5693	TCGA-B0-5693-01A	1
TCGA-KIRC	KIRC	TCGA-B0-5694	TCGA-B0-5694-01A	2
TCGA-KIRC	KIRC	TCGA-B0-5695	TCGA-B0-5695-01A	1
TCGA-KIRC	KIRC	TCGA-B0-5696	TCGA-B0-5696-01A	4
TCGA-KIRC	KIRC	TCGA-B0-5697	TCGA-B0-5697-01A	4
TCGA-KIRC	KIRC	TCGA-B0-5698	TCGA-B0-5698-01A	2
TCGA-KIRC	KIRC	TCGA-B0-5699	TCGA-B0-5699-01A	1
TCGA-KIRC	KIRC	TCGA-B0-5701	TCGA-B0-5701-01A	4
TCGA-KIRC	KIRC	TCGA-B0-5703	TCGA-B0-5703-01A	2
TCGA-KIRC	KIRC	TCGA-B0-5705	TCGA-B0-5705-01A	1
TCGA-KIRC	KIRC	TCGA-B0-5706	TCGA-B0-5706-01A	2
TCGA-KIRC	KIRC	TCGA-B0-5709	TCGA-B0-5709-01A	3
TCGA-KIRC	KIRC	TCGA-B0-5710	TCGA-B0-5710-01A	1
TCGA-KIRC	KIRC	TCGA-B0-5711	TCGA-B0-5711-01A	1
TCGA-KIRC	KIRC	TCGA-B0-5713	TCGA-B0-5713-01A	1
TCGA-KIRC	KIRC	TCGA-B0-5812	TCGA-B0-5812-01A	1
TCGA-KIRP	KIRP	TCGA-B1-5398	TCGA-B1-5398-01A	C2a
TCGA-KIRP	KIRP	TCGA-B1-7332	TCGA-B1-7332-01A	C1
TCGA-KIRP	KIRP	TCGA-B1-A47M	TCGA-B1-A47M-01A	C1
TCGA-KIRP	KIRP	TCGA-B1-A47N	TCGA-B1-A47N-01A	C1
TCGA-KIRP	KIRP	TCGA-B1-A654	TCGA-B1-A654-01A	C1
TCGA-KIRP	KIRP	TCGA-B1-A655	TCGA-B1-A655-01A	C2a
TCGA-KIRP	KIRP	TCGA-B1-A656	TCGA-B1-A656-01A	C2a
TCGA-KIRP	KIRP	TCGA-B1-A657	TCGA-B1-A657-01A	C1
TCGA-KIRC	KIRC	TCGA-B2-3924	TCGA-B2-3924-01A	4
TCGA-KIRC	KIRC	TCGA-B2-3924	TCGA-B2-3924-01B	4
TCGA-KIRC	KIRC	TCGA-B2-4098	TCGA-B2-4098-01A	2
TCGA-KIRC	KIRC	TCGA-B2-4099	TCGA-B2-4099-01A	4
TCGA-KIRC	KIRC	TCGA-B2-4101	TCGA-B2-4101-01A	2
TCGA-KIRC	KIRC	TCGA-B2-4102	TCGA-B2-4102-01A	1
TCGA-KIRC	KIRC	TCGA-B2-5633	TCGA-B2-5633-01A	1
TCGA-KIRC	KIRC	TCGA-B2-5633	TCGA-B2-5633-01B	1
TCGA-KIRC	KIRC	TCGA-B2-5635	TCGA-B2-5635-01A	2
TCGA-KIRC	KIRC	TCGA-B2-5635	TCGA-B2-5635-01B	2
TCGA-KIRC	KIRC	TCGA-B2-5636	TCGA-B2-5636-01A	3
TCGA-KIRC	KIRC	TCGA-B2-5641	TCGA-B2-5641-01A	1
TCGA-KIRP	KIRP	TCGA-B3-3925	TCGA-B3-3925-01A	C1
TCGA-KIRP	KIRP	TCGA-B3-3926	TCGA-B3-3926-01A	C1
TCGA-KIRP	KIRP	TCGA-B3-4103	TCGA-B3-4103-01A	C1
TCGA-KIRP	KIRP	TCGA-B3-8121	TCGA-B3-8121-01A	C1
TCGA-KIRC	KIRC	TCGA-B4-5377	TCGA-B4-5377-01A	1
TCGA-UCEC	UCEC	TCGA-B5-A0JN	TCGA-B5-A0JN-01A	CN HIGH
TCGA-UCEC	UCEC	TCGA-B5-A0JR	TCGA-B5-A0JR-01A	MSI
TCGA-UCEC	UCEC	TCGA-B5-A0JS	TCGA-B5-A0JS-01A	CN LOW
TCGA-UCEC	UCEC	TCGA-B5-A0JT	TCGA-B5-A0JT-01A	CN LOW
TCGA-UCEC	UCEC	TCGA-B5-A0JU	TCGA-B5-A0JU-01B	MSI
TCGA-UCEC	UCEC	TCGA-B5-A0JV	TCGA-B5-A0JV-01A	MSI
TCGA-UCEC	UCEC	TCGA-B5-A0JX	TCGA-B5-A0JX-01A	CN LOW
TCGA-UCEC	UCEC	TCGA-B5-A0JY	TCGA-B5-A0JY-01A	POLE
TCGA-UCEC	UCEC	TCGA-B5-A0JZ	TCGA-B5-A0JZ-01A	MSI
TCGA-UCEC	UCEC	TCGA-B5-A0K0	TCGA-B5-A0K0-01A	CN LOW
TCGA-UCEC	UCEC	TCGA-B5-A0K1	TCGA-B5-A0K1-01A	CN LOW
TCGA-UCEC	UCEC	TCGA-B5-A0K2	TCGA-B5-A0K2-01A	MSI
TCGA-UCEC	UCEC	TCGA-B5-A0K3	TCGA-B5-A0K3-01A	CN HIGH
TCGA-UCEC	UCEC	TCGA-B5-A0K4	TCGA-B5-A0K4-01A	CN LOW
TCGA-UCEC	UCEC	TCGA-B5-A0K6	TCGA-B5-A0K6-01A	MSI
TCGA-UCEC	UCEC	TCGA-B5-A0K7	TCGA-B5-A0K7-01A	CN LOW
TCGA-UCEC	UCEC	TCGA-B5-A0K8	TCGA-B5-A0K8-01A	CN HIGH
TCGA-UCEC	UCEC	TCGA-B5-A0K9	TCGA-B5-A0K9-01A	MSI
TCGA-UCEC	UCEC	TCGA-B5-A11E	TCGA-B5-A11E-01A	POLE
TCGA-UCEC	UCEC	TCGA-B5-A11F	TCGA-B5-A11F-01A	CN LOW
TCGA-UCEC	UCEC	TCGA-B5-A11G	TCGA-B5-A11G-01A	MSI
TCGA-UCEC	UCEC	TCGA-B5-A11H	TCGA-B5-A11H-01A	POLE
TCGA-UCEC	UCEC	TCGA-B5-A11I	TCGA-B5-A11I-01A	CN HIGH
TCGA-UCEC	UCEC	TCGA-B5-A11J	TCGA-B5-A11J-01A	MSI
TCGA-UCEC	UCEC	TCGA-B5-A11L	TCGA-B5-A11L-01B	CN LOW
TCGA-UCEC	UCEC	TCGA-B5-A11N	TCGA-B5-A11N-01A	POLE
TCGA-UCEC	UCEC	TCGA-B5-A11O	TCGA-B5-A11O-01A	CN LOW
TCGA-UCEC	UCEC	TCGA-B5-A11P	TCGA-B5-A11P-01B	CN HIGH
TCGA-UCEC	UCEC	TCGA-B5-A11Q	TCGA-B5-A11Q-01A	CN LOW
TCGA-UCEC	UCEC	TCGA-B5-A11R	TCGA-B5-A11R-01A	CN LOW
TCGA-UCEC	UCEC	TCGA-B5-A11S	TCGA-B5-A11S-01A	CN LOW
TCGA-UCEC	UCEC	TCGA-B5-A11U	TCGA-B5-A11U-01A	MSI
TCGA-UCEC	UCEC	TCGA-B5-A11V	TCGA-B5-A11V-01A	CN LOW
TCGA-UCEC	UCEC	TCGA-B5-A11W	TCGA-B5-A11W-01A	CN LOW
TCGA-UCEC	UCEC	TCGA-B5-A11Y	TCGA-B5-A11Y-01A	POLE
TCGA-UCEC	UCEC	TCGA-B5-A11Z	TCGA-B5-A11Z-01A	CN LOW
TCGA-UCEC	UCEC	TCGA-B5-A121	TCGA-B5-A121-01A	CN LOW
TCGA-UCEC	UCEC	TCGA-B5-A1MR	TCGA-B5-A1MR-01A	POLE
TCGA-UCEC	UCEC	TCGA-B5-A1MS	TCGA-B5-A1MS-01B	CN HIGH
TCGA-UCEC	UCEC	TCGA-B5-A1MU	TCGA-B5-A1MU-01A	CN HIGH
TCGA-UCEC	UCEC	TCGA-B5-A1MV	TCGA-B5-A1MV-01A	CN LOW
TCGA-UCEC	UCEC	TCGA-B5-A1MW	TCGA-B5-A1MW-01A	MSI
TCGA-UCEC	UCEC	TCGA-B5-A1MX	TCGA-B5-A1MX-01A	POLE
TCGA-UCEC	UCEC	TCGA-B5-A1MY	TCGA-B5-A1MY-01A	CN HIGH
TCGA-UCEC	UCEC	TCGA-B5-A1MZ	TCGA-B5-A1MZ-01A	CN LOW
TCGA-UCEC	UCEC	TCGA-B5-A1N2	TCGA-B5-A1N2-01A	CN HIGH
TCGA-UCEC	UCEC	TCGA-B5-A3F9	TCGA-B5-A3F9-01A	CN HIGH
TCGA-UCEC	UCEC	TCGA-B5-A3FA	TCGA-B5-A3FA-01A	POLE
TCGA-UCEC	UCEC	TCGA-B5-A3FB	TCGA-B5-A3FB-01A	CN LOW
TCGA-UCEC	UCEC	TCGA-B5-A3FC	TCGA-B5-A3FC-01A	POLE
TCGA-UCEC	UCEC	TCGA-B5-A3FD	TCGA-B5-A3FD-01A	CN HIGH
TCGA-UCEC	UCEC	TCGA-B5-A3FH	TCGA-B5-A3FH-01A	CN LOW
TCGA-UCEC	UCEC	TCGA-B5-A3S1	TCGA-B5-A3S1-01A	CN HIGH
TCGA-UCEC	UCEC	TCGA-B5-A5OC	TCGA-B5-A5OC-01A	POLE
TCGA-UCEC	UCEC	TCGA-B5-A5OD	TCGA-B5-A5OD-01A	CN HIGH
TCGA-UCEC	UCEC	TCGA-B5-A5OE	TCGA-B5-A5OE-01A	CN HIGH
TCGA-BRCA	BRCA	TCGA-B6-A0I1	TCGA-B6-A0I1-01A	Basal
TCGA-BRCA	BRCA	TCGA-B6-A0I2	TCGA-B6-A0I2-01A	Basal
TCGA-BRCA	BRCA	TCGA-B6-A0I5	TCGA-B6-A0I5-01A	LumA
TCGA-BRCA	BRCA	TCGA-B6-A0I6	TCGA-B6-A0I6-01A	Basal
TCGA-BRCA	BRCA	TCGA-B6-A0I8	TCGA-B6-A0I8-01A	LumA
TCGA-BRCA	BRCA	TCGA-B6-A0I9	TCGA-B6-A0I9-01A	Her2
TCGA-BRCA	BRCA	TCGA-B6-A0IA	TCGA-B6-A0IA-01A	LumA
TCGA-BRCA	BRCA	TCGA-B6-A0IB	TCGA-B6-A0IB-01A	LumB
TCGA-BRCA	BRCA	TCGA-B6-A0IC	TCGA-B6-A0IC-01A	LumA
TCGA-BRCA	BRCA	TCGA-B6-A0IE	TCGA-B6-A0IE-01A	LumA
TCGA-BRCA	BRCA	TCGA-B6-A0IG	TCGA-B6-A0IG-01A	LumA
TCGA-BRCA	BRCA	TCGA-B6-A0IH	TCGA-B6-A0IH-01A	LumA
TCGA-BRCA	BRCA	TCGA-B6-A0IJ	TCGA-B6-A0IJ-01A	Basal
TCGA-BRCA	BRCA	TCGA-B6-A0IK	TCGA-B6-A0IK-01A	Her2
TCGA-BRCA	BRCA	TCGA-B6-A0IM	TCGA-B6-A0IM-01A	LumA
TCGA-BRCA	BRCA	TCGA-B6-A0IN	TCGA-B6-A0IN-01A	LumB
TCGA-BRCA	BRCA	TCGA-B6-A0IO	TCGA-B6-A0IO-01A	LumA
TCGA-BRCA	BRCA	TCGA-B6-A0IP	TCGA-B6-A0IP-01A	LumA
TCGA-BRCA	BRCA	TCGA-B6-A0IQ	TCGA-B6-A0IQ-01A	Basal
TCGA-BRCA	BRCA	TCGA-B6-A0RE	TCGA-B6-A0RE-01A	Basal
TCGA-BRCA	BRCA	TCGA-B6-A0RG	TCGA-B6-A0RG-01A	LumA
TCGA-BRCA	BRCA	TCGA-B6-A0RH	TCGA-B6-A0RH-01A	Her2
TCGA-BRCA	BRCA	TCGA-B6-A0RI	TCGA-B6-A0RI-01A	LumA
TCGA-BRCA	BRCA	TCGA-B6-A0RL	TCGA-B6-A0RL-01A	LumB
TCGA-BRCA	BRCA	TCGA-B6-A0RM	TCGA-B6-A0RM-01A	LumA
TCGA-BRCA	BRCA	TCGA-B6-A0RN	TCGA-B6-A0RN-01A	LumA
TCGA-BRCA	BRCA	TCGA-B6-A0RO	TCGA-B6-A0RO-01A	LumA
TCGA-BRCA	BRCA	TCGA-B6-A0RP	TCGA-B6-A0RP-01A	LumA
TCGA-BRCA	BRCA	TCGA-B6-A0RQ	TCGA-B6-A0RQ-01A	Normal
TCGA-BRCA	BRCA	TCGA-B6-A0RS	TCGA-B6-A0RS-01A	Her2
TCGA-BRCA	BRCA	TCGA-B6-A0RT	TCGA-B6-A0RT-01A	Basal
TCGA-BRCA	BRCA	TCGA-B6-A0RU	TCGA-B6-A0RU-01A	Basal
TCGA-BRCA	BRCA	TCGA-B6-A0RV	TCGA-B6-A0RV-01A	LumA
TCGA-BRCA	BRCA	TCGA-B6-A0WS	TCGA-B6-A0WS-01A	LumA
TCGA-BRCA	BRCA	TCGA-B6-A0WT	TCGA-B6-A0WT-01A	LumA
TCGA-BRCA	BRCA	TCGA-B6-A0WV	TCGA-B6-A0WV-01A	LumB
TCGA-BRCA	BRCA	TCGA-B6-A0WW	TCGA-B6-A0WW-01A	LumB
TCGA-BRCA	BRCA	TCGA-B6-A0WX	TCGA-B6-A0WX-01A	Basal
TCGA-BRCA	BRCA	TCGA-B6-A0WY	TCGA-B6-A0WY-01A	LumA
TCGA-BRCA	BRCA	TCGA-B6-A0WZ	TCGA-B6-A0WZ-01A	LumA
TCGA-BRCA	BRCA	TCGA-B6-A0X0	TCGA-B6-A0X0-01A	LumA
TCGA-BRCA	BRCA	TCGA-B6-A0X1	TCGA-B6-A0X1-01A	Basal
TCGA-BRCA	BRCA	TCGA-B6-A0X4	TCGA-B6-A0X4-01A	LumA
TCGA-BRCA	BRCA	TCGA-B6-A0X5	TCGA-B6-A0X5-01A	LumB
TCGA-BRCA	BRCA	TCGA-B6-A0X7	TCGA-B6-A0X7-01A	LumA
TCGA-BRCA	BRCA	TCGA-B6-A1KC	TCGA-B6-A1KC-01B	LumB
TCGA-BRCA	BRCA	TCGA-B6-A1KF	TCGA-B6-A1KF-01A	Basal
TCGA-BRCA	BRCA	TCGA-B6-A1KI	TCGA-B6-A1KI-01A	LumA
TCGA-BRCA	BRCA	TCGA-B6-A1KN	TCGA-B6-A1KN-01A	LumB
TCGA-BRCA	BRCA	TCGA-B6-A2IU	TCGA-B6-A2IU-01A	LumA
TCGA-BRCA	BRCA	TCGA-B6-A3ZX	TCGA-B6-A3ZX-01A	Basal
TCGA-BRCA	BRCA	TCGA-B6-A400	TCGA-B6-A400-01A	Basal
TCGA-BRCA	BRCA	TCGA-B6-A401	TCGA-B6-A401-01A	LumA
TCGA-BRCA	BRCA	TCGA-B6-A402	TCGA-B6-A402-01A	Basal
TCGA-BRCA	BRCA	TCGA-B6-A408	TCGA-B6-A408-01A	LumA
TCGA-BRCA	BRCA	TCGA-B6-A409	TCGA-B6-A409-01A	Basal
TCGA-BRCA	BRCA	TCGA-B6-A40B	TCGA-B6-A40B-01A	LumA
TCGA-BRCA	BRCA	TCGA-B6-A40C	TCGA-B6-A40C-01A	LumA
TCGA-STAD	STAD	TCGA-B7-5816	TCGA-B7-5816-01A	GI.MSI
TCGA-STAD	STAD	TCGA-B7-5818	TCGA-B7-5818-01A	GI.EBV
TCGA-STAD	STAD	TCGA-B7-A5TI	TCGA-B7-A5TI-01A	GI.MSI
TCGA-STAD	STAD	TCGA-B7-A5TJ	TCGA-B7-A5TJ-01A	GI.CIN
TCGA-STAD	STAD	TCGA-B7-A5TK	TCGA-B7-A5TK-01A	GI.EBV
TCGA-STAD	STAD	TCGA-B7-A5TN	TCGA-B7-A5TN-01A	GI.CIN
TCGA-KIRC	KIRC	TCGA-B8-4143	TCGA-B8-4143-01A	3
TCGA-KIRC	KIRC	TCGA-B8-4146	TCGA-B8-4146-01B	1
TCGA-KIRC	KIRC	TCGA-B8-4148	TCGA-B8-4148-01A	2
TCGA-KIRC	KIRC	TCGA-B8-4151	TCGA-B8-4151-01A	4
TCGA-KIRC	KIRC	TCGA-B8-4153	TCGA-B8-4153-01B	2
TCGA-KIRC	KIRC	TCGA-B8-4154	TCGA-B8-4154-01A	4
TCGA-KIRC	KIRC	TCGA-B8-4620	TCGA-B8-4620-01A	3
TCGA-KIRC	KIRC	TCGA-B8-4621	TCGA-B8-4621-01A	4
TCGA-KIRC	KIRC	TCGA-B8-4622	TCGA-B8-4622-01A	1
TCGA-KIRC	KIRC	TCGA-B8-5158	TCGA-B8-5158-01A	3
TCGA-KIRC	KIRC	TCGA-B8-5159	TCGA-B8-5159-01A	1
TCGA-KIRC	KIRC	TCGA-B8-5163	TCGA-B8-5163-01A	3
TCGA-KIRC	KIRC	TCGA-B8-5164	TCGA-B8-5164-01A	1
TCGA-KIRC	KIRC	TCGA-B8-5165	TCGA-B8-5165-01A	1
TCGA-KIRC	KIRC	TCGA-B8-5545	TCGA-B8-5545-01A	3
TCGA-KIRC	KIRC	TCGA-B8-5546	TCGA-B8-5546-01A	1
TCGA-KIRC	KIRC	TCGA-B8-5549	TCGA-B8-5549-01A	1
TCGA-KIRC	KIRC	TCGA-B8-5550	TCGA-B8-5550-01A	3
TCGA-KIRC	KIRC	TCGA-B8-5551	TCGA-B8-5551-01A	3
TCGA-KIRC	KIRC	TCGA-B8-5552	TCGA-B8-5552-01B	1
TCGA-KIRC	KIRC	TCGA-B8-5553	TCGA-B8-5553-01A	1
TCGA-KIRP	KIRP	TCGA-B9-4113	TCGA-B9-4113-01A	C1
TCGA-KIRP	KIRP	TCGA-B9-4114	TCGA-B9-4114-01A	C1
TCGA-KIRP	KIRP	TCGA-B9-4115	TCGA-B9-4115-01A	C1
TCGA-KIRP	KIRP	TCGA-B9-4116	TCGA-B9-4116-01A	C1
TCGA-KIRP	KIRP	TCGA-B9-4117	TCGA-B9-4117-01A	C1
TCGA-KIRP	KIRP	TCGA-B9-4617	TCGA-B9-4617-01A	C1
TCGA-KIRP	KIRP	TCGA-B9-5155	TCGA-B9-5155-01A	C1
TCGA-KIRP	KIRP	TCGA-B9-5156	TCGA-B9-5156-01A	C1
TCGA-KIRP	KIRP	TCGA-B9-7268	TCGA-B9-7268-01A	C1
TCGA-KIRP	KIRP	TCGA-B9-A44B	TCGA-B9-A44B-01A	C2b
TCGA-KIRP	KIRP	TCGA-B9-A5W7	TCGA-B9-A5W7-01A	C1
TCGA-KIRP	KIRP	TCGA-B9-A5W8	TCGA-B9-A5W8-01A	C2a
TCGA-KIRP	KIRP	TCGA-B9-A5W9	TCGA-B9-A5W9-01A	C1
TCGA-KIRP	KIRP	TCGA-B9-A69E	TCGA-B9-A69E-01A	C2a
TCGA-HNSC	HNSC	TCGA-BA-4074	TCGA-BA-4074-01A	Mesenchymal
TCGA-HNSC	HNSC	TCGA-BA-4076	TCGA-BA-4076-01A	Basal
TCGA-HNSC	HNSC	TCGA-BA-4077	TCGA-BA-4077-01B	Atypical
TCGA-HNSC	HNSC	TCGA-BA-4078	TCGA-BA-4078-01A	Classical
TCGA-HNSC	HNSC	TCGA-BA-5149	TCGA-BA-5149-01A	Basal
TCGA-HNSC	HNSC	TCGA-BA-5151	TCGA-BA-5151-01A	Basal
TCGA-HNSC	HNSC	TCGA-BA-5152	TCGA-BA-5152-01A	Atypical
TCGA-HNSC	HNSC	TCGA-BA-5153	TCGA-BA-5153-01A	Atypical
TCGA-HNSC	HNSC	TCGA-BA-5555	TCGA-BA-5555-01A	Atypical
TCGA-HNSC	HNSC	TCGA-BA-5556	TCGA-BA-5556-01A	Basal
TCGA-HNSC	HNSC	TCGA-BA-5557	TCGA-BA-5557-01A	Basal
TCGA-HNSC	HNSC	TCGA-BA-5558	TCGA-BA-5558-01A	Basal
TCGA-HNSC	HNSC	TCGA-BA-5559	TCGA-BA-5559-01A	Atypical
TCGA-HNSC	HNSC	TCGA-BA-6868	TCGA-BA-6868-01B	Classical
TCGA-HNSC	HNSC	TCGA-BA-6869	TCGA-BA-6869-01A	Atypical
TCGA-HNSC	HNSC	TCGA-BA-6870	TCGA-BA-6870-01A	Basal
TCGA-HNSC	HNSC	TCGA-BA-6871	TCGA-BA-6871-01A	Mesenchymal
TCGA-HNSC	HNSC	TCGA-BA-6872	TCGA-BA-6872-01A	Basal
TCGA-HNSC	HNSC	TCGA-BA-6873	TCGA-BA-6873-01A	Basal
TCGA-HNSC	HNSC	TCGA-BA-7269	TCGA-BA-7269-01A	Classical
TCGA-HNSC	HNSC	TCGA-BB-4217	TCGA-BB-4217-01A	Atypical
TCGA-HNSC	HNSC	TCGA-BB-4223	TCGA-BB-4223-01A	Atypical
TCGA-HNSC	HNSC	TCGA-BB-4224	TCGA-BB-4224-01A	Basal
TCGA-HNSC	HNSC	TCGA-BB-4225	TCGA-BB-4225-01A	Atypical
TCGA-HNSC	HNSC	TCGA-BB-4228	TCGA-BB-4228-01A	Atypical
TCGA-LIHC	LIHC	TCGA-BC-4072	TCGA-BC-4072-01B	iCluster:1
TCGA-LIHC	LIHC	TCGA-BC-4073	TCGA-BC-4073-01B	iCluster:3
TCGA-LIHC	LIHC	TCGA-BC-A10R	TCGA-BC-A10R-01A	iCluster:1
TCGA-LIHC	LIHC	TCGA-BC-A10S	TCGA-BC-A10S-01A	iCluster:2
TCGA-LIHC	LIHC	TCGA-BC-A10T	TCGA-BC-A10T-01A	iCluster:3
TCGA-LIHC	LIHC	TCGA-BC-A10U	TCGA-BC-A10U-01A	iCluster:3
TCGA-LIHC	LIHC	TCGA-BC-A10W	TCGA-BC-A10W-01A	iCluster:1
TCGA-LIHC	LIHC	TCGA-BC-A10X	TCGA-BC-A10X-01A	iCluster:1
TCGA-LIHC	LIHC	TCGA-BC-A10Y	TCGA-BC-A10Y-01A	iCluster:3
TCGA-LIHC	LIHC	TCGA-BC-A10Z	TCGA-BC-A10Z-01A	iCluster:3
TCGA-LIHC	LIHC	TCGA-BC-A110	TCGA-BC-A110-01A	iCluster:1
TCGA-LIHC	LIHC	TCGA-BC-A112	TCGA-BC-A112-01A	iCluster:1
TCGA-LIHC	LIHC	TCGA-BC-A216	TCGA-BC-A216-01A	iCluster:3
TCGA-LIHC	LIHC	TCGA-BC-A217	TCGA-BC-A217-01A	iCluster:3
TCGA-LIHC	LIHC	TCGA-BC-A3KF	TCGA-BC-A3KF-01A	iCluster:3
TCGA-LIHC	LIHC	TCGA-BC-A3KG	TCGA-BC-A3KG-01A	iCluster:3
TCGA-LIHC	LIHC	TCGA-BC-A5W4	TCGA-BC-A5W4-01A	iCluster:3
TCGA-LIHC	LIHC	TCGA-BC-A69H	TCGA-BC-A69H-01A	iCluster:1
TCGA-LIHC	LIHC	TCGA-BC-A69I	TCGA-BC-A69I-01A	iCluster:2
TCGA-LIHC	LIHC	TCGA-BD-A2L6	TCGA-BD-A2L6-01A	iCluster:3
TCGA-LIHC	LIHC	TCGA-BD-A3EP	TCGA-BD-A3EP-01A	iCluster:2
TCGA-SKCM	SKCM	TCGA-BF-A1PU	TCGA-BF-A1PU-01A	BRAF Hotspot Mutants
TCGA-SKCM	SKCM	TCGA-BF-A1PV	TCGA-BF-A1PV-01A	RAS Hotspot Mutants
TCGA-SKCM	SKCM	TCGA-BF-A1PX	TCGA-BF-A1PX-01A	BRAF Hotspot Mutants
TCGA-SKCM	SKCM	TCGA-BF-A1PZ	TCGA-BF-A1PZ-01A	RAS Hotspot Mutants
TCGA-SKCM	SKCM	TCGA-BF-A1Q0	TCGA-BF-A1Q0-01A	Triple WT
TCGA-SKCM	SKCM	TCGA-BF-A3DJ	TCGA-BF-A3DJ-01A	BRAF Hotspot Mutants
TCGA-SKCM	SKCM	TCGA-BF-A3DL	TCGA-BF-A3DL-01A	BRAF Hotspot Mutants
TCGA-SKCM	SKCM	TCGA-BF-A3DM	TCGA-BF-A3DM-01A	BRAF Hotspot Mutants
TCGA-SKCM	SKCM	TCGA-BF-A3DN	TCGA-BF-A3DN-01A	BRAF Hotspot Mutants
TCGA-SKCM	SKCM	TCGA-BF-A5EO	TCGA-BF-A5EO-01A	RAS Hotspot Mutants
TCGA-SKCM	SKCM	TCGA-BF-A5EP	TCGA-BF-A5EP-01A	-
TCGA-SKCM	SKCM	TCGA-BF-A5EQ	TCGA-BF-A5EQ-01A	BRAF Hotspot Mutants
TCGA-SKCM	SKCM	TCGA-BF-A5ER	TCGA-BF-A5ER-01A	-
TCGA-SKCM	SKCM	TCGA-BF-A5ES	TCGA-BF-A5ES-01A	-
TCGA-UCEC	UCEC	TCGA-BG-A0LW	TCGA-BG-A0LW-01A	CN LOW
TCGA-UCEC	UCEC	TCGA-BG-A0LX	TCGA-BG-A0LX-01A	POLE
TCGA-UCEC	UCEC	TCGA-BG-A0M0	TCGA-BG-A0M0-01A	MSI
TCGA-UCEC	UCEC	TCGA-BG-A0M2	TCGA-BG-A0M2-01A	CN LOW
TCGA-UCEC	UCEC	TCGA-BG-A0M3	TCGA-BG-A0M3-01A	CN LOW
TCGA-UCEC	UCEC	TCGA-BG-A0M4	TCGA-BG-A0M4-01A	MSI
TCGA-UCEC	UCEC	TCGA-BG-A0M6	TCGA-BG-A0M6-01A	CN HIGH
TCGA-UCEC	UCEC	TCGA-BG-A0M7	TCGA-BG-A0M7-01A	CN LOW
TCGA-UCEC	UCEC	TCGA-BG-A0M9	TCGA-BG-A0M9-01A	CN LOW
TCGA-UCEC	UCEC	TCGA-BG-A0MA	TCGA-BG-A0MA-01A	CN LOW
TCGA-UCEC	UCEC	TCGA-BG-A0MC	TCGA-BG-A0MC-01A	CN LOW
TCGA-UCEC	UCEC	TCGA-BG-A0MG	TCGA-BG-A0MG-01A	CN LOW
TCGA-UCEC	UCEC	TCGA-BG-A0MI	TCGA-BG-A0MI-01A	CN LOW
TCGA-UCEC	UCEC	TCGA-BG-A0MK	TCGA-BG-A0MK-01A	CN LOW
TCGA-UCEC	UCEC	TCGA-BG-A0MO	TCGA-BG-A0MO-01A	CN LOW
TCGA-UCEC	UCEC	TCGA-BG-A0MQ	TCGA-BG-A0MQ-01A	MSI
TCGA-UCEC	UCEC	TCGA-BG-A0MT	TCGA-BG-A0MT-01A	CN LOW
TCGA-UCEC	UCEC	TCGA-BG-A0MU	TCGA-BG-A0MU-01A	CN LOW
TCGA-UCEC	UCEC	TCGA-BG-A0RY	TCGA-BG-A0RY-01A	CN LOW
TCGA-UCEC	UCEC	TCGA-BG-A0VT	TCGA-BG-A0VT-01A	CN LOW
TCGA-UCEC	UCEC	TCGA-BG-A0VV	TCGA-BG-A0VV-01A	CN LOW
TCGA-UCEC	UCEC	TCGA-BG-A0VW	TCGA-BG-A0VW-01A	MSI
TCGA-UCEC	UCEC	TCGA-BG-A0VX	TCGA-BG-A0VX-01A	POLE
TCGA-UCEC	UCEC	TCGA-BG-A0VZ	TCGA-BG-A0VZ-01A	MSI
TCGA-UCEC	UCEC	TCGA-BG-A0W1	TCGA-BG-A0W1-01A	CN LOW
TCGA-UCEC	UCEC	TCGA-BG-A0W2	TCGA-BG-A0W2-01A	CN LOW
TCGA-UCEC	UCEC	TCGA-BG-A0YU	TCGA-BG-A0YU-01A	CN LOW
TCGA-UCEC	UCEC	TCGA-BG-A0YV	TCGA-BG-A0YV-01A	CN HIGH
TCGA-UCEC	UCEC	TCGA-BG-A186	TCGA-BG-A186-01A	CN LOW
TCGA-UCEC	UCEC	TCGA-BG-A187	TCGA-BG-A187-01A	CN LOW
TCGA-UCEC	UCEC	TCGA-BG-A18A	TCGA-BG-A18A-01A	POLE
TCGA-UCEC	UCEC	TCGA-BG-A18B	TCGA-BG-A18B-01A	MSI
TCGA-UCEC	UCEC	TCGA-BG-A18C	TCGA-BG-A18C-01A	CN HIGH
TCGA-UCEC	UCEC	TCGA-BG-A222	TCGA-BG-A222-01A	POLE
TCGA-UCEC	UCEC	TCGA-BG-A2AE	TCGA-BG-A2AE-01A	CN LOW
TCGA-UCEC	UCEC	TCGA-BG-A2L7	TCGA-BG-A2L7-01A	POLE
TCGA-UCEC	UCEC	TCGA-BG-A3EW	TCGA-BG-A3EW-01A	MSI
TCGA-UCEC	UCEC	TCGA-BG-A3PP	TCGA-BG-A3PP-01A	CN HIGH
TCGA-BRCA	BRCA	TCGA-BH-A0AU	TCGA-BH-A0AU-01A	LumB
TCGA-BRCA	BRCA	TCGA-BH-A0AV	TCGA-BH-A0AV-01A	Basal
TCGA-BRCA	BRCA	TCGA-BH-A0AW	TCGA-BH-A0AW-01A	Her2
TCGA-BRCA	BRCA	TCGA-BH-A0AY	TCGA-BH-A0AY-01A	LumA
TCGA-BRCA	BRCA	TCGA-BH-A0AZ	TCGA-BH-A0AZ-01A	LumA
TCGA-BRCA	BRCA	TCGA-BH-A0B0	TCGA-BH-A0B0-01A	LumA
TCGA-BRCA	BRCA	TCGA-BH-A0B1	TCGA-BH-A0B1-01A	LumA
TCGA-BRCA	BRCA	TCGA-BH-A0B3	TCGA-BH-A0B3-01A	Basal
TCGA-BRCA	BRCA	TCGA-BH-A0B4	TCGA-BH-A0B4-01A	LumA
TCGA-BRCA	BRCA	TCGA-BH-A0B5	TCGA-BH-A0B5-01A	LumA
TCGA-BRCA	BRCA	TCGA-BH-A0B6	TCGA-BH-A0B6-01A	LumA
TCGA-BRCA	BRCA	TCGA-BH-A0B7	TCGA-BH-A0B7-01A	Her2
TCGA-BRCA	BRCA	TCGA-BH-A0B8	TCGA-BH-A0B8-01A	LumA
TCGA-BRCA	BRCA	TCGA-BH-A0B9	TCGA-BH-A0B9-01A	Basal
TCGA-BRCA	BRCA	TCGA-BH-A0BA	TCGA-BH-A0BA-01A	LumA
TCGA-BRCA	BRCA	TCGA-BH-A0BC	TCGA-BH-A0BC-01A	LumA
TCGA-BRCA	BRCA	TCGA-BH-A0BD	TCGA-BH-A0BD-01A	LumB
TCGA-BRCA	BRCA	TCGA-BH-A0BF	TCGA-BH-A0BF-01A	LumB
TCGA-BRCA	BRCA	TCGA-BH-A0BG	TCGA-BH-A0BG-01A	Basal
TCGA-BRCA	BRCA	TCGA-BH-A0BJ	TCGA-BH-A0BJ-01A	LumA
TCGA-BRCA	BRCA	TCGA-BH-A0BL	TCGA-BH-A0BL-01A	Basal
TCGA-BRCA	BRCA	TCGA-BH-A0BM	TCGA-BH-A0BM-01A	LumA
TCGA-BRCA	BRCA	TCGA-BH-A0BO	TCGA-BH-A0BO-01A	LumA
TCGA-BRCA	BRCA	TCGA-BH-A0BP	TCGA-BH-A0BP-01A	LumA
TCGA-BRCA	BRCA	TCGA-BH-A0BQ	TCGA-BH-A0BQ-01A	LumA
TCGA-BRCA	BRCA	TCGA-BH-A0BR	TCGA-BH-A0BR-01A	LumA
TCGA-BRCA	BRCA	TCGA-BH-A0BS	TCGA-BH-A0BS-01A	LumA
TCGA-BRCA	BRCA	TCGA-BH-A0BT	TCGA-BH-A0BT-01A	LumA
TCGA-BRCA	BRCA	TCGA-BH-A0BV	TCGA-BH-A0BV-01A	LumA
TCGA-BRCA	BRCA	TCGA-BH-A0BW	TCGA-BH-A0BW-01A	Basal
TCGA-BRCA	BRCA	TCGA-BH-A0BZ	TCGA-BH-A0BZ-01A	LumB
TCGA-BRCA	BRCA	TCGA-BH-A0C0	TCGA-BH-A0C0-01A	LumB
TCGA-BRCA	BRCA	TCGA-BH-A0C1	TCGA-BH-A0C1-01B	LumA
TCGA-BRCA	BRCA	TCGA-BH-A0C3	TCGA-BH-A0C3-01A	LumB
TCGA-BRCA	BRCA	TCGA-BH-A0C7	TCGA-BH-A0C7-01B	LumB
TCGA-BRCA	BRCA	TCGA-BH-A0DD	TCGA-BH-A0DD-01A	LumB
TCGA-BRCA	BRCA	TCGA-BH-A0DE	TCGA-BH-A0DE-01A	LumA
TCGA-BRCA	BRCA	TCGA-BH-A0DG	TCGA-BH-A0DG-01A	LumA
TCGA-BRCA	BRCA	TCGA-BH-A0DH	TCGA-BH-A0DH-01A	LumA
TCGA-BRCA	BRCA	TCGA-BH-A0DI	TCGA-BH-A0DI-01A	LumA
TCGA-BRCA	BRCA	TCGA-BH-A0DK	TCGA-BH-A0DK-01A	LumA
TCGA-BRCA	BRCA	TCGA-BH-A0DL	TCGA-BH-A0DL-01A	Basal
TCGA-BRCA	BRCA	TCGA-BH-A0DO	TCGA-BH-A0DO-01B	LumA
TCGA-BRCA	BRCA	TCGA-BH-A0DP	TCGA-BH-A0DP-01A	LumA
TCGA-BRCA	BRCA	TCGA-BH-A0DQ	TCGA-BH-A0DQ-01A	LumA
TCGA-BRCA	BRCA	TCGA-BH-A0DS	TCGA-BH-A0DS-01A	LumA
TCGA-BRCA	BRCA	TCGA-BH-A0DT	TCGA-BH-A0DT-01A	LumA
TCGA-BRCA	BRCA	TCGA-BH-A0DV	TCGA-BH-A0DV-01A	LumA
TCGA-BRCA	BRCA	TCGA-BH-A0DX	TCGA-BH-A0DX-01A	LumA
TCGA-BRCA	BRCA	TCGA-BH-A0DZ	TCGA-BH-A0DZ-01A	LumA
TCGA-BRCA	BRCA	TCGA-BH-A0E0	TCGA-BH-A0E0-01A	Basal
TCGA-BRCA	BRCA	TCGA-BH-A0E1	TCGA-BH-A0E1-01A	LumA
TCGA-BRCA	BRCA	TCGA-BH-A0E2	TCGA-BH-A0E2-01A	LumA
TCGA-BRCA	BRCA	TCGA-BH-A0E6	TCGA-BH-A0E6-01A	Basal
TCGA-BRCA	BRCA	TCGA-BH-A0E7	TCGA-BH-A0E7-01A	LumA
TCGA-BRCA	BRCA	TCGA-BH-A0E9	TCGA-BH-A0E9-01B	LumA
TCGA-BRCA	BRCA	TCGA-BH-A0EA	TCGA-BH-A0EA-01A	LumA
TCGA-BRCA	BRCA	TCGA-BH-A0EB	TCGA-BH-A0EB-01A	LumA
TCGA-BRCA	BRCA	TCGA-BH-A0EE	TCGA-BH-A0EE-01A	Her2
TCGA-BRCA	BRCA	TCGA-BH-A0EI	TCGA-BH-A0EI-01A	LumA
TCGA-BRCA	BRCA	TCGA-BH-A0GY	TCGA-BH-A0GY-01A	LumA
TCGA-BRCA	BRCA	TCGA-BH-A0GZ	TCGA-BH-A0GZ-01A	LumA
TCGA-BRCA	BRCA	TCGA-BH-A0H0	TCGA-BH-A0H0-01A	LumB
TCGA-BRCA	BRCA	TCGA-BH-A0H3	TCGA-BH-A0H3-01A	LumA
TCGA-BRCA	BRCA	TCGA-BH-A0H5	TCGA-BH-A0H5-01A	LumA
TCGA-BRCA	BRCA	TCGA-BH-A0H6	TCGA-BH-A0H6-01A	LumA
TCGA-BRCA	BRCA	TCGA-BH-A0H7	TCGA-BH-A0H7-01A	LumA
TCGA-BRCA	BRCA	TCGA-BH-A0H9	TCGA-BH-A0H9-01A	LumA
TCGA-BRCA	BRCA	TCGA-BH-A0HA	TCGA-BH-A0HA-01A	LumA
TCGA-BRCA	BRCA	TCGA-BH-A0HB	TCGA-BH-A0HB-01A	LumA
TCGA-BRCA	BRCA	TCGA-BH-A0HF	TCGA-BH-A0HF-01A	LumA
TCGA-BRCA	BRCA	TCGA-BH-A0HI	TCGA-BH-A0HI-01A	LumA
TCGA-BRCA	BRCA	TCGA-BH-A0HK	TCGA-BH-A0HK-01A	LumA
TCGA-BRCA	BRCA	TCGA-BH-A0HL	TCGA-BH-A0HL-01A	LumA
TCGA-BRCA	BRCA	TCGA-BH-A0HN	TCGA-BH-A0HN-01A	LumA
TCGA-BRCA	BRCA	TCGA-BH-A0HO	TCGA-BH-A0HO-01A	LumA
TCGA-BRCA	BRCA	TCGA-BH-A0HP	TCGA-BH-A0HP-01A	LumA
TCGA-BRCA	BRCA	TCGA-BH-A0HQ	TCGA-BH-A0HQ-01A	LumA
TCGA-BRCA	BRCA	TCGA-BH-A0HU	TCGA-BH-A0HU-01A	LumB
TCGA-BRCA	BRCA	TCGA-BH-A0HW	TCGA-BH-A0HW-01A	LumB
TCGA-BRCA	BRCA	TCGA-BH-A0HX	TCGA-BH-A0HX-01A	LumA
TCGA-BRCA	BRCA	TCGA-BH-A0HY	TCGA-BH-A0HY-01A	LumB
TCGA-BRCA	BRCA	TCGA-BH-A0RX	TCGA-BH-A0RX-01A	Basal
TCGA-BRCA	BRCA	TCGA-BH-A0W3	TCGA-BH-A0W3-01A	LumB
TCGA-BRCA	BRCA	TCGA-BH-A0W4	TCGA-BH-A0W4-01A	LumA
TCGA-BRCA	BRCA	TCGA-BH-A0W5	TCGA-BH-A0W5-01A	LumA
TCGA-BRCA	BRCA	TCGA-BH-A0W7	TCGA-BH-A0W7-01A	LumA
TCGA-BRCA	BRCA	TCGA-BH-A0WA	TCGA-BH-A0WA-01A	Basal
TCGA-BRCA	BRCA	TCGA-BH-A18F	TCGA-BH-A18F-01A	LumA
TCGA-BRCA	BRCA	TCGA-BH-A18G	TCGA-BH-A18G-01A	Basal
TCGA-BRCA	BRCA	TCGA-BH-A18H	TCGA-BH-A18H-01A	LumA
TCGA-BRCA	BRCA	TCGA-BH-A18I	TCGA-BH-A18I-01A	LumA
TCGA-BRCA	BRCA	TCGA-BH-A18J	TCGA-BH-A18J-01A	LumA
TCGA-BRCA	BRCA	TCGA-BH-A18K	TCGA-BH-A18K-01A	LumA
TCGA-BRCA	BRCA	TCGA-BH-A18L	TCGA-BH-A18L-01A	LumB
TCGA-BRCA	BRCA	TCGA-BH-A18M	TCGA-BH-A18M-01A	LumA
TCGA-BRCA	BRCA	TCGA-BH-A18N	TCGA-BH-A18N-01A	LumA
TCGA-BRCA	BRCA	TCGA-BH-A18P	TCGA-BH-A18P-01A	Her2
TCGA-BRCA	BRCA	TCGA-BH-A18Q	TCGA-BH-A18Q-01A	Basal
TCGA-BRCA	BRCA	TCGA-BH-A18R	TCGA-BH-A18R-01A	Her2
TCGA-BRCA	BRCA	TCGA-BH-A18S	TCGA-BH-A18S-01A	LumA
TCGA-BRCA	BRCA	TCGA-BH-A18T	TCGA-BH-A18T-01A	Basal
TCGA-BRCA	BRCA	TCGA-BH-A18U	TCGA-BH-A18U-01A	LumB
TCGA-BRCA	BRCA	TCGA-BH-A18V	TCGA-BH-A18V-01A	Basal
TCGA-BRCA	BRCA	TCGA-BH-A18V	TCGA-BH-A18V-06A	Basal
TCGA-BRCA	BRCA	TCGA-BH-A1EN	TCGA-BH-A1EN-01A	Her2
TCGA-BRCA	BRCA	TCGA-BH-A1EO	TCGA-BH-A1EO-01A	LumA
TCGA-BRCA	BRCA	TCGA-BH-A1ES	TCGA-BH-A1ES-01A	LumA
TCGA-BRCA	BRCA	TCGA-BH-A1ES	TCGA-BH-A1ES-06A	LumA
TCGA-BRCA	BRCA	TCGA-BH-A1ET	TCGA-BH-A1ET-01A	LumA
TCGA-BRCA	BRCA	TCGA-BH-A1EU	TCGA-BH-A1EU-01A	LumA
TCGA-BRCA	BRCA	TCGA-BH-A1EV	TCGA-BH-A1EV-01A	Her2
TCGA-BRCA	BRCA	TCGA-BH-A1EW	TCGA-BH-A1EW-01A	LumA
TCGA-BRCA	BRCA	TCGA-BH-A1EX	TCGA-BH-A1EX-01A	LumA
TCGA-BRCA	BRCA	TCGA-BH-A1EY	TCGA-BH-A1EY-01A	LumA
TCGA-BRCA	BRCA	TCGA-BH-A1F0	TCGA-BH-A1F0-01A	Basal
TCGA-BRCA	BRCA	TCGA-BH-A1F2	TCGA-BH-A1F2-01A	LumB
TCGA-BRCA	BRCA	TCGA-BH-A1F5	TCGA-BH-A1F5-01A	LumA
TCGA-BRCA	BRCA	TCGA-BH-A1F6	TCGA-BH-A1F6-01A	Basal
TCGA-BRCA	BRCA	TCGA-BH-A1F8	TCGA-BH-A1F8-01A	LumB
TCGA-BRCA	BRCA	TCGA-BH-A1FB	TCGA-BH-A1FB-01A	LumA
TCGA-BRCA	BRCA	TCGA-BH-A1FC	TCGA-BH-A1FC-01A	Basal
TCGA-BRCA	BRCA	TCGA-BH-A1FD	TCGA-BH-A1FD-01A	LumB
TCGA-BRCA	BRCA	TCGA-BH-A1FE	TCGA-BH-A1FE-01A	LumA
TCGA-BRCA	BRCA	TCGA-BH-A1FE	TCGA-BH-A1FE-06A	Normal
TCGA-BRCA	BRCA	TCGA-BH-A1FG	TCGA-BH-A1FG-01A	LumA
TCGA-BRCA	BRCA	TCGA-BH-A1FH	TCGA-BH-A1FH-01A	LumA
TCGA-BRCA	BRCA	TCGA-BH-A1FJ	TCGA-BH-A1FJ-01A	LumB
TCGA-BRCA	BRCA	TCGA-BH-A1FL	TCGA-BH-A1FL-01A	LumA
TCGA-BRCA	BRCA	TCGA-BH-A1FM	TCGA-BH-A1FM-01A	LumB
TCGA-BRCA	BRCA	TCGA-BH-A1FN	TCGA-BH-A1FN-01A	LumB
TCGA-BRCA	BRCA	TCGA-BH-A1FR	TCGA-BH-A1FR-01A	LumA
TCGA-BRCA	BRCA	TCGA-BH-A1FU	TCGA-BH-A1FU-01A	Normal
TCGA-BRCA	BRCA	TCGA-BH-A201	TCGA-BH-A201-01A	LumA
TCGA-BRCA	BRCA	TCGA-BH-A202	TCGA-BH-A202-01A	LumB
TCGA-BRCA	BRCA	TCGA-BH-A203	TCGA-BH-A203-01A	Her2
TCGA-BRCA	BRCA	TCGA-BH-A204	TCGA-BH-A204-01A	LumB
TCGA-BRCA	BRCA	TCGA-BH-A208	TCGA-BH-A208-01A	Normal
TCGA-BRCA	BRCA	TCGA-BH-A209	TCGA-BH-A209-01A	LumB
TCGA-BRCA	BRCA	TCGA-BH-A28O	TCGA-BH-A28O-01A	Normal
TCGA-BRCA	BRCA	TCGA-BH-A28Q	TCGA-BH-A28Q-01A	LumA
TCGA-BRCA	BRCA	TCGA-BH-A2L8	TCGA-BH-A2L8-01A	LumA
TCGA-BRCA	BRCA	TCGA-BH-A42T	TCGA-BH-A42T-01A	LumB
TCGA-BRCA	BRCA	TCGA-BH-A42U	TCGA-BH-A42U-01A	Normal
TCGA-BRCA	BRCA	TCGA-BH-A42V	TCGA-BH-A42V-01A	LumA
TCGA-BRCA	BRCA	TCGA-BH-A5IZ	TCGA-BH-A5IZ-01A	Basal
TCGA-BRCA	BRCA	TCGA-BH-A5J0	TCGA-BH-A5J0-01A	LumA
TCGA-BRCA	BRCA	TCGA-BH-A6R8	TCGA-BH-A6R8-01A	LumA
TCGA-BRCA	BRCA	TCGA-BH-A6R9	TCGA-BH-A6R9-01A	Normal
TCGA-BRCA	BRCA	TCGA-BH-A8FY	TCGA-BH-A8FY-01A	LumA
TCGA-BRCA	BRCA	TCGA-BH-A8FZ	TCGA-BH-A8FZ-01A	Normal
TCGA-BRCA	BRCA	TCGA-BH-A8G0	TCGA-BH-A8G0-01A	LumA
TCGA-BRCA	BRCA	TCGA-BH-AB28	TCGA-BH-AB28-01A	LumA
TCGA-THCA	THCA	TCGA-BJ-A0YZ	TCGA-BJ-A0YZ-01A	1
TCGA-THCA	THCA	TCGA-BJ-A0Z0	TCGA-BJ-A0Z0-01A	1
TCGA-THCA	THCA	TCGA-BJ-A0Z2	TCGA-BJ-A0Z2-01A	1
TCGA-THCA	THCA	TCGA-BJ-A0Z3	TCGA-BJ-A0Z3-01A	2
TCGA-THCA	THCA	TCGA-BJ-A0Z5	TCGA-BJ-A0Z5-01A	3
TCGA-THCA	THCA	TCGA-BJ-A0Z9	TCGA-BJ-A0Z9-01A	4
TCGA-THCA	THCA	TCGA-BJ-A0ZA	TCGA-BJ-A0ZA-01A	1
TCGA-THCA	THCA	TCGA-BJ-A0ZB	TCGA-BJ-A0ZB-01A	4
TCGA-THCA	THCA	TCGA-BJ-A0ZC	TCGA-BJ-A0ZC-01A	1
TCGA-THCA	THCA	TCGA-BJ-A0ZE	TCGA-BJ-A0ZE-01A	1
TCGA-THCA	THCA	TCGA-BJ-A0ZG	TCGA-BJ-A0ZG-01A	1
TCGA-THCA	THCA	TCGA-BJ-A0ZH	TCGA-BJ-A0ZH-01A	3
TCGA-THCA	THCA	TCGA-BJ-A0ZJ	TCGA-BJ-A0ZJ-01A	2
TCGA-THCA	THCA	TCGA-BJ-A18Y	TCGA-BJ-A18Y-01A	1
TCGA-THCA	THCA	TCGA-BJ-A18Z	TCGA-BJ-A18Z-01A	4
TCGA-THCA	THCA	TCGA-BJ-A190	TCGA-BJ-A190-01A	1
TCGA-THCA	THCA	TCGA-BJ-A191	TCGA-BJ-A191-01A	1
TCGA-THCA	THCA	TCGA-BJ-A192	TCGA-BJ-A192-01A	1
TCGA-THCA	THCA	TCGA-BJ-A28R	TCGA-BJ-A28R-01A	4
TCGA-THCA	THCA	TCGA-BJ-A28S	TCGA-BJ-A28S-01A	1
TCGA-THCA	THCA	TCGA-BJ-A28T	TCGA-BJ-A28T-01A	2
TCGA-THCA	THCA	TCGA-BJ-A28V	TCGA-BJ-A28V-01A	1
TCGA-THCA	THCA	TCGA-BJ-A28X	TCGA-BJ-A28X-01A	4
TCGA-THCA	THCA	TCGA-BJ-A28Z	TCGA-BJ-A28Z-01A	2
TCGA-THCA	THCA	TCGA-BJ-A290	TCGA-BJ-A290-01A	5
TCGA-THCA	THCA	TCGA-BJ-A291	TCGA-BJ-A291-01A	1
TCGA-THCA	THCA	TCGA-BJ-A2N7	TCGA-BJ-A2N7-01A	1
TCGA-THCA	THCA	TCGA-BJ-A2N8	TCGA-BJ-A2N8-01A	1
TCGA-THCA	THCA	TCGA-BJ-A2N9	TCGA-BJ-A2N9-01A	1
TCGA-THCA	THCA	TCGA-BJ-A2NA	TCGA-BJ-A2NA-01A	4
TCGA-THCA	THCA	TCGA-BJ-A2P4	TCGA-BJ-A2P4-01A	1
TCGA-THCA	THCA	TCGA-BJ-A3EZ	TCGA-BJ-A3EZ-01A	3
TCGA-THCA	THCA	TCGA-BJ-A3F0	TCGA-BJ-A3F0-01A	1
TCGA-THCA	THCA	TCGA-BJ-A3PR	TCGA-BJ-A3PR-01A	4
TCGA-THCA	THCA	TCGA-BJ-A3PT	TCGA-BJ-A3PT-01A	1
TCGA-THCA	THCA	TCGA-BJ-A3PU	TCGA-BJ-A3PU-01A	4
TCGA-THCA	THCA	TCGA-BJ-A45C	TCGA-BJ-A45C-01A	1
TCGA-THCA	THCA	TCGA-BJ-A45D	TCGA-BJ-A45D-01A	1
TCGA-THCA	THCA	TCGA-BJ-A45F	TCGA-BJ-A45F-01A	1
TCGA-THCA	THCA	TCGA-BJ-A45G	TCGA-BJ-A45G-01A	1
TCGA-THCA	THCA	TCGA-BJ-A45H	TCGA-BJ-A45H-01A	2
TCGA-THCA	THCA	TCGA-BJ-A45I	TCGA-BJ-A45I-01A	4
TCGA-THCA	THCA	TCGA-BJ-A45J	TCGA-BJ-A45J-01A	3
TCGA-THCA	THCA	TCGA-BJ-A45K	TCGA-BJ-A45K-01A	1
TCGA-THCA	THCA	TCGA-BJ-A4O8	TCGA-BJ-A4O8-01A	4
TCGA-THCA	THCA	TCGA-BJ-A4O9	TCGA-BJ-A4O9-01A	3
TCGA-UCEC	UCEC	TCGA-BK-A0C9	TCGA-BK-A0C9-01A	MSI
TCGA-UCEC	UCEC	TCGA-BK-A0CA	TCGA-BK-A0CA-01A	CN LOW
TCGA-UCEC	UCEC	TCGA-BK-A0CA	TCGA-BK-A0CA-01B	CN LOW
TCGA-UCEC	UCEC	TCGA-BK-A0CB	TCGA-BK-A0CB-01A	CN LOW
TCGA-UCEC	UCEC	TCGA-BK-A0CC	TCGA-BK-A0CC-01A	CN HIGH
TCGA-UCEC	UCEC	TCGA-BK-A0CC	TCGA-BK-A0CC-01B	CN HIGH
TCGA-UCEC	UCEC	TCGA-BK-A139	TCGA-BK-A139-01A	CN HIGH
TCGA-UCEC	UCEC	TCGA-BK-A139	TCGA-BK-A139-01C	CN HIGH
TCGA-UCEC	UCEC	TCGA-BK-A139	TCGA-BK-A139-02A	CN HIGH
TCGA-UCEC	UCEC	TCGA-BK-A139	TCGA-BK-A139-02Z	CN HIGH
TCGA-UCEC	UCEC	TCGA-BK-A13B	TCGA-BK-A13B-01A	MSI
TCGA-UCEC	UCEC	TCGA-BK-A13C	TCGA-BK-A13C-01A	CN LOW
TCGA-UCEC	UCEC	TCGA-BK-A26L	TCGA-BK-A26L-01A	CN HIGH
TCGA-UCEC	UCEC	TCGA-BK-A26L	TCGA-BK-A26L-01C	CN HIGH
TCGA-UCEC	UCEC	TCGA-BK-A4ZD	TCGA-BK-A4ZD-01A	CN HIGH
TCGA-UCEC	UCEC	TCGA-BK-A56F	TCGA-BK-A56F-01A	CN LOW
TCGA-UCEC	UCEC	TCGA-BK-A6W3	TCGA-BK-A6W3-01A	POLE
TCGA-UCEC	UCEC	TCGA-BK-A6W4	TCGA-BK-A6W4-01A	CN LOW
TCGA-BLCA	BLCA	TCGA-BL-A13I	TCGA-BL-A13I-01A	4
TCGA-BLCA	BLCA	TCGA-BL-A13J	TCGA-BL-A13J-01A	2
TCGA-BLCA	BLCA	TCGA-BL-A3JM	TCGA-BL-A3JM-01A	4
TCGA-KIRC	KIRC	TCGA-BP-4158	TCGA-BP-4158-01A	2
TCGA-KIRC	KIRC	TCGA-BP-4159	TCGA-BP-4159-01A	4
TCGA-KIRC	KIRC	TCGA-BP-4160	TCGA-BP-4160-01A	4
TCGA-KIRC	KIRC	TCGA-BP-4161	TCGA-BP-4161-01A	1
TCGA-KIRC	KIRC	TCGA-BP-4162	TCGA-BP-4162-01A	1
TCGA-KIRC	KIRC	TCGA-BP-4163	TCGA-BP-4163-01A	4
TCGA-KIRC	KIRC	TCGA-BP-4164	TCGA-BP-4164-01A	1
TCGA-KIRC	KIRC	TCGA-BP-4165	TCGA-BP-4165-01A	2
TCGA-KIRC	KIRC	TCGA-BP-4166	TCGA-BP-4166-01A	3
TCGA-KIRC	KIRC	TCGA-BP-4167	TCGA-BP-4167-01A	4
TCGA-KIRC	KIRC	TCGA-BP-4169	TCGA-BP-4169-01A	3
TCGA-KIRC	KIRC	TCGA-BP-4170	TCGA-BP-4170-01A	1
TCGA-KIRC	KIRC	TCGA-BP-4173	TCGA-BP-4173-01A	3
TCGA-KIRC	KIRC	TCGA-BP-4174	TCGA-BP-4174-01A	4
TCGA-KIRC	KIRC	TCGA-BP-4176	TCGA-BP-4176-01A	3
TCGA-KIRC	KIRC	TCGA-BP-4325	TCGA-BP-4325-01A	1
TCGA-KIRC	KIRC	TCGA-BP-4326	TCGA-BP-4326-01A	3
TCGA-KIRC	KIRC	TCGA-BP-4327	TCGA-BP-4327-01A	2
TCGA-KIRC	KIRC	TCGA-BP-4329	TCGA-BP-4329-01A	4
TCGA-KIRC	KIRC	TCGA-BP-4330	TCGA-BP-4330-01A	2
TCGA-KIRC	KIRC	TCGA-BP-4332	TCGA-BP-4332-01A	1
TCGA-KIRC	KIRC	TCGA-BP-4335	TCGA-BP-4335-01A	2
TCGA-KIRC	KIRC	TCGA-BP-4337	TCGA-BP-4337-01A	2
TCGA-KIRC	KIRC	TCGA-BP-4338	TCGA-BP-4338-01A	4
TCGA-KIRC	KIRC	TCGA-BP-4340	TCGA-BP-4340-01A	1
TCGA-KIRC	KIRC	TCGA-BP-4341	TCGA-BP-4341-01A	2
TCGA-KIRC	KIRC	TCGA-BP-4342	TCGA-BP-4342-01A	3
TCGA-KIRC	KIRC	TCGA-BP-4343	TCGA-BP-4343-01A	3
TCGA-KIRC	KIRC	TCGA-BP-4345	TCGA-BP-4345-01A	3
TCGA-KIRC	KIRC	TCGA-BP-4346	TCGA-BP-4346-01A	2
TCGA-KIRC	KIRC	TCGA-BP-4347	TCGA-BP-4347-01A	2
TCGA-KIRC	KIRC	TCGA-BP-4349	TCGA-BP-4349-01A	2
TCGA-KIRC	KIRC	TCGA-BP-4351	TCGA-BP-4351-01A	2
TCGA-KIRC	KIRC	TCGA-BP-4352	TCGA-BP-4352-01A	2
TCGA-KIRC	KIRC	TCGA-BP-4353	TCGA-BP-4353-01A	3
TCGA-KIRC	KIRC	TCGA-BP-4354	TCGA-BP-4354-01A	3
TCGA-KIRC	KIRC	TCGA-BP-4355	TCGA-BP-4355-01A	2
TCGA-KIRC	KIRC	TCGA-BP-4756	TCGA-BP-4756-01A	1
TCGA-KIRC	KIRC	TCGA-BP-4758	TCGA-BP-4758-01A	4
TCGA-KIRC	KIRC	TCGA-BP-4759	TCGA-BP-4759-01A	4
TCGA-KIRC	KIRC	TCGA-BP-4761	TCGA-BP-4761-01A	4
TCGA-KIRC	KIRC	TCGA-BP-4762	TCGA-BP-4762-01A	3
TCGA-KIRC	KIRC	TCGA-BP-4763	TCGA-BP-4763-01A	3
TCGA-KIRC	KIRC	TCGA-BP-4765	TCGA-BP-4765-01A	1
TCGA-KIRC	KIRC	TCGA-BP-4766	TCGA-BP-4766-01A	1
TCGA-KIRC	KIRC	TCGA-BP-4768	TCGA-BP-4768-01A	2
TCGA-KIRC	KIRC	TCGA-BP-4770	TCGA-BP-4770-01A	3
TCGA-KIRC	KIRC	TCGA-BP-4771	TCGA-BP-4771-01A	2
TCGA-KIRC	KIRC	TCGA-BP-4774	TCGA-BP-4774-01A	2
TCGA-KIRC	KIRC	TCGA-BP-4775	TCGA-BP-4775-01A	1
TCGA-KIRC	KIRC	TCGA-BP-4777	TCGA-BP-4777-01A	4
TCGA-KIRC	KIRC	TCGA-BP-4781	TCGA-BP-4781-01A	3
TCGA-KIRC	KIRC	TCGA-BP-4782	TCGA-BP-4782-01A	4
TCGA-KIRC	KIRC	TCGA-BP-4787	TCGA-BP-4787-01A	3
TCGA-KIRC	KIRC	TCGA-BP-4789	TCGA-BP-4789-01A	1
TCGA-KIRC	KIRC	TCGA-BP-4790	TCGA-BP-4790-01A	1
TCGA-KIRC	KIRC	TCGA-BP-4797	TCGA-BP-4797-01A	1
TCGA-KIRC	KIRC	TCGA-BP-4798	TCGA-BP-4798-01A	2
TCGA-KIRC	KIRC	TCGA-BP-4799	TCGA-BP-4799-01A	3
TCGA-KIRC	KIRC	TCGA-BP-4801	TCGA-BP-4801-01A	1
TCGA-KIRC	KIRC	TCGA-BP-4803	TCGA-BP-4803-01A	3
TCGA-KIRC	KIRC	TCGA-BP-4804	TCGA-BP-4804-01A	3
TCGA-KIRC	KIRC	TCGA-BP-4807	TCGA-BP-4807-01A	1
TCGA-KIRC	KIRC	TCGA-BP-4959	TCGA-BP-4959-01A	1
TCGA-KIRC	KIRC	TCGA-BP-4960	TCGA-BP-4960-01A	2
TCGA-KIRC	KIRC	TCGA-BP-4961	TCGA-BP-4961-01A	1
TCGA-KIRC	KIRC	TCGA-BP-4962	TCGA-BP-4962-01A	4
TCGA-KIRC	KIRC	TCGA-BP-4963	TCGA-BP-4963-01A	2
TCGA-KIRC	KIRC	TCGA-BP-4964	TCGA-BP-4964-01A	1
TCGA-KIRC	KIRC	TCGA-BP-4967	TCGA-BP-4967-01A	2
TCGA-KIRC	KIRC	TCGA-BP-4968	TCGA-BP-4968-01A	4
TCGA-KIRC	KIRC	TCGA-BP-4969	TCGA-BP-4969-01A	2
TCGA-KIRC	KIRC	TCGA-BP-4970	TCGA-BP-4970-01A	1
TCGA-KIRC	KIRC	TCGA-BP-4971	TCGA-BP-4971-01A	2
TCGA-KIRC	KIRC	TCGA-BP-4972	TCGA-BP-4972-01A	1
TCGA-KIRC	KIRC	TCGA-BP-4973	TCGA-BP-4973-01A	2
TCGA-KIRC	KIRC	TCGA-BP-4974	TCGA-BP-4974-01A	2
TCGA-KIRC	KIRC	TCGA-BP-4975	TCGA-BP-4975-01A	1
TCGA-KIRC	KIRC	TCGA-BP-4976	TCGA-BP-4976-01A	1
TCGA-KIRC	KIRC	TCGA-BP-4977	TCGA-BP-4977-01A	1
TCGA-KIRC	KIRC	TCGA-BP-4981	TCGA-BP-4981-01A	2
TCGA-KIRC	KIRC	TCGA-BP-4982	TCGA-BP-4982-01A	1
TCGA-KIRC	KIRC	TCGA-BP-4983	TCGA-BP-4983-01A	3
TCGA-KIRC	KIRC	TCGA-BP-4985	TCGA-BP-4985-01A	3
TCGA-KIRC	KIRC	TCGA-BP-4986	TCGA-BP-4986-01A	3
TCGA-KIRC	KIRC	TCGA-BP-4987	TCGA-BP-4987-01A	1
TCGA-KIRC	KIRC	TCGA-BP-4988	TCGA-BP-4988-01A	2
TCGA-KIRC	KIRC	TCGA-BP-4989	TCGA-BP-4989-01A	2
TCGA-KIRC	KIRC	TCGA-BP-4991	TCGA-BP-4991-01A	1
TCGA-KIRC	KIRC	TCGA-BP-4992	TCGA-BP-4992-01A	2
TCGA-KIRC	KIRC	TCGA-BP-4993	TCGA-BP-4993-01A	1
TCGA-KIRC	KIRC	TCGA-BP-4995	TCGA-BP-4995-01A	1
TCGA-KIRC	KIRC	TCGA-BP-4998	TCGA-BP-4998-01A	2
TCGA-KIRC	KIRC	TCGA-BP-4999	TCGA-BP-4999-01A	1
TCGA-KIRC	KIRC	TCGA-BP-5000	TCGA-BP-5000-01A	2
TCGA-KIRC	KIRC	TCGA-BP-5001	TCGA-BP-5001-01A	2
TCGA-KIRC	KIRC	TCGA-BP-5004	TCGA-BP-5004-01A	1
TCGA-KIRC	KIRC	TCGA-BP-5006	TCGA-BP-5006-01A	1
TCGA-KIRC	KIRC	TCGA-BP-5007	TCGA-BP-5007-01A	1
TCGA-KIRC	KIRC	TCGA-BP-5008	TCGA-BP-5008-01A	1
TCGA-KIRC	KIRC	TCGA-BP-5009	TCGA-BP-5009-01A	2
TCGA-KIRC	KIRC	TCGA-BP-5010	TCGA-BP-5010-01A	2
TCGA-KIRC	KIRC	TCGA-BP-5168	TCGA-BP-5168-01A	1
TCGA-KIRC	KIRC	TCGA-BP-5169	TCGA-BP-5169-01A	2
TCGA-KIRC	KIRC	TCGA-BP-5170	TCGA-BP-5170-01A	4
TCGA-KIRC	KIRC	TCGA-BP-5173	TCGA-BP-5173-01A	4
TCGA-KIRC	KIRC	TCGA-BP-5174	TCGA-BP-5174-01A	4
TCGA-KIRC	KIRC	TCGA-BP-5175	TCGA-BP-5175-01A	4
TCGA-KIRC	KIRC	TCGA-BP-5176	TCGA-BP-5176-01A	4
TCGA-KIRC	KIRC	TCGA-BP-5177	TCGA-BP-5177-01A	3
TCGA-KIRC	KIRC	TCGA-BP-5178	TCGA-BP-5178-01A	4
TCGA-KIRC	KIRC	TCGA-BP-5180	TCGA-BP-5180-01A	4
TCGA-KIRC	KIRC	TCGA-BP-5182	TCGA-BP-5182-01A	3
TCGA-KIRC	KIRC	TCGA-BP-5183	TCGA-BP-5183-01A	1
TCGA-KIRC	KIRC	TCGA-BP-5187	TCGA-BP-5187-01A	2
TCGA-KIRC	KIRC	TCGA-BP-5189	TCGA-BP-5189-01A	1
TCGA-KIRC	KIRC	TCGA-BP-5190	TCGA-BP-5190-01A	2
TCGA-KIRC	KIRC	TCGA-BP-5191	TCGA-BP-5191-01A	2
TCGA-KIRC	KIRC	TCGA-BP-5192	TCGA-BP-5192-01A	1
TCGA-KIRC	KIRC	TCGA-BP-5194	TCGA-BP-5194-01A	1
TCGA-KIRC	KIRC	TCGA-BP-5195	TCGA-BP-5195-01A	3
TCGA-KIRC	KIRC	TCGA-BP-5196	TCGA-BP-5196-01A	3
TCGA-KIRC	KIRC	TCGA-BP-5198	TCGA-BP-5198-01A	3
TCGA-KIRC	KIRC	TCGA-BP-5199	TCGA-BP-5199-01A	3
TCGA-KIRC	KIRC	TCGA-BP-5200	TCGA-BP-5200-01A	1
TCGA-KIRC	KIRC	TCGA-BP-5201	TCGA-BP-5201-01A	4
TCGA-KIRC	KIRC	TCGA-BP-5202	TCGA-BP-5202-01A	1
TCGA-KIRP	KIRP	TCGA-BQ-5875	TCGA-BQ-5875-01A	C2b
TCGA-KIRP	KIRP	TCGA-BQ-5876	TCGA-BQ-5876-01A	C2b
TCGA-KIRP	KIRP	TCGA-BQ-5877	TCGA-BQ-5877-01A	C2b
TCGA-KIRP	KIRP	TCGA-BQ-5878	TCGA-BQ-5878-01A	C2b
TCGA-KIRP	KIRP	TCGA-BQ-5879	TCGA-BQ-5879-01A	C2c - CIMP
TCGA-KIRP	KIRP	TCGA-BQ-5880	TCGA-BQ-5880-01A	C2a
TCGA-KIRP	KIRP	TCGA-BQ-5881	TCGA-BQ-5881-01A	C2a
TCGA-KIRP	KIRP	TCGA-BQ-5882	TCGA-BQ-5882-01A	C2b
TCGA-KIRP	KIRP	TCGA-BQ-5883	TCGA-BQ-5883-01A	C2a
TCGA-KIRP	KIRP	TCGA-BQ-5884	TCGA-BQ-5884-01A	C2a
TCGA-KIRP	KIRP	TCGA-BQ-5885	TCGA-BQ-5885-01A	C2a
TCGA-KIRP	KIRP	TCGA-BQ-5886	TCGA-BQ-5886-01A	C2a
TCGA-KIRP	KIRP	TCGA-BQ-5887	TCGA-BQ-5887-01A	C2b
TCGA-KIRP	KIRP	TCGA-BQ-5888	TCGA-BQ-5888-01A	C2a
TCGA-KIRP	KIRP	TCGA-BQ-5889	TCGA-BQ-5889-01A	C2a
TCGA-KIRP	KIRP	TCGA-BQ-5890	TCGA-BQ-5890-01A	C2b
TCGA-KIRP	KIRP	TCGA-BQ-5891	TCGA-BQ-5891-01A	C2b
TCGA-KIRP	KIRP	TCGA-BQ-5892	TCGA-BQ-5892-01A	C2a
TCGA-KIRP	KIRP	TCGA-BQ-5893	TCGA-BQ-5893-01A	C2c - CIMP
TCGA-KIRP	KIRP	TCGA-BQ-5894	TCGA-BQ-5894-01A	C2c - CIMP
TCGA-KIRP	KIRP	TCGA-BQ-7044	TCGA-BQ-7044-01A	C2b
TCGA-KIRP	KIRP	TCGA-BQ-7045	TCGA-BQ-7045-01A	C1
TCGA-KIRP	KIRP	TCGA-BQ-7046	TCGA-BQ-7046-01A	C1
TCGA-KIRP	KIRP	TCGA-BQ-7048	TCGA-BQ-7048-01A	C2b
TCGA-KIRP	KIRP	TCGA-BQ-7050	TCGA-BQ-7050-01A	C2a
TCGA-KIRP	KIRP	TCGA-BQ-7051	TCGA-BQ-7051-01A	C1
TCGA-KIRP	KIRP	TCGA-BQ-7053	TCGA-BQ-7053-01A	C2a
TCGA-KIRP	KIRP	TCGA-BQ-7055	TCGA-BQ-7055-01A	C2a
TCGA-KIRP	KIRP	TCGA-BQ-7058	TCGA-BQ-7058-01A	C2b
TCGA-KIRP	KIRP	TCGA-BQ-7059	TCGA-BQ-7059-01A	C1
TCGA-KIRP	KIRP	TCGA-BQ-7060	TCGA-BQ-7060-01A	C1
TCGA-KIRP	KIRP	TCGA-BQ-7061	TCGA-BQ-7061-01A	C2b
TCGA-KIRP	KIRP	TCGA-BQ-7062	TCGA-BQ-7062-01A	C1
TCGA-STAD	STAD	TCGA-BR-4187	TCGA-BR-4187-01A	GI.GS
TCGA-STAD	STAD	TCGA-BR-4191	TCGA-BR-4191-01A	GI.CIN
TCGA-STAD	STAD	TCGA-BR-4201	TCGA-BR-4201-01A	GI.MSI
TCGA-STAD	STAD	TCGA-BR-4253	TCGA-BR-4253-01A	GI.EBV
TCGA-STAD	STAD	TCGA-BR-4255	TCGA-BR-4255-01A	GI.CIN
TCGA-STAD	STAD	TCGA-BR-4256	TCGA-BR-4256-01A	GI.MSI
TCGA-STAD	STAD	TCGA-BR-4257	TCGA-BR-4257-01A	GI.MSI
TCGA-STAD	STAD	TCGA-BR-4267	TCGA-BR-4267-01A	GI.CIN
TCGA-STAD	STAD	TCGA-BR-4279	TCGA-BR-4279-01A	GI.CIN
TCGA-STAD	STAD	TCGA-BR-4280	TCGA-BR-4280-01A	GI.MSI
TCGA-STAD	STAD	TCGA-BR-4292	TCGA-BR-4292-01A	GI.MSI
TCGA-STAD	STAD	TCGA-BR-4294	TCGA-BR-4294-01A	GI.CIN
TCGA-STAD	STAD	TCGA-BR-4357	TCGA-BR-4357-01A	GI.CIN
TCGA-STAD	STAD	TCGA-BR-4361	TCGA-BR-4361-01A	GI.MSI
TCGA-STAD	STAD	TCGA-BR-4362	TCGA-BR-4362-01A	GI.MSI
TCGA-STAD	STAD	TCGA-BR-4363	TCGA-BR-4363-01A	GI.MSI
TCGA-STAD	STAD	TCGA-BR-4366	TCGA-BR-4366-01A	GI.CIN
TCGA-STAD	STAD	TCGA-BR-4368	TCGA-BR-4368-01A	GI.MSI
TCGA-STAD	STAD	TCGA-BR-4369	TCGA-BR-4369-01A	GI.CIN
TCGA-STAD	STAD	TCGA-BR-4370	TCGA-BR-4370-01A	GI.MSI
TCGA-STAD	STAD	TCGA-BR-4371	TCGA-BR-4371-01A	GI.GS
TCGA-STAD	STAD	TCGA-BR-6452	TCGA-BR-6452-01A	GI.MSI
TCGA-STAD	STAD	TCGA-BR-6453	TCGA-BR-6453-01A	GI.GS
TCGA-STAD	STAD	TCGA-BR-6454	TCGA-BR-6454-01A	GI.CIN
TCGA-STAD	STAD	TCGA-BR-6455	TCGA-BR-6455-01A	GI.EBV
TCGA-STAD	STAD	TCGA-BR-6456	TCGA-BR-6456-01A	GI.CIN
TCGA-STAD	STAD	TCGA-BR-6457	TCGA-BR-6457-01A	GI.GS
TCGA-STAD	STAD	TCGA-BR-6458	TCGA-BR-6458-01A	GI.CIN
TCGA-STAD	STAD	TCGA-BR-6563	TCGA-BR-6563-01A	GI.GS
TCGA-STAD	STAD	TCGA-BR-6564	TCGA-BR-6564-01A	GI.CIN
TCGA-STAD	STAD	TCGA-BR-6565	TCGA-BR-6565-01A	GI.CIN
TCGA-STAD	STAD	TCGA-BR-6566	TCGA-BR-6566-01A	GI.MSI
TCGA-STAD	STAD	TCGA-BR-6705	TCGA-BR-6705-01A	GI.CIN
TCGA-STAD	STAD	TCGA-BR-6706	TCGA-BR-6706-01A	GI.EBV
TCGA-STAD	STAD	TCGA-BR-6707	TCGA-BR-6707-01A	GI.EBV
TCGA-STAD	STAD	TCGA-BR-6801	TCGA-BR-6801-01A	GI.CIN
TCGA-STAD	STAD	TCGA-BR-6802	TCGA-BR-6802-01A	GI.MSI
TCGA-STAD	STAD	TCGA-BR-6803	TCGA-BR-6803-01A	GI.GS
TCGA-STAD	STAD	TCGA-BR-6852	TCGA-BR-6852-01A	GI.MSI
TCGA-STAD	STAD	TCGA-BR-7196	TCGA-BR-7196-01A	GI.EBV
TCGA-STAD	STAD	TCGA-BR-7197	TCGA-BR-7197-01A	GI.CIN
TCGA-STAD	STAD	TCGA-BR-7703	TCGA-BR-7703-01A	GI.MSI
TCGA-STAD	STAD	TCGA-BR-7707	TCGA-BR-7707-01A	GI.MSI
TCGA-STAD	STAD	TCGA-BR-7715	TCGA-BR-7715-01A	GI.CIN
TCGA-STAD	STAD	TCGA-BR-7716	TCGA-BR-7716-01A	GI.CIN
TCGA-STAD	STAD	TCGA-BR-7717	TCGA-BR-7717-01A	GI.CIN
TCGA-STAD	STAD	TCGA-BR-7722	TCGA-BR-7722-01A	GI.CIN
TCGA-STAD	STAD	TCGA-BR-7723	TCGA-BR-7723-01A	GI.CIN
TCGA-STAD	STAD	TCGA-BR-7851	TCGA-BR-7851-01A	GI.MSI
TCGA-STAD	STAD	TCGA-BR-7901	TCGA-BR-7901-01A	GI.CIN
TCGA-STAD	STAD	TCGA-BR-7957	TCGA-BR-7957-01A	GI.CIN
TCGA-STAD	STAD	TCGA-BR-7958	TCGA-BR-7958-01A	GI.EBV
TCGA-STAD	STAD	TCGA-BR-7959	TCGA-BR-7959-01A	GI.CIN
TCGA-STAD	STAD	TCGA-BR-8058	TCGA-BR-8058-01A	GI.CIN
TCGA-STAD	STAD	TCGA-BR-8059	TCGA-BR-8059-01A	GI.MSI
TCGA-STAD	STAD	TCGA-BR-8077	TCGA-BR-8077-01A	GI.CIN
TCGA-STAD	STAD	TCGA-BR-8078	TCGA-BR-8078-01A	GI.MSI
TCGA-STAD	STAD	TCGA-BR-8080	TCGA-BR-8080-01A	GI.CIN
TCGA-STAD	STAD	TCGA-BR-8081	TCGA-BR-8081-01A	GI.MSI
TCGA-STAD	STAD	TCGA-BR-8284	TCGA-BR-8284-01A	GI.HM-SNV
TCGA-STAD	STAD	TCGA-BR-8286	TCGA-BR-8286-01A	GI.CIN
TCGA-STAD	STAD	TCGA-BR-8289	TCGA-BR-8289-01A	GI.CIN
TCGA-STAD	STAD	TCGA-BR-8291	TCGA-BR-8291-01A	GI.CIN
TCGA-STAD	STAD	TCGA-BR-8297	TCGA-BR-8297-01A	GI.CIN
TCGA-STAD	STAD	TCGA-BR-8361	TCGA-BR-8361-01A	GI.MSI
TCGA-STAD	STAD	TCGA-BR-8363	TCGA-BR-8363-01A	GI.MSI
TCGA-STAD	STAD	TCGA-BR-8364	TCGA-BR-8364-01A	GI.CIN
TCGA-STAD	STAD	TCGA-BR-8365	TCGA-BR-8365-01A	GI.CIN
TCGA-STAD	STAD	TCGA-BR-8366	TCGA-BR-8366-01A	GI.EBV
TCGA-STAD	STAD	TCGA-BR-8367	TCGA-BR-8367-01A	GI.GS
TCGA-STAD	STAD	TCGA-BR-8368	TCGA-BR-8368-01A	GI.MSI
TCGA-STAD	STAD	TCGA-BR-8369	TCGA-BR-8369-01A	GI.CIN
TCGA-STAD	STAD	TCGA-BR-8371	TCGA-BR-8371-01A	GI.GS
TCGA-STAD	STAD	TCGA-BR-8372	TCGA-BR-8372-01A	GI.MSI
TCGA-STAD	STAD	TCGA-BR-8373	TCGA-BR-8373-01A	GI.CIN
TCGA-STAD	STAD	TCGA-BR-8380	TCGA-BR-8380-01A	GI.GS
TCGA-STAD	STAD	TCGA-BR-8381	TCGA-BR-8381-01A	GI.EBV
TCGA-STAD	STAD	TCGA-BR-8382	TCGA-BR-8382-01A	GI.MSI
TCGA-STAD	STAD	TCGA-BR-8384	TCGA-BR-8384-01A	GI.GS
TCGA-STAD	STAD	TCGA-BR-8483	TCGA-BR-8483-01A	GI.CIN
TCGA-STAD	STAD	TCGA-BR-8484	TCGA-BR-8484-01A	GI.CIN
TCGA-STAD	STAD	TCGA-BR-8485	TCGA-BR-8485-01A	GI.CIN
TCGA-STAD	STAD	TCGA-BR-8486	TCGA-BR-8486-01A	GI.CIN
TCGA-STAD	STAD	TCGA-BR-8487	TCGA-BR-8487-01A	GI.MSI
TCGA-STAD	STAD	TCGA-BR-8588	TCGA-BR-8588-01A	GI.CIN
TCGA-STAD	STAD	TCGA-BR-8589	TCGA-BR-8589-01A	GI.EBV
TCGA-STAD	STAD	TCGA-BR-8590	TCGA-BR-8590-01A	GI.CIN
TCGA-STAD	STAD	TCGA-BR-8591	TCGA-BR-8591-01A	GI.MSI
TCGA-STAD	STAD	TCGA-BR-8592	TCGA-BR-8592-01A	GI.GS
TCGA-STAD	STAD	TCGA-BR-8677	TCGA-BR-8677-01A	GI.CIN
TCGA-STAD	STAD	TCGA-BR-8678	TCGA-BR-8678-01A	GI.CIN
TCGA-STAD	STAD	TCGA-BR-8679	TCGA-BR-8679-01A	GI.CIN
TCGA-STAD	STAD	TCGA-BR-8680	TCGA-BR-8680-01A	GI.HM-SNV
TCGA-STAD	STAD	TCGA-BR-8682	TCGA-BR-8682-01A	GI.CIN
TCGA-STAD	STAD	TCGA-BR-8683	TCGA-BR-8683-01A	GI.CIN
TCGA-STAD	STAD	TCGA-BR-8686	TCGA-BR-8686-01A	GI.EBV
TCGA-STAD	STAD	TCGA-BR-8687	TCGA-BR-8687-01A	GI.CIN
TCGA-STAD	STAD	TCGA-BR-A44T	TCGA-BR-A44T-01A	GI.GS
TCGA-STAD	STAD	TCGA-BR-A44U	TCGA-BR-A44U-01A	GI.CIN
TCGA-STAD	STAD	TCGA-BR-A452	TCGA-BR-A452-01A	GI.CIN
TCGA-STAD	STAD	TCGA-BR-A453	TCGA-BR-A453-01A	GI.GS
TCGA-STAD	STAD	TCGA-BR-A4CR	TCGA-BR-A4CR-01A	GI.CIN
TCGA-STAD	STAD	TCGA-BR-A4CS	TCGA-BR-A4CS-01A	GI.CIN
TCGA-STAD	STAD	TCGA-BR-A4IU	TCGA-BR-A4IU-01A	GI.GS
TCGA-STAD	STAD	TCGA-BR-A4IV	TCGA-BR-A4IV-01A	GI.GS
TCGA-STAD	STAD	TCGA-BR-A4IY	TCGA-BR-A4IY-01A	GI.CIN
TCGA-STAD	STAD	TCGA-BR-A4IZ	TCGA-BR-A4IZ-01A	GI.GS
TCGA-STAD	STAD	TCGA-BR-A4J1	TCGA-BR-A4J1-01A	GI.CIN
TCGA-STAD	STAD	TCGA-BR-A4J2	TCGA-BR-A4J2-01A	GI.GS
TCGA-STAD	STAD	TCGA-BR-A4J4	TCGA-BR-A4J4-01A	GI.EBV
TCGA-STAD	STAD	TCGA-BR-A4J5	TCGA-BR-A4J5-01A	GI.GS
TCGA-STAD	STAD	TCGA-BR-A4J6	TCGA-BR-A4J6-01A	GI.CIN
TCGA-STAD	STAD	TCGA-BR-A4J7	TCGA-BR-A4J7-01A	GI.CIN
TCGA-STAD	STAD	TCGA-BR-A4J8	TCGA-BR-A4J8-01A	GI.CIN
TCGA-STAD	STAD	TCGA-BR-A4J9	TCGA-BR-A4J9-01A	GI.GS
TCGA-STAD	STAD	TCGA-BR-A4PD	TCGA-BR-A4PD-01A	GI.CIN
TCGA-STAD	STAD	TCGA-BR-A4PE	TCGA-BR-A4PE-01A	GI.CIN
TCGA-STAD	STAD	TCGA-BR-A4PF	TCGA-BR-A4PF-01A	GI.CIN
TCGA-STAD	STAD	TCGA-BR-A4QI	TCGA-BR-A4QI-01A	GI.CIN
TCGA-UCEC	UCEC	TCGA-BS-A0T9	TCGA-BS-A0T9-01A	CN LOW
TCGA-UCEC	UCEC	TCGA-BS-A0TA	TCGA-BS-A0TA-01A	MSI
TCGA-UCEC	UCEC	TCGA-BS-A0TC	TCGA-BS-A0TC-01A	POLE
TCGA-UCEC	UCEC	TCGA-BS-A0TD	TCGA-BS-A0TD-01A	CN LOW
TCGA-UCEC	UCEC	TCGA-BS-A0TE	TCGA-BS-A0TE-01A	MSI
TCGA-UCEC	UCEC	TCGA-BS-A0TG	TCGA-BS-A0TG-01A	CN LOW
TCGA-UCEC	UCEC	TCGA-BS-A0TI	TCGA-BS-A0TI-01A	CN HIGH
TCGA-UCEC	UCEC	TCGA-BS-A0TJ	TCGA-BS-A0TJ-01A	MSI
TCGA-UCEC	UCEC	TCGA-BS-A0U5	TCGA-BS-A0U5-01A	CN LOW
TCGA-UCEC	UCEC	TCGA-BS-A0U7	TCGA-BS-A0U7-01A	CN LOW
TCGA-UCEC	UCEC	TCGA-BS-A0U8	TCGA-BS-A0U8-01A	MSI
TCGA-UCEC	UCEC	TCGA-BS-A0U9	TCGA-BS-A0U9-01B	CN HIGH
TCGA-UCEC	UCEC	TCGA-BS-A0UA	TCGA-BS-A0UA-01A	MSI
TCGA-UCEC	UCEC	TCGA-BS-A0UF	TCGA-BS-A0UF-01A	POLE
TCGA-UCEC	UCEC	TCGA-BS-A0UJ	TCGA-BS-A0UJ-01A	MSI
TCGA-UCEC	UCEC	TCGA-BS-A0UL	TCGA-BS-A0UL-01A	MSI
TCGA-UCEC	UCEC	TCGA-BS-A0UT	TCGA-BS-A0UT-01A	CN LOW
TCGA-UCEC	UCEC	TCGA-BS-A0UV	TCGA-BS-A0UV-01A	POLE
TCGA-UCEC	UCEC	TCGA-BS-A0V4	TCGA-BS-A0V4-01A	MSI
TCGA-UCEC	UCEC	TCGA-BS-A0V6	TCGA-BS-A0V6-01A	CN LOW
TCGA-UCEC	UCEC	TCGA-BS-A0V7	TCGA-BS-A0V7-01A	CN LOW
TCGA-UCEC	UCEC	TCGA-BS-A0V8	TCGA-BS-A0V8-01A	CN HIGH
TCGA-UCEC	UCEC	TCGA-BS-A0VI	TCGA-BS-A0VI-01A	MSI
TCGA-UCEC	UCEC	TCGA-BS-A0WQ	TCGA-BS-A0WQ-01A	CN LOW
TCGA-BLCA	BLCA	TCGA-BT-A0S7	TCGA-BT-A0S7-01A	3
TCGA-BLCA	BLCA	TCGA-BT-A0YX	TCGA-BT-A0YX-01A	3
TCGA-BLCA	BLCA	TCGA-BT-A20J	TCGA-BT-A20J-01A	4
TCGA-BLCA	BLCA	TCGA-BT-A20N	TCGA-BT-A20N-01A	1
TCGA-BLCA	BLCA	TCGA-BT-A20O	TCGA-BT-A20O-01A	4
TCGA-BLCA	BLCA	TCGA-BT-A20P	TCGA-BT-A20P-01A	1
TCGA-BLCA	BLCA	TCGA-BT-A20Q	TCGA-BT-A20Q-01A	2
TCGA-BLCA	BLCA	TCGA-BT-A20R	TCGA-BT-A20R-01A	2
TCGA-BLCA	BLCA	TCGA-BT-A20T	TCGA-BT-A20T-01A	2
TCGA-BLCA	BLCA	TCGA-BT-A20U	TCGA-BT-A20U-01A	3
TCGA-BLCA	BLCA	TCGA-BT-A20W	TCGA-BT-A20W-01A	2
TCGA-BLCA	BLCA	TCGA-BT-A2LB	TCGA-BT-A2LB-01A	2
TCGA-BLCA	BLCA	TCGA-BT-A2LD	TCGA-BT-A2LD-01A	4
TCGA-BLCA	BLCA	TCGA-BT-A3PH	TCGA-BT-A3PH-01A	1
TCGA-BLCA	BLCA	TCGA-BT-A3PJ	TCGA-BT-A3PJ-01A	3
TCGA-BLCA	BLCA	TCGA-BT-A3PK	TCGA-BT-A3PK-01A	3
TCGA-BLCA	BLCA	TCGA-BT-A42C	TCGA-BT-A42C-01A	1
TCGA-LIHC	LIHC	TCGA-BW-A5NO	TCGA-BW-A5NO-01A	iCluster:3
TCGA-LIHC	LIHC	TCGA-BW-A5NP	TCGA-BW-A5NP-01A	iCluster:1
TCGA-LIHC	LIHC	TCGA-BW-A5NQ	TCGA-BW-A5NQ-01A	iCluster:3
TCGA-BLCA	BLCA	TCGA-C4-A0F0	TCGA-C4-A0F0-01A	3
TCGA-BLCA	BLCA	TCGA-C4-A0F1	TCGA-C4-A0F1-01A	3
TCGA-BLCA	BLCA	TCGA-C4-A0F6	TCGA-C4-A0F6-01A	2
TCGA-BLCA	BLCA	TCGA-C4-A0F7	TCGA-C4-A0F7-01A	3
TCGA-BRCA	BRCA	TCGA-C8-A12K	TCGA-C8-A12K-01A	Basal
TCGA-BRCA	BRCA	TCGA-C8-A12L	TCGA-C8-A12L-01A	Her2
TCGA-BRCA	BRCA	TCGA-C8-A12M	TCGA-C8-A12M-01A	LumB
TCGA-BRCA	BRCA	TCGA-C8-A12N	TCGA-C8-A12N-01A	LumA
TCGA-BRCA	BRCA	TCGA-C8-A12O	TCGA-C8-A12O-01A	LumA
TCGA-BRCA	BRCA	TCGA-C8-A12P	TCGA-C8-A12P-01A	Her2
TCGA-BRCA	BRCA	TCGA-C8-A12Q	TCGA-C8-A12Q-01A	Her2
TCGA-BRCA	BRCA	TCGA-C8-A12T	TCGA-C8-A12T-01A	Her2
TCGA-BRCA	BRCA	TCGA-C8-A12U	TCGA-C8-A12U-01A	LumB
TCGA-BRCA	BRCA	TCGA-C8-A12V	TCGA-C8-A12V-01A	Basal
TCGA-BRCA	BRCA	TCGA-C8-A12W	TCGA-C8-A12W-01A	LumB
TCGA-BRCA	BRCA	TCGA-C8-A12X	TCGA-C8-A12X-01A	LumA
TCGA-BRCA	BRCA	TCGA-C8-A12Y	TCGA-C8-A12Y-01A	LumA
TCGA-BRCA	BRCA	TCGA-C8-A12Z	TCGA-C8-A12Z-01A	Her2
TCGA-BRCA	BRCA	TCGA-C8-A130	TCGA-C8-A130-01A	LumB
TCGA-BRCA	BRCA	TCGA-C8-A131	TCGA-C8-A131-01A	Basal
TCGA-BRCA	BRCA	TCGA-C8-A132	TCGA-C8-A132-01A	LumA
TCGA-BRCA	BRCA	TCGA-C8-A133	TCGA-C8-A133-01A	LumA
TCGA-BRCA	BRCA	TCGA-C8-A134	TCGA-C8-A134-01A	Basal
TCGA-BRCA	BRCA	TCGA-C8-A135	TCGA-C8-A135-01A	Her2
TCGA-BRCA	BRCA	TCGA-C8-A137	TCGA-C8-A137-01A	Her2
TCGA-BRCA	BRCA	TCGA-C8-A138	TCGA-C8-A138-01A	Her2
TCGA-BRCA	BRCA	TCGA-C8-A1HE	TCGA-C8-A1HE-01A	LumA
TCGA-BRCA	BRCA	TCGA-C8-A1HF	TCGA-C8-A1HF-01A	Her2
TCGA-BRCA	BRCA	TCGA-C8-A1HG	TCGA-C8-A1HG-01A	LumB
TCGA-BRCA	BRCA	TCGA-C8-A1HI	TCGA-C8-A1HI-01A	LumA
TCGA-BRCA	BRCA	TCGA-C8-A1HJ	TCGA-C8-A1HJ-01A	Basal
TCGA-BRCA	BRCA	TCGA-C8-A1HK	TCGA-C8-A1HK-01A	Her2
TCGA-BRCA	BRCA	TCGA-C8-A1HL	TCGA-C8-A1HL-01A	LumB
TCGA-BRCA	BRCA	TCGA-C8-A1HM	TCGA-C8-A1HM-01A	LumB
TCGA-BRCA	BRCA	TCGA-C8-A1HN	TCGA-C8-A1HN-01A	LumB
TCGA-BRCA	BRCA	TCGA-C8-A1HO	TCGA-C8-A1HO-01A	LumA
TCGA-BRCA	BRCA	TCGA-C8-A26V	TCGA-C8-A26V-01A	LumB
TCGA-BRCA	BRCA	TCGA-C8-A26W	TCGA-C8-A26W-01A	LumB
TCGA-BRCA	BRCA	TCGA-C8-A26X	TCGA-C8-A26X-01A	Her2
TCGA-BRCA	BRCA	TCGA-C8-A26Y	TCGA-C8-A26Y-01A	Her2
TCGA-BRCA	BRCA	TCGA-C8-A26Z	TCGA-C8-A26Z-01A	LumA
TCGA-BRCA	BRCA	TCGA-C8-A273	TCGA-C8-A273-01A	LumA
TCGA-BRCA	BRCA	TCGA-C8-A274	TCGA-C8-A274-01A	LumB
TCGA-BRCA	BRCA	TCGA-C8-A275	TCGA-C8-A275-01A	Her2
TCGA-BRCA	BRCA	TCGA-C8-A278	TCGA-C8-A278-01A	Her2
TCGA-BRCA	BRCA	TCGA-C8-A27A	TCGA-C8-A27A-01A	LumB
TCGA-BRCA	BRCA	TCGA-C8-A27B	TCGA-C8-A27B-01A	Basal
TCGA-BRCA	BRCA	TCGA-C8-A3M7	TCGA-C8-A3M7-01A	LumA
TCGA-BRCA	BRCA	TCGA-C8-A3M8	TCGA-C8-A3M8-01A	LumB
TCGA-BRCA	BRCA	TCGA-C8-A8HP	TCGA-C8-A8HP-01A	Her2
TCGA-BRCA	BRCA	TCGA-C8-A8HQ	TCGA-C8-A8HQ-01A	LumB
TCGA-BRCA	BRCA	TCGA-C8-A8HR	TCGA-C8-A8HR-01A	Normal
TCGA-COAD	COAD	TCGA-CA-5254	TCGA-CA-5254-01A	GI.CIN
TCGA-COAD	COAD	TCGA-CA-5255	TCGA-CA-5255-01A	GI.CIN
TCGA-COAD	COAD	TCGA-CA-5256	TCGA-CA-5256-01A	GI.CIN
TCGA-COAD	COAD	TCGA-CA-5796	TCGA-CA-5796-01A	GI.GS
TCGA-COAD	COAD	TCGA-CA-5797	TCGA-CA-5797-01A	GI.CIN
TCGA-COAD	COAD	TCGA-CA-6715	TCGA-CA-6715-01A	GI.CIN
TCGA-COAD	COAD	TCGA-CA-6716	TCGA-CA-6716-01A	GI.CIN
TCGA-COAD	COAD	TCGA-CA-6717	TCGA-CA-6717-01A	GI.HM-SNV
TCGA-COAD	COAD	TCGA-CA-6718	TCGA-CA-6718-01A	GI.HM-SNV
TCGA-COAD	COAD	TCGA-CA-6719	TCGA-CA-6719-01A	GI.CIN
TCGA-LIHC	LIHC	TCGA-CC-5258	TCGA-CC-5258-01A	iCluster:1
TCGA-LIHC	LIHC	TCGA-CC-5260	TCGA-CC-5260-01A	iCluster:1
TCGA-LIHC	LIHC	TCGA-CC-5261	TCGA-CC-5261-01A	iCluster:1
TCGA-LIHC	LIHC	TCGA-CC-5262	TCGA-CC-5262-01A	iCluster:2
TCGA-LIHC	LIHC	TCGA-CC-5263	TCGA-CC-5263-01A	iCluster:3
TCGA-LIHC	LIHC	TCGA-CC-5264	TCGA-CC-5264-01A	iCluster:3
TCGA-LIHC	LIHC	TCGA-CC-A1HT	TCGA-CC-A1HT-01A	iCluster:1
TCGA-LIHC	LIHC	TCGA-CC-A3M9	TCGA-CC-A3M9-01A	iCluster:1
TCGA-LIHC	LIHC	TCGA-CC-A3MA	TCGA-CC-A3MA-01A	iCluster:1
TCGA-LIHC	LIHC	TCGA-CC-A3MB	TCGA-CC-A3MB-01A	iCluster:2
TCGA-LIHC	LIHC	TCGA-CC-A3MC	TCGA-CC-A3MC-01A	iCluster:1
TCGA-LIHC	LIHC	TCGA-CC-A5UC	TCGA-CC-A5UC-01A	iCluster:1
TCGA-LIHC	LIHC	TCGA-CC-A5UD	TCGA-CC-A5UD-01A	iCluster:2
TCGA-LIHC	LIHC	TCGA-CC-A5UE	TCGA-CC-A5UE-01A	iCluster:3
TCGA-LIHC	LIHC	TCGA-CC-A7IF	TCGA-CC-A7IF-01A	iCluster:1
TCGA-LIHC	LIHC	TCGA-CC-A7IG	TCGA-CC-A7IG-01A	iCluster:1
TCGA-LIHC	LIHC	TCGA-CC-A7IH	TCGA-CC-A7IH-01A	iCluster:3
TCGA-LIHC	LIHC	TCGA-CC-A7II	TCGA-CC-A7II-01A	iCluster:1
TCGA-LIHC	LIHC	TCGA-CC-A7IJ	TCGA-CC-A7IJ-01A	iCluster:1
TCGA-LIHC	LIHC	TCGA-CC-A7IK	TCGA-CC-A7IK-01A	iCluster:3
TCGA-LIHC	LIHC	TCGA-CC-A7IL	TCGA-CC-A7IL-01A	iCluster:3
TCGA-STAD	STAD	TCGA-CD-5798	TCGA-CD-5798-01A	GI.GS
TCGA-STAD	STAD	TCGA-CD-5799	TCGA-CD-5799-01A	GI.CIN
TCGA-STAD	STAD	TCGA-CD-5800	TCGA-CD-5800-01A	GI.CIN
TCGA-STAD	STAD	TCGA-CD-5801	TCGA-CD-5801-01A	GI.EBV
TCGA-STAD	STAD	TCGA-CD-5803	TCGA-CD-5803-01A	GI.CIN
TCGA-STAD	STAD	TCGA-CD-5804	TCGA-CD-5804-01A	GI.CIN
TCGA-STAD	STAD	TCGA-CD-8524	TCGA-CD-8524-01A	GI.CIN
TCGA-STAD	STAD	TCGA-CD-8526	TCGA-CD-8526-01A	GI.CIN
TCGA-STAD	STAD	TCGA-CD-8528	TCGA-CD-8528-01A	GI.CIN
TCGA-STAD	STAD	TCGA-CD-8529	TCGA-CD-8529-01A	GI.HM-SNV
TCGA-STAD	STAD	TCGA-CD-8530	TCGA-CD-8530-01A	GI.CIN
TCGA-STAD	STAD	TCGA-CD-8531	TCGA-CD-8531-01A	GI.GS
TCGA-STAD	STAD	TCGA-CD-8532	TCGA-CD-8532-01A	GI.CIN
TCGA-STAD	STAD	TCGA-CD-8534	TCGA-CD-8534-01A	GI.GS
TCGA-STAD	STAD	TCGA-CD-8535	TCGA-CD-8535-01A	GI.CIN
TCGA-STAD	STAD	TCGA-CD-8536	TCGA-CD-8536-01A	GI.MSI
TCGA-STAD	STAD	TCGA-CD-A486	TCGA-CD-A486-01A	GI.CIN
TCGA-STAD	STAD	TCGA-CD-A487	TCGA-CD-A487-01A	GI.CIN
TCGA-STAD	STAD	TCGA-CD-A489	TCGA-CD-A489-01A	GI.CIN
TCGA-STAD	STAD	TCGA-CD-A48A	TCGA-CD-A48A-01A	GI.CIN
TCGA-STAD	STAD	TCGA-CD-A48C	TCGA-CD-A48C-01A	GI.CIN
TCGA-STAD	STAD	TCGA-CD-A4MG	TCGA-CD-A4MG-01A	GI.MSI
TCGA-STAD	STAD	TCGA-CD-A4MH	TCGA-CD-A4MH-01A	GI.CIN
TCGA-STAD	STAD	TCGA-CD-A4MI	TCGA-CD-A4MI-01A	GI.MSI
TCGA-STAD	STAD	TCGA-CD-A4MJ	TCGA-CD-A4MJ-01A	GI.MSI
TCGA-THCA	THCA	TCGA-CE-A13K	TCGA-CE-A13K-01A	5
TCGA-THCA	THCA	TCGA-CE-A27D	TCGA-CE-A27D-01A	2
TCGA-THCA	THCA	TCGA-CE-A3MD	TCGA-CE-A3MD-01A	5
TCGA-THCA	THCA	TCGA-CE-A3ME	TCGA-CE-A3ME-01A	3
TCGA-THCA	THCA	TCGA-CE-A481	TCGA-CE-A481-01A	5
TCGA-THCA	THCA	TCGA-CE-A482	TCGA-CE-A482-01A	5
TCGA-THCA	THCA	TCGA-CE-A483	TCGA-CE-A483-01A	3
TCGA-THCA	THCA	TCGA-CE-A484	TCGA-CE-A484-01A	1
TCGA-THCA	THCA	TCGA-CE-A485	TCGA-CE-A485-01A	2
TCGA-BLCA	BLCA	TCGA-CF-A1HR	TCGA-CF-A1HR-01A	2
TCGA-BLCA	BLCA	TCGA-CF-A1HS	TCGA-CF-A1HS-01A	3
TCGA-BLCA	BLCA	TCGA-CF-A27C	TCGA-CF-A27C-01A	1
TCGA-BLCA	BLCA	TCGA-CF-A3MF	TCGA-CF-A3MF-01A	1
TCGA-BLCA	BLCA	TCGA-CF-A3MG	TCGA-CF-A3MG-01A	1
TCGA-BLCA	BLCA	TCGA-CF-A3MH	TCGA-CF-A3MH-01A	1
TCGA-BLCA	BLCA	TCGA-CF-A3MI	TCGA-CF-A3MI-01A	1
TCGA-STAD	STAD	TCGA-CG-4301	TCGA-CG-4301-01A	GI.CIN
TCGA-STAD	STAD	TCGA-CG-4304	TCGA-CG-4304-01A	GI.CIN
TCGA-STAD	STAD	TCGA-CG-4305	TCGA-CG-4305-01A	GI.MSI
TCGA-STAD	STAD	TCGA-CG-4306	TCGA-CG-4306-01A	GI.MSI
TCGA-STAD	STAD	TCGA-CG-4436	TCGA-CG-4436-01A	GI.CIN
TCGA-STAD	STAD	TCGA-CG-4437	TCGA-CG-4437-01A	GI.HM-SNV
TCGA-STAD	STAD	TCGA-CG-4438	TCGA-CG-4438-01A	GI.CIN
TCGA-STAD	STAD	TCGA-CG-4440	TCGA-CG-4440-01A	GI.CIN
TCGA-STAD	STAD	TCGA-CG-4441	TCGA-CG-4441-01A	GI.GS
TCGA-STAD	STAD	TCGA-CG-4442	TCGA-CG-4442-01A	GI.MSI
TCGA-STAD	STAD	TCGA-CG-4443	TCGA-CG-4443-01A	GI.CIN
TCGA-STAD	STAD	TCGA-CG-4444	TCGA-CG-4444-01A	GI.CIN
TCGA-STAD	STAD	TCGA-CG-4449	TCGA-CG-4449-01A	GI.CIN
TCGA-STAD	STAD	TCGA-CG-4462	TCGA-CG-4462-01A	GI.GS
TCGA-STAD	STAD	TCGA-CG-4465	TCGA-CG-4465-01A	GI.MSI
TCGA-STAD	STAD	TCGA-CG-4466	TCGA-CG-4466-01A	GI.CIN
TCGA-STAD	STAD	TCGA-CG-4469	TCGA-CG-4469-01A	GI.CIN
TCGA-STAD	STAD	TCGA-CG-4474	TCGA-CG-4474-01A	GI.GS
TCGA-STAD	STAD	TCGA-CG-4475	TCGA-CG-4475-01A	GI.CIN
TCGA-STAD	STAD	TCGA-CG-4476	TCGA-CG-4476-01A	GI.CIN
TCGA-STAD	STAD	TCGA-CG-4477	TCGA-CG-4477-01A	GI.CIN
TCGA-STAD	STAD	TCGA-CG-5717	TCGA-CG-5717-01A	GI.GS
TCGA-STAD	STAD	TCGA-CG-5718	TCGA-CG-5718-01A	GI.CIN
TCGA-STAD	STAD	TCGA-CG-5719	TCGA-CG-5719-01A	GI.CIN
TCGA-STAD	STAD	TCGA-CG-5720	TCGA-CG-5720-01A	GI.CIN
TCGA-STAD	STAD	TCGA-CG-5721	TCGA-CG-5721-01A	GI.MSI
TCGA-STAD	STAD	TCGA-CG-5722	TCGA-CG-5722-01A	GI.EBV
TCGA-STAD	STAD	TCGA-CG-5723	TCGA-CG-5723-01A	GI.MSI
TCGA-STAD	STAD	TCGA-CG-5724	TCGA-CG-5724-01A	GI.CIN
TCGA-STAD	STAD	TCGA-CG-5726	TCGA-CG-5726-01A	GI.MSI
TCGA-STAD	STAD	TCGA-CG-5732	TCGA-CG-5732-01A	GI.CIN
TCGA-STAD	STAD	TCGA-CG-5734	TCGA-CG-5734-01A	GI.CIN
TCGA-PRAD	PRAD	TCGA-CH-5737	TCGA-CH-5737-01A	6-FOXA1
TCGA-PRAD	PRAD	TCGA-CH-5738	TCGA-CH-5738-01A	4-FLI1
TCGA-PRAD	PRAD	TCGA-CH-5739	TCGA-CH-5739-01A	1-ERG
TCGA-PRAD	PRAD	TCGA-CH-5740	TCGA-CH-5740-01A	1-ERG
TCGA-PRAD	PRAD	TCGA-CH-5741	TCGA-CH-5741-01A	1-ERG
TCGA-PRAD	PRAD	TCGA-CH-5743	TCGA-CH-5743-01A	1-ERG
TCGA-PRAD	PRAD	TCGA-CH-5744	TCGA-CH-5744-01A	1-ERG
TCGA-PRAD	PRAD	TCGA-CH-5746	TCGA-CH-5746-01A	1-ERG
TCGA-PRAD	PRAD	TCGA-CH-5748	TCGA-CH-5748-01A	2-ETV1
TCGA-PRAD	PRAD	TCGA-CH-5750	TCGA-CH-5750-01A	2-ETV1
TCGA-PRAD	PRAD	TCGA-CH-5751	TCGA-CH-5751-01A	8-other
TCGA-PRAD	PRAD	TCGA-CH-5752	TCGA-CH-5752-01A	1-ERG
TCGA-PRAD	PRAD	TCGA-CH-5753	TCGA-CH-5753-01A	2-ETV1
TCGA-PRAD	PRAD	TCGA-CH-5754	TCGA-CH-5754-01A	1-ERG
TCGA-PRAD	PRAD	TCGA-CH-5761	TCGA-CH-5761-01A	8-other
TCGA-PRAD	PRAD	TCGA-CH-5762	TCGA-CH-5762-01A	3-ETV4
TCGA-PRAD	PRAD	TCGA-CH-5763	TCGA-CH-5763-01A	3-ETV4
TCGA-PRAD	PRAD	TCGA-CH-5764	TCGA-CH-5764-01A	1-ERG
TCGA-PRAD	PRAD	TCGA-CH-5765	TCGA-CH-5765-01A	1-ERG
TCGA-PRAD	PRAD	TCGA-CH-5766	TCGA-CH-5766-01A	1-ERG
TCGA-PRAD	PRAD	TCGA-CH-5767	TCGA-CH-5767-01A	8-other
TCGA-PRAD	PRAD	TCGA-CH-5768	TCGA-CH-5768-01A	1-ERG
TCGA-PRAD	PRAD	TCGA-CH-5769	TCGA-CH-5769-01A	1-ERG
TCGA-PRAD	PRAD	TCGA-CH-5771	TCGA-CH-5771-01A	3-ETV4
TCGA-PRAD	PRAD	TCGA-CH-5772	TCGA-CH-5772-01A	7-IDH1
TCGA-PRAD	PRAD	TCGA-CH-5788	TCGA-CH-5788-01A	5-SPOP
TCGA-PRAD	PRAD	TCGA-CH-5789	TCGA-CH-5789-01A	1-ERG
TCGA-PRAD	PRAD	TCGA-CH-5790	TCGA-CH-5790-01A	1-ERG
TCGA-PRAD	PRAD	TCGA-CH-5791	TCGA-CH-5791-01A	1-ERG
TCGA-PRAD	PRAD	TCGA-CH-5792	TCGA-CH-5792-01A	8-other
TCGA-PRAD	PRAD	TCGA-CH-5794	TCGA-CH-5794-01A	1-ERG
TCGA-READ	READ	TCGA-CI-6619	TCGA-CI-6619-01B	GI.CIN
TCGA-READ	READ	TCGA-CI-6620	TCGA-CI-6620-01A	GI.CIN
TCGA-READ	READ	TCGA-CI-6621	TCGA-CI-6621-01A	GI.CIN
TCGA-READ	READ	TCGA-CI-6622	TCGA-CI-6622-01A	GI.CIN
TCGA-READ	READ	TCGA-CI-6623	TCGA-CI-6623-01B	GI.CIN
TCGA-READ	READ	TCGA-CI-6624	TCGA-CI-6624-01C	GI.CIN
TCGA-KIRC	KIRC	TCGA-CJ-4634	TCGA-CJ-4634-01A	1
TCGA-KIRC	KIRC	TCGA-CJ-4635	TCGA-CJ-4635-01A	2
TCGA-KIRC	KIRC	TCGA-CJ-4636	TCGA-CJ-4636-01A	2
TCGA-KIRC	KIRC	TCGA-CJ-4637	TCGA-CJ-4637-01A	3
TCGA-KIRC	KIRC	TCGA-CJ-4638	TCGA-CJ-4638-01A	2
TCGA-KIRC	KIRC	TCGA-CJ-4639	TCGA-CJ-4639-01A	1
TCGA-KIRC	KIRC	TCGA-CJ-4640	TCGA-CJ-4640-01A	4
TCGA-KIRC	KIRC	TCGA-CJ-4641	TCGA-CJ-4641-01A	4
TCGA-KIRC	KIRC	TCGA-CJ-4643	TCGA-CJ-4643-01A	1
TCGA-KIRC	KIRC	TCGA-CJ-4644	TCGA-CJ-4644-01A	4
TCGA-KIRC	KIRC	TCGA-CJ-4868	TCGA-CJ-4868-01A	3
TCGA-KIRC	KIRC	TCGA-CJ-4871	TCGA-CJ-4871-01A	3
TCGA-KIRC	KIRC	TCGA-CJ-4872	TCGA-CJ-4872-01A	3
TCGA-KIRC	KIRC	TCGA-CJ-4873	TCGA-CJ-4873-01A	4
TCGA-KIRC	KIRC	TCGA-CJ-4874	TCGA-CJ-4874-01A	1
TCGA-KIRC	KIRC	TCGA-CJ-4875	TCGA-CJ-4875-01A	2
TCGA-KIRC	KIRC	TCGA-CJ-4876	TCGA-CJ-4876-01A	4
TCGA-KIRC	KIRC	TCGA-CJ-4878	TCGA-CJ-4878-01A	2
TCGA-KIRC	KIRC	TCGA-CJ-4881	TCGA-CJ-4881-01A	4
TCGA-KIRC	KIRC	TCGA-CJ-4882	TCGA-CJ-4882-01A	2
TCGA-KIRC	KIRC	TCGA-CJ-4884	TCGA-CJ-4884-01A	2
TCGA-KIRC	KIRC	TCGA-CJ-4885	TCGA-CJ-4885-01A	4
TCGA-KIRC	KIRC	TCGA-CJ-4886	TCGA-CJ-4886-01A	1
TCGA-KIRC	KIRC	TCGA-CJ-4887	TCGA-CJ-4887-01A	4
TCGA-KIRC	KIRC	TCGA-CJ-4888	TCGA-CJ-4888-01A	3
TCGA-KIRC	KIRC	TCGA-CJ-4889	TCGA-CJ-4889-01A	3
TCGA-KIRC	KIRC	TCGA-CJ-4890	TCGA-CJ-4890-01A	3
TCGA-KIRC	KIRC	TCGA-CJ-4891	TCGA-CJ-4891-01A	4
TCGA-KIRC	KIRC	TCGA-CJ-4892	TCGA-CJ-4892-01A	4
TCGA-KIRC	KIRC	TCGA-CJ-4893	TCGA-CJ-4893-01A	1
TCGA-KIRC	KIRC	TCGA-CJ-4894	TCGA-CJ-4894-01A	1
TCGA-KIRC	KIRC	TCGA-CJ-4895	TCGA-CJ-4895-01A	3
TCGA-KIRC	KIRC	TCGA-CJ-4897	TCGA-CJ-4897-01A	1
TCGA-KIRC	KIRC	TCGA-CJ-4899	TCGA-CJ-4899-01A	1
TCGA-KIRC	KIRC	TCGA-CJ-4901	TCGA-CJ-4901-01A	3
TCGA-KIRC	KIRC	TCGA-CJ-4902	TCGA-CJ-4902-01A	3
TCGA-KIRC	KIRC	TCGA-CJ-4903	TCGA-CJ-4903-01A	1
TCGA-KIRC	KIRC	TCGA-CJ-4904	TCGA-CJ-4904-01A	1
TCGA-KIRC	KIRC	TCGA-CJ-4905	TCGA-CJ-4905-01A	1
TCGA-KIRC	KIRC	TCGA-CJ-4907	TCGA-CJ-4907-01A	1
TCGA-KIRC	KIRC	TCGA-CJ-4908	TCGA-CJ-4908-01A	1
TCGA-KIRC	KIRC	TCGA-CJ-4912	TCGA-CJ-4912-01A	2
TCGA-KIRC	KIRC	TCGA-CJ-4916	TCGA-CJ-4916-01A	2
TCGA-KIRC	KIRC	TCGA-CJ-4918	TCGA-CJ-4918-01A	3
TCGA-KIRC	KIRC	TCGA-CJ-4920	TCGA-CJ-4920-01A	3
TCGA-KIRC	KIRC	TCGA-CJ-4923	TCGA-CJ-4923-01A	4
TCGA-KIRC	KIRC	TCGA-CJ-5671	TCGA-CJ-5671-01A	3
TCGA-KIRC	KIRC	TCGA-CJ-5672	TCGA-CJ-5672-01A	2
TCGA-KIRC	KIRC	TCGA-CJ-5675	TCGA-CJ-5675-01A	4
TCGA-KIRC	KIRC	TCGA-CJ-5676	TCGA-CJ-5676-01A	2
TCGA-KIRC	KIRC	TCGA-CJ-5677	TCGA-CJ-5677-01A	4
TCGA-KIRC	KIRC	TCGA-CJ-5678	TCGA-CJ-5678-01A	4
TCGA-KIRC	KIRC	TCGA-CJ-5679	TCGA-CJ-5679-01A	4
TCGA-KIRC	KIRC	TCGA-CJ-5680	TCGA-CJ-5680-01A	4
TCGA-KIRC	KIRC	TCGA-CJ-5681	TCGA-CJ-5681-01A	1
TCGA-KIRC	KIRC	TCGA-CJ-5682	TCGA-CJ-5682-01A	2
TCGA-KIRC	KIRC	TCGA-CJ-5683	TCGA-CJ-5683-01A	4
TCGA-KIRC	KIRC	TCGA-CJ-5684	TCGA-CJ-5684-01A	1
TCGA-KIRC	KIRC	TCGA-CJ-5686	TCGA-CJ-5686-01A	1
TCGA-KIRC	KIRC	TCGA-CJ-5689	TCGA-CJ-5689-01A	3
TCGA-KIRC	KIRC	TCGA-CJ-6027	TCGA-CJ-6027-01A	3
TCGA-KIRC	KIRC	TCGA-CJ-6028	TCGA-CJ-6028-01A	3
TCGA-KIRC	KIRC	TCGA-CJ-6030	TCGA-CJ-6030-01A	3
TCGA-KIRC	KIRC	TCGA-CJ-6031	TCGA-CJ-6031-01A	3
TCGA-KIRC	KIRC	TCGA-CJ-6032	TCGA-CJ-6032-01A	1
TCGA-KIRC	KIRC	TCGA-CJ-6033	TCGA-CJ-6033-01A	3
TCGA-COAD	COAD	TCGA-CK-4947	TCGA-CK-4947-01B	GI.GS
TCGA-COAD	COAD	TCGA-CK-4948	TCGA-CK-4948-01B	GI.CIN
TCGA-COAD	COAD	TCGA-CK-4950	TCGA-CK-4950-01A	GI.GS
TCGA-COAD	COAD	TCGA-CK-4951	TCGA-CK-4951-01A	GI.MSI
TCGA-COAD	COAD	TCGA-CK-4952	TCGA-CK-4952-01A	GI.CIN
TCGA-COAD	COAD	TCGA-CK-5912	TCGA-CK-5912-01A	GI.CIN
TCGA-COAD	COAD	TCGA-CK-5913	TCGA-CK-5913-01A	GI.MSI
TCGA-COAD	COAD	TCGA-CK-5914	TCGA-CK-5914-01A	GI.CIN
TCGA-COAD	COAD	TCGA-CK-5915	TCGA-CK-5915-01A	GI.CIN
TCGA-COAD	COAD	TCGA-CK-5916	TCGA-CK-5916-01A	GI.MSI
TCGA-COAD	COAD	TCGA-CK-6746	TCGA-CK-6746-01A	GI.MSI
TCGA-COAD	COAD	TCGA-CK-6747	TCGA-CK-6747-01A	GI.GS
TCGA-COAD	COAD	TCGA-CK-6748	TCGA-CK-6748-01A	GI.CIN
TCGA-COAD	COAD	TCGA-CK-6751	TCGA-CK-6751-01A	GI.GS
TCGA-READ	READ	TCGA-CL-4957	TCGA-CL-4957-01A	GI.CIN
TCGA-READ	READ	TCGA-CL-5917	TCGA-CL-5917-01A	GI.CIN
TCGA-READ	READ	TCGA-CL-5918	TCGA-CL-5918-01A	GI.CIN
TCGA-COAD	COAD	TCGA-CM-4743	TCGA-CM-4743-01A	GI.MSI
TCGA-COAD	COAD	TCGA-CM-4744	TCGA-CM-4744-01A	GI.CIN
TCGA-COAD	COAD	TCGA-CM-4746	TCGA-CM-4746-01A	GI.MSI
TCGA-COAD	COAD	TCGA-CM-4747	TCGA-CM-4747-01A	GI.CIN
TCGA-COAD	COAD	TCGA-CM-4750	TCGA-CM-4750-01A	GI.CIN
TCGA-COAD	COAD	TCGA-CM-4751	TCGA-CM-4751-01A	GI.CIN
TCGA-COAD	COAD	TCGA-CM-4752	TCGA-CM-4752-01A	GI.CIN
TCGA-COAD	COAD	TCGA-CM-5341	TCGA-CM-5341-01A	GI.CIN
TCGA-COAD	COAD	TCGA-CM-5344	TCGA-CM-5344-01A	GI.CIN
TCGA-COAD	COAD	TCGA-CM-5348	TCGA-CM-5348-01A	GI.CIN
TCGA-COAD	COAD	TCGA-CM-5349	TCGA-CM-5349-01A	GI.CIN
TCGA-COAD	COAD	TCGA-CM-5860	TCGA-CM-5860-01A	GI.CIN
TCGA-COAD	COAD	TCGA-CM-5861	TCGA-CM-5861-01A	GI.MSI
TCGA-COAD	COAD	TCGA-CM-5862	TCGA-CM-5862-01A	GI.CIN
TCGA-COAD	COAD	TCGA-CM-5863	TCGA-CM-5863-01A	GI.GS
TCGA-COAD	COAD	TCGA-CM-5864	TCGA-CM-5864-01A	GI.CIN
TCGA-COAD	COAD	TCGA-CM-5868	TCGA-CM-5868-01A	GI.CIN
TCGA-COAD	COAD	TCGA-CM-6161	TCGA-CM-6161-01A	GI.GS
TCGA-COAD	COAD	TCGA-CM-6162	TCGA-CM-6162-01A	GI.MSI
TCGA-COAD	COAD	TCGA-CM-6163	TCGA-CM-6163-01A	GI.CIN
TCGA-COAD	COAD	TCGA-CM-6164	TCGA-CM-6164-01A	GI.CIN
TCGA-COAD	COAD	TCGA-CM-6165	TCGA-CM-6165-01A	GI.CIN
TCGA-COAD	COAD	TCGA-CM-6166	TCGA-CM-6166-01A	GI.CIN
TCGA-COAD	COAD	TCGA-CM-6167	TCGA-CM-6167-01A	GI.CIN
TCGA-COAD	COAD	TCGA-CM-6168	TCGA-CM-6168-01A	GI.GS
TCGA-COAD	COAD	TCGA-CM-6169	TCGA-CM-6169-01A	GI.CIN
TCGA-COAD	COAD	TCGA-CM-6170	TCGA-CM-6170-01A	GI.CIN
TCGA-COAD	COAD	TCGA-CM-6171	TCGA-CM-6171-01A	GI.MSI
TCGA-COAD	COAD	TCGA-CM-6172	TCGA-CM-6172-01A	GI.CIN
TCGA-COAD	COAD	TCGA-CM-6674	TCGA-CM-6674-01A	GI.MSI
TCGA-COAD	COAD	TCGA-CM-6675	TCGA-CM-6675-01A	GI.CIN
TCGA-COAD	COAD	TCGA-CM-6676	TCGA-CM-6676-01A	GI.CIN
TCGA-COAD	COAD	TCGA-CM-6677	TCGA-CM-6677-01A	GI.CIN
TCGA-COAD	COAD	TCGA-CM-6678	TCGA-CM-6678-01A	GI.CIN
TCGA-COAD	COAD	TCGA-CM-6679	TCGA-CM-6679-01A	GI.CIN
TCGA-COAD	COAD	TCGA-CM-6680	TCGA-CM-6680-01A	GI.CIN
TCGA-HNSC	HNSC	TCGA-CN-4723	TCGA-CN-4723-01A	Classical
TCGA-HNSC	HNSC	TCGA-CN-4725	TCGA-CN-4725-01A	Basal
TCGA-HNSC	HNSC	TCGA-CN-4726	TCGA-CN-4726-01A	Basal
TCGA-HNSC	HNSC	TCGA-CN-4727	TCGA-CN-4727-01A	Classical
TCGA-HNSC	HNSC	TCGA-CN-4728	TCGA-CN-4728-01A	Mesenchymal
TCGA-HNSC	HNSC	TCGA-CN-4729	TCGA-CN-4729-01A	Basal
TCGA-HNSC	HNSC	TCGA-CN-4730	TCGA-CN-4730-01A	Basal
TCGA-HNSC	HNSC	TCGA-CN-4731	TCGA-CN-4731-01A	Classical
TCGA-HNSC	HNSC	TCGA-CN-4733	TCGA-CN-4733-01A	Mesenchymal
TCGA-HNSC	HNSC	TCGA-CN-4735	TCGA-CN-4735-01A	Mesenchymal
TCGA-HNSC	HNSC	TCGA-CN-4736	TCGA-CN-4736-01A	Mesenchymal
TCGA-HNSC	HNSC	TCGA-CN-4737	TCGA-CN-4737-01A	Mesenchymal
TCGA-HNSC	HNSC	TCGA-CN-4738	TCGA-CN-4738-01A	Atypical
TCGA-HNSC	HNSC	TCGA-CN-4739	TCGA-CN-4739-01A	Atypical
TCGA-HNSC	HNSC	TCGA-CN-4740	TCGA-CN-4740-01A	Mesenchymal
TCGA-HNSC	HNSC	TCGA-CN-4741	TCGA-CN-4741-01A	Atypical
TCGA-HNSC	HNSC	TCGA-CN-4742	TCGA-CN-4742-01A	Basal
TCGA-HNSC	HNSC	TCGA-CN-5355	TCGA-CN-5355-01A	Basal
TCGA-HNSC	HNSC	TCGA-CN-5356	TCGA-CN-5356-01A	Mesenchymal
TCGA-HNSC	HNSC	TCGA-CN-5358	TCGA-CN-5358-01A	Mesenchymal
TCGA-HNSC	HNSC	TCGA-CN-5359	TCGA-CN-5359-01A	Mesenchymal
TCGA-HNSC	HNSC	TCGA-CN-5360	TCGA-CN-5360-01A	Atypical
TCGA-HNSC	HNSC	TCGA-CN-5363	TCGA-CN-5363-01A	Mesenchymal
TCGA-HNSC	HNSC	TCGA-CN-5364	TCGA-CN-5364-01A	Atypical
TCGA-HNSC	HNSC	TCGA-CN-5365	TCGA-CN-5365-01A	Basal
TCGA-HNSC	HNSC	TCGA-CN-5366	TCGA-CN-5366-01A	Basal
TCGA-HNSC	HNSC	TCGA-CN-5367	TCGA-CN-5367-01A	Basal
TCGA-HNSC	HNSC	TCGA-CN-5369	TCGA-CN-5369-01A	Basal
TCGA-HNSC	HNSC	TCGA-CN-5370	TCGA-CN-5370-01A	Mesenchymal
TCGA-HNSC	HNSC	TCGA-CN-5373	TCGA-CN-5373-01A	Basal
TCGA-HNSC	HNSC	TCGA-CN-5374	TCGA-CN-5374-01A	Atypical
TCGA-HNSC	HNSC	TCGA-CN-6010	TCGA-CN-6010-01A	Classical
TCGA-HNSC	HNSC	TCGA-CN-6011	TCGA-CN-6011-01A	Basal
TCGA-HNSC	HNSC	TCGA-CN-6012	TCGA-CN-6012-01A	Atypical
TCGA-HNSC	HNSC	TCGA-CN-6013	TCGA-CN-6013-01A	Atypical
TCGA-HNSC	HNSC	TCGA-CN-6016	TCGA-CN-6016-01A	Mesenchymal
TCGA-HNSC	HNSC	TCGA-CN-6017	TCGA-CN-6017-01A	Mesenchymal
TCGA-HNSC	HNSC	TCGA-CN-6018	TCGA-CN-6018-01A	Mesenchymal
TCGA-HNSC	HNSC	TCGA-CN-6019	TCGA-CN-6019-01A	Mesenchymal
TCGA-HNSC	HNSC	TCGA-CN-6020	TCGA-CN-6020-01A	Basal
TCGA-HNSC	HNSC	TCGA-CN-6021	TCGA-CN-6021-01A	Atypical
TCGA-HNSC	HNSC	TCGA-CN-6022	TCGA-CN-6022-01A	Mesenchymal
TCGA-HNSC	HNSC	TCGA-CN-6023	TCGA-CN-6023-01A	Classical
TCGA-HNSC	HNSC	TCGA-CN-6024	TCGA-CN-6024-01A	Classical
TCGA-HNSC	HNSC	TCGA-CN-6988	TCGA-CN-6988-01A	Atypical
TCGA-HNSC	HNSC	TCGA-CN-6989	TCGA-CN-6989-01A	Mesenchymal
TCGA-HNSC	HNSC	TCGA-CN-6992	TCGA-CN-6992-01A	Classical
TCGA-HNSC	HNSC	TCGA-CN-6994	TCGA-CN-6994-01A	Classical
TCGA-HNSC	HNSC	TCGA-CN-6995	TCGA-CN-6995-01A	Basal
TCGA-HNSC	HNSC	TCGA-CN-6997	TCGA-CN-6997-01A	Classical
TCGA-HNSC	HNSC	TCGA-CN-6998	TCGA-CN-6998-01A	Basal
TCGA-HNSC	HNSC	TCGA-CQ-5323	TCGA-CQ-5323-01A	Atypical
TCGA-HNSC	HNSC	TCGA-CQ-5324	TCGA-CQ-5324-01A	Classical
TCGA-HNSC	HNSC	TCGA-CQ-5325	TCGA-CQ-5325-01A	Mesenchymal
TCGA-HNSC	HNSC	TCGA-CQ-5326	TCGA-CQ-5326-01A	Basal
TCGA-HNSC	HNSC	TCGA-CQ-5329	TCGA-CQ-5329-01A	Mesenchymal
TCGA-HNSC	HNSC	TCGA-CQ-5330	TCGA-CQ-5330-01A	Mesenchymal
TCGA-HNSC	HNSC	TCGA-CQ-5331	TCGA-CQ-5331-01A	Basal
TCGA-HNSC	HNSC	TCGA-CQ-5332	TCGA-CQ-5332-01A	Classical
TCGA-HNSC	HNSC	TCGA-CQ-5334	TCGA-CQ-5334-01A	Mesenchymal
TCGA-HNSC	HNSC	TCGA-CQ-6218	TCGA-CQ-6218-01A	Basal
TCGA-HNSC	HNSC	TCGA-CQ-6220	TCGA-CQ-6220-01A	Basal
TCGA-HNSC	HNSC	TCGA-CQ-6221	TCGA-CQ-6221-01A	Mesenchymal
TCGA-HNSC	HNSC	TCGA-CQ-6223	TCGA-CQ-6223-01A	Basal
TCGA-HNSC	HNSC	TCGA-CQ-6224	TCGA-CQ-6224-01A	Mesenchymal
TCGA-HNSC	HNSC	TCGA-CQ-6225	TCGA-CQ-6225-01A	Atypical
TCGA-HNSC	HNSC	TCGA-CQ-6227	TCGA-CQ-6227-01A	Mesenchymal
TCGA-HNSC	HNSC	TCGA-CQ-6228	TCGA-CQ-6228-01A	Classical
TCGA-HNSC	HNSC	TCGA-CQ-6229	TCGA-CQ-6229-01A	Basal
TCGA-HNSC	HNSC	TCGA-CQ-7065	TCGA-CQ-7065-01A	Basal
TCGA-HNSC	HNSC	TCGA-CQ-7068	TCGA-CQ-7068-01A	Basal
TCGA-HNSC	HNSC	TCGA-CR-5243	TCGA-CR-5243-01A	Atypical
TCGA-HNSC	HNSC	TCGA-CR-5247	TCGA-CR-5247-01A	Classical
TCGA-HNSC	HNSC	TCGA-CR-5248	TCGA-CR-5248-01A	Atypical
TCGA-HNSC	HNSC	TCGA-CR-5249	TCGA-CR-5249-01A	Atypical
TCGA-HNSC	HNSC	TCGA-CR-5250	TCGA-CR-5250-01A	Atypical
TCGA-HNSC	HNSC	TCGA-CR-6467	TCGA-CR-6467-01A	Atypical
TCGA-HNSC	HNSC	TCGA-CR-6470	TCGA-CR-6470-01A	Atypical
TCGA-HNSC	HNSC	TCGA-CR-6471	TCGA-CR-6471-01A	Basal
TCGA-HNSC	HNSC	TCGA-CR-6472	TCGA-CR-6472-01A	Atypical
TCGA-HNSC	HNSC	TCGA-CR-6473	TCGA-CR-6473-01A	Atypical
TCGA-HNSC	HNSC	TCGA-CR-6474	TCGA-CR-6474-01A	Mesenchymal
TCGA-HNSC	HNSC	TCGA-CR-6477	TCGA-CR-6477-01A	Mesenchymal
TCGA-HNSC	HNSC	TCGA-CR-6478	TCGA-CR-6478-01A	Mesenchymal
TCGA-HNSC	HNSC	TCGA-CR-6481	TCGA-CR-6481-01A	Atypical
TCGA-HNSC	HNSC	TCGA-CR-6482	TCGA-CR-6482-01A	Atypical
TCGA-HNSC	HNSC	TCGA-CR-6484	TCGA-CR-6484-01A	Mesenchymal
TCGA-HNSC	HNSC	TCGA-CR-6487	TCGA-CR-6487-01A	Atypical
TCGA-HNSC	HNSC	TCGA-CR-6488	TCGA-CR-6488-01A	Mesenchymal
TCGA-HNSC	HNSC	TCGA-CR-6491	TCGA-CR-6491-01A	Basal
TCGA-HNSC	HNSC	TCGA-CR-6492	TCGA-CR-6492-01A	Atypical
TCGA-HNSC	HNSC	TCGA-CR-6493	TCGA-CR-6493-01A	Basal
TCGA-HNSC	HNSC	TCGA-CR-7364	TCGA-CR-7364-01A	Atypical
TCGA-HNSC	HNSC	TCGA-CR-7365	TCGA-CR-7365-01A	Basal
TCGA-HNSC	HNSC	TCGA-CR-7367	TCGA-CR-7367-01A	Mesenchymal
TCGA-HNSC	HNSC	TCGA-CR-7368	TCGA-CR-7368-01A	Atypical
TCGA-HNSC	HNSC	TCGA-CR-7369	TCGA-CR-7369-01A	Atypical
TCGA-HNSC	HNSC	TCGA-CR-7370	TCGA-CR-7370-01A	Classical
TCGA-HNSC	HNSC	TCGA-CR-7371	TCGA-CR-7371-01A	Atypical
TCGA-HNSC	HNSC	TCGA-CR-7372	TCGA-CR-7372-01A	Basal
TCGA-HNSC	HNSC	TCGA-CR-7373	TCGA-CR-7373-01A	Basal
TCGA-HNSC	HNSC	TCGA-CR-7374	TCGA-CR-7374-01A	Atypical
TCGA-HNSC	HNSC	TCGA-CR-7376	TCGA-CR-7376-01A	Mesenchymal
TCGA-HNSC	HNSC	TCGA-CR-7377	TCGA-CR-7377-01A	Mesenchymal
TCGA-HNSC	HNSC	TCGA-CR-7379	TCGA-CR-7379-01A	Basal
TCGA-HNSC	HNSC	TCGA-CR-7380	TCGA-CR-7380-01A	Basal
TCGA-HNSC	HNSC	TCGA-CR-7382	TCGA-CR-7382-01A	Mesenchymal
TCGA-HNSC	HNSC	TCGA-CR-7383	TCGA-CR-7383-01A	Mesenchymal
TCGA-HNSC	HNSC	TCGA-CR-7385	TCGA-CR-7385-01A	Atypical
TCGA-HNSC	HNSC	TCGA-CR-7386	TCGA-CR-7386-01A	Mesenchymal
TCGA-HNSC	HNSC	TCGA-CR-7388	TCGA-CR-7388-01A	Atypical
TCGA-HNSC	HNSC	TCGA-CR-7389	TCGA-CR-7389-01A	Atypical
TCGA-HNSC	HNSC	TCGA-CR-7390	TCGA-CR-7390-01A	Classical
TCGA-HNSC	HNSC	TCGA-CR-7391	TCGA-CR-7391-01A	Atypical
TCGA-HNSC	HNSC	TCGA-CR-7392	TCGA-CR-7392-01A	Mesenchymal
TCGA-HNSC	HNSC	TCGA-CR-7393	TCGA-CR-7393-01A	Atypical
TCGA-HNSC	HNSC	TCGA-CR-7394	TCGA-CR-7394-01A	Basal
TCGA-HNSC	HNSC	TCGA-CR-7395	TCGA-CR-7395-01A	Basal
TCGA-HNSC	HNSC	TCGA-CR-7397	TCGA-CR-7397-01A	Mesenchymal
TCGA-HNSC	HNSC	TCGA-CR-7398	TCGA-CR-7398-01A	Classical
TCGA-HNSC	HNSC	TCGA-CR-7399	TCGA-CR-7399-01A	Atypical
TCGA-HNSC	HNSC	TCGA-CR-7401	TCGA-CR-7401-01A	Basal
TCGA-HNSC	HNSC	TCGA-CR-7402	TCGA-CR-7402-01A	Atypical
TCGA-HNSC	HNSC	TCGA-CR-7404	TCGA-CR-7404-01A	Atypical
TCGA-LGG	LGG	TCGA-CS-4938	TCGA-CS-4938-01B	G-CIMP-high
TCGA-LGG	LGG	TCGA-CS-4941	TCGA-CS-4941-01A	Mesenchymal-like
TCGA-LGG	LGG	TCGA-CS-4942	TCGA-CS-4942-01A	G-CIMP-high
TCGA-LGG	LGG	TCGA-CS-4943	TCGA-CS-4943-01A	G-CIMP-high
TCGA-LGG	LGG	TCGA-CS-4944	TCGA-CS-4944-01A	G-CIMP-high
TCGA-LGG	LGG	TCGA-CS-5390	TCGA-CS-5390-01A	Codel
TCGA-LGG	LGG	TCGA-CS-5393	TCGA-CS-5393-01A	G-CIMP-high
TCGA-LGG	LGG	TCGA-CS-5394	TCGA-CS-5394-01A	Codel
TCGA-LGG	LGG	TCGA-CS-5395	TCGA-CS-5395-01A	Mesenchymal-like
TCGA-LGG	LGG	TCGA-CS-5396	TCGA-CS-5396-01A	Codel
TCGA-LGG	LGG	TCGA-CS-5397	TCGA-CS-5397-01A	Mesenchymal-like
TCGA-LGG	LGG	TCGA-CS-6186	TCGA-CS-6186-01A	Classic-like
TCGA-LGG	LGG	TCGA-CS-6188	TCGA-CS-6188-01A	Mesenchymal-like
TCGA-LGG	LGG	TCGA-CS-6290	TCGA-CS-6290-01A	G-CIMP-high
TCGA-LGG	LGG	TCGA-CS-6665	TCGA-CS-6665-01A	G-CIMP-low
TCGA-LGG	LGG	TCGA-CS-6666	TCGA-CS-6666-01A	G-CIMP-high
TCGA-LGG	LGG	TCGA-CS-6667	TCGA-CS-6667-01A	G-CIMP-high
TCGA-LGG	LGG	TCGA-CS-6668	TCGA-CS-6668-01A	Codel
TCGA-LGG	LGG	TCGA-CS-6669	TCGA-CS-6669-01A	PA-like
TCGA-LGG	LGG	TCGA-CS-6670	TCGA-CS-6670-01A	Codel
TCGA-BLCA	BLCA	TCGA-CU-A0YN	TCGA-CU-A0YN-01A	3
TCGA-BLCA	BLCA	TCGA-CU-A0YO	TCGA-CU-A0YO-01A	2
TCGA-BLCA	BLCA	TCGA-CU-A0YR	TCGA-CU-A0YR-01A	2
TCGA-BLCA	BLCA	TCGA-CU-A3KJ	TCGA-CU-A3KJ-01A	3
TCGA-BLCA	BLCA	TCGA-CU-A3QU	TCGA-CU-A3QU-01A	1
TCGA-BLCA	BLCA	TCGA-CU-A3YL	TCGA-CU-A3YL-01A	1
TCGA-HNSC	HNSC	TCGA-CV-5430	TCGA-CV-5430-01A	Atypical
TCGA-HNSC	HNSC	TCGA-CV-5431	TCGA-CV-5431-01A	Mesenchymal
TCGA-HNSC	HNSC	TCGA-CV-5432	TCGA-CV-5432-01A	Classical
TCGA-HNSC	HNSC	TCGA-CV-5434	TCGA-CV-5434-01A	Mesenchymal
TCGA-HNSC	HNSC	TCGA-CV-5435	TCGA-CV-5435-01A	Classical
TCGA-HNSC	HNSC	TCGA-CV-5436	TCGA-CV-5436-01A	Basal
TCGA-HNSC	HNSC	TCGA-CV-5439	TCGA-CV-5439-01A	Basal
TCGA-HNSC	HNSC	TCGA-CV-5440	TCGA-CV-5440-01A	Classical
TCGA-HNSC	HNSC	TCGA-CV-5441	TCGA-CV-5441-01A	Basal
TCGA-HNSC	HNSC	TCGA-CV-5442	TCGA-CV-5442-01A	Basal
TCGA-HNSC	HNSC	TCGA-CV-5443	TCGA-CV-5443-01A	Atypical
TCGA-HNSC	HNSC	TCGA-CV-5444	TCGA-CV-5444-01A	Mesenchymal
TCGA-HNSC	HNSC	TCGA-CV-5966	TCGA-CV-5966-01A	Mesenchymal
TCGA-HNSC	HNSC	TCGA-CV-5970	TCGA-CV-5970-01A	Basal
TCGA-HNSC	HNSC	TCGA-CV-5971	TCGA-CV-5971-01A	Mesenchymal
TCGA-HNSC	HNSC	TCGA-CV-5973	TCGA-CV-5973-01A	Basal
TCGA-HNSC	HNSC	TCGA-CV-5976	TCGA-CV-5976-01A	Basal
TCGA-HNSC	HNSC	TCGA-CV-5977	TCGA-CV-5977-01A	Basal
TCGA-HNSC	HNSC	TCGA-CV-5978	TCGA-CV-5978-01A	Classical
TCGA-HNSC	HNSC	TCGA-CV-5979	TCGA-CV-5979-01A	Basal
TCGA-HNSC	HNSC	TCGA-CV-6003	TCGA-CV-6003-01A	Basal
TCGA-HNSC	HNSC	TCGA-CV-6433	TCGA-CV-6433-01A	Atypical
TCGA-HNSC	HNSC	TCGA-CV-6436	TCGA-CV-6436-01A	Basal
TCGA-HNSC	HNSC	TCGA-CV-6441	TCGA-CV-6441-01A	Atypical
TCGA-HNSC	HNSC	TCGA-CV-6933	TCGA-CV-6933-01A	Classical
TCGA-HNSC	HNSC	TCGA-CV-6934	TCGA-CV-6934-01A	Mesenchymal
TCGA-HNSC	HNSC	TCGA-CV-6935	TCGA-CV-6935-01A	Classical
TCGA-HNSC	HNSC	TCGA-CV-6936	TCGA-CV-6936-01A	Classical
TCGA-HNSC	HNSC	TCGA-CV-6937	TCGA-CV-6937-01A	Classical
TCGA-HNSC	HNSC	TCGA-CV-6938	TCGA-CV-6938-01A	Basal
TCGA-HNSC	HNSC	TCGA-CV-6939	TCGA-CV-6939-01A	Atypical
TCGA-HNSC	HNSC	TCGA-CV-6940	TCGA-CV-6940-01A	Classical
TCGA-HNSC	HNSC	TCGA-CV-6941	TCGA-CV-6941-01A	Classical
TCGA-HNSC	HNSC	TCGA-CV-6942	TCGA-CV-6942-01A	Mesenchymal
TCGA-HNSC	HNSC	TCGA-CV-6943	TCGA-CV-6943-01A	Mesenchymal
TCGA-HNSC	HNSC	TCGA-CV-6945	TCGA-CV-6945-01A	Basal
TCGA-HNSC	HNSC	TCGA-CV-6948	TCGA-CV-6948-01A	Atypical
TCGA-HNSC	HNSC	TCGA-CV-6950	TCGA-CV-6950-01A	Mesenchymal
TCGA-HNSC	HNSC	TCGA-CV-6951	TCGA-CV-6951-01A	Classical
TCGA-HNSC	HNSC	TCGA-CV-6952	TCGA-CV-6952-01A	Basal
TCGA-HNSC	HNSC	TCGA-CV-6953	TCGA-CV-6953-01A	Basal
TCGA-HNSC	HNSC	TCGA-CV-6954	TCGA-CV-6954-01A	Basal
TCGA-HNSC	HNSC	TCGA-CV-6955	TCGA-CV-6955-01A	Atypical
TCGA-HNSC	HNSC	TCGA-CV-6956	TCGA-CV-6956-01A	Basal
TCGA-HNSC	HNSC	TCGA-CV-6959	TCGA-CV-6959-01A	Basal
TCGA-HNSC	HNSC	TCGA-CV-6960	TCGA-CV-6960-01A	Classical
TCGA-HNSC	HNSC	TCGA-CV-6961	TCGA-CV-6961-01A	Classical
TCGA-HNSC	HNSC	TCGA-CV-6962	TCGA-CV-6962-01A	Classical
TCGA-HNSC	HNSC	TCGA-CV-7089	TCGA-CV-7089-01A	Atypical
TCGA-HNSC	HNSC	TCGA-CV-7090	TCGA-CV-7090-01A	Mesenchymal
TCGA-HNSC	HNSC	TCGA-CV-7091	TCGA-CV-7091-01A	Basal
TCGA-HNSC	HNSC	TCGA-CV-7095	TCGA-CV-7095-01A	Basal
TCGA-HNSC	HNSC	TCGA-CV-7097	TCGA-CV-7097-01A	Mesenchymal
TCGA-HNSC	HNSC	TCGA-CV-7099	TCGA-CV-7099-01A	Basal
TCGA-HNSC	HNSC	TCGA-CV-7100	TCGA-CV-7100-01A	Mesenchymal
TCGA-HNSC	HNSC	TCGA-CV-7101	TCGA-CV-7101-01A	Atypical
TCGA-HNSC	HNSC	TCGA-CV-7102	TCGA-CV-7102-01A	Mesenchymal
TCGA-HNSC	HNSC	TCGA-CV-7103	TCGA-CV-7103-01A	Classical
TCGA-HNSC	HNSC	TCGA-CV-7104	TCGA-CV-7104-01A	Mesenchymal
TCGA-HNSC	HNSC	TCGA-CV-7177	TCGA-CV-7177-01A	Classical
TCGA-HNSC	HNSC	TCGA-CV-7178	TCGA-CV-7178-01A	Mesenchymal
TCGA-HNSC	HNSC	TCGA-CV-7180	TCGA-CV-7180-01A	Basal
TCGA-HNSC	HNSC	TCGA-CV-7183	TCGA-CV-7183-01A	Basal
TCGA-HNSC	HNSC	TCGA-CV-7235	TCGA-CV-7235-01A	Mesenchymal
TCGA-HNSC	HNSC	TCGA-CV-7236	TCGA-CV-7236-01A	Mesenchymal
TCGA-HNSC	HNSC	TCGA-CV-7238	TCGA-CV-7238-01A	Mesenchymal
TCGA-HNSC	HNSC	TCGA-CV-7242	TCGA-CV-7242-01A	Atypical
TCGA-HNSC	HNSC	TCGA-CV-7243	TCGA-CV-7243-01A	Basal
TCGA-HNSC	HNSC	TCGA-CV-7245	TCGA-CV-7245-01A	Classical
TCGA-HNSC	HNSC	TCGA-CV-7247	TCGA-CV-7247-01A	Classical
TCGA-HNSC	HNSC	TCGA-CV-7248	TCGA-CV-7248-01A	Atypical
TCGA-HNSC	HNSC	TCGA-CV-7250	TCGA-CV-7250-01A	Atypical
TCGA-HNSC	HNSC	TCGA-CV-7252	TCGA-CV-7252-01A	Basal
TCGA-HNSC	HNSC	TCGA-CV-7253	TCGA-CV-7253-01A	Classical
TCGA-HNSC	HNSC	TCGA-CV-7254	TCGA-CV-7254-01A	Mesenchymal
TCGA-HNSC	HNSC	TCGA-CV-7255	TCGA-CV-7255-01A	Basal
TCGA-HNSC	HNSC	TCGA-CV-7261	TCGA-CV-7261-01A	Classical
TCGA-HNSC	HNSC	TCGA-CV-7263	TCGA-CV-7263-01A	Mesenchymal
TCGA-HNSC	HNSC	TCGA-CV-7406	TCGA-CV-7406-01A	Atypical
TCGA-HNSC	HNSC	TCGA-CV-7407	TCGA-CV-7407-01A	Atypical
TCGA-HNSC	HNSC	TCGA-CV-7410	TCGA-CV-7410-01A	Mesenchymal
TCGA-HNSC	HNSC	TCGA-CV-7411	TCGA-CV-7411-01A	Basal
TCGA-HNSC	HNSC	TCGA-CV-7413	TCGA-CV-7413-01A	Mesenchymal
TCGA-HNSC	HNSC	TCGA-CV-7414	TCGA-CV-7414-01A	Atypical
TCGA-HNSC	HNSC	TCGA-CV-7415	TCGA-CV-7415-01A	Mesenchymal
TCGA-HNSC	HNSC	TCGA-CV-7416	TCGA-CV-7416-01A	Mesenchymal
TCGA-HNSC	HNSC	TCGA-CV-7418	TCGA-CV-7418-01A	Classical
TCGA-HNSC	HNSC	TCGA-CV-7421	TCGA-CV-7421-01A	Classical
TCGA-HNSC	HNSC	TCGA-CV-7422	TCGA-CV-7422-01A	Classical
TCGA-HNSC	HNSC	TCGA-CV-7423	TCGA-CV-7423-01A	Basal
TCGA-HNSC	HNSC	TCGA-CV-7424	TCGA-CV-7424-01A	Classical
TCGA-HNSC	HNSC	TCGA-CV-7427	TCGA-CV-7427-01A	Basal
TCGA-HNSC	HNSC	TCGA-CV-7429	TCGA-CV-7429-01A	Mesenchymal
TCGA-HNSC	HNSC	TCGA-CV-7430	TCGA-CV-7430-01A	Classical
TCGA-HNSC	HNSC	TCGA-CV-7432	TCGA-CV-7432-01A	Basal
TCGA-HNSC	HNSC	TCGA-CV-7433	TCGA-CV-7433-01A	Mesenchymal
TCGA-HNSC	HNSC	TCGA-CV-7434	TCGA-CV-7434-01A	Basal
TCGA-HNSC	HNSC	TCGA-CV-7435	TCGA-CV-7435-01A	Mesenchymal
TCGA-HNSC	HNSC	TCGA-CV-7437	TCGA-CV-7437-01A	Classical
TCGA-HNSC	HNSC	TCGA-CV-7438	TCGA-CV-7438-01A	Mesenchymal
TCGA-HNSC	HNSC	TCGA-CV-7440	TCGA-CV-7440-01A	Classical
TCGA-KIRC	KIRC	TCGA-CW-5580	TCGA-CW-5580-01A	1
TCGA-KIRC	KIRC	TCGA-CW-5581	TCGA-CW-5581-01A	1
TCGA-KIRC	KIRC	TCGA-CW-5583	TCGA-CW-5583-01A	1
TCGA-KIRC	KIRC	TCGA-CW-5584	TCGA-CW-5584-01A	1
TCGA-KIRC	KIRC	TCGA-CW-5585	TCGA-CW-5585-01A	1
TCGA-KIRC	KIRC	TCGA-CW-5587	TCGA-CW-5587-01A	1
TCGA-KIRC	KIRC	TCGA-CW-5589	TCGA-CW-5589-01A	1
TCGA-KIRC	KIRC	TCGA-CW-5590	TCGA-CW-5590-01A	1
TCGA-KIRC	KIRC	TCGA-CW-5591	TCGA-CW-5591-01A	1
TCGA-KIRC	KIRC	TCGA-CW-6087	TCGA-CW-6087-01A	3
TCGA-KIRC	KIRC	TCGA-CW-6088	TCGA-CW-6088-01A	1
TCGA-KIRC	KIRC	TCGA-CW-6090	TCGA-CW-6090-01A	3
TCGA-KIRC	KIRC	TCGA-CW-6093	TCGA-CW-6093-01A	1
TCGA-HNSC	HNSC	TCGA-CX-7082	TCGA-CX-7082-01A	Classical
TCGA-HNSC	HNSC	TCGA-CX-7085	TCGA-CX-7085-01A	Mesenchymal
TCGA-HNSC	HNSC	TCGA-CX-7086	TCGA-CX-7086-01A	Atypical
TCGA-HNSC	HNSC	TCGA-CX-7219	TCGA-CX-7219-01A	Mesenchymal
TCGA-KIRC	KIRC	TCGA-CZ-4853	TCGA-CZ-4853-01A	1
TCGA-KIRC	KIRC	TCGA-CZ-4854	TCGA-CZ-4854-01A	2
TCGA-KIRC	KIRC	TCGA-CZ-4856	TCGA-CZ-4856-01A	1
TCGA-KIRC	KIRC	TCGA-CZ-4857	TCGA-CZ-4857-01A	3
TCGA-KIRC	KIRC	TCGA-CZ-4858	TCGA-CZ-4858-01A	3
TCGA-KIRC	KIRC	TCGA-CZ-4859	TCGA-CZ-4859-01A	1
TCGA-KIRC	KIRC	TCGA-CZ-4861	TCGA-CZ-4861-01A	3
TCGA-KIRC	KIRC	TCGA-CZ-4862	TCGA-CZ-4862-01A	1
TCGA-KIRC	KIRC	TCGA-CZ-4863	TCGA-CZ-4863-01A	1
TCGA-KIRC	KIRC	TCGA-CZ-4865	TCGA-CZ-4865-01A	3
TCGA-KIRC	KIRC	TCGA-CZ-4866	TCGA-CZ-4866-01A	1
TCGA-KIRC	KIRC	TCGA-CZ-5452	TCGA-CZ-5452-01A	4
TCGA-KIRC	KIRC	TCGA-CZ-5453	TCGA-CZ-5453-01A	1
TCGA-KIRC	KIRC	TCGA-CZ-5454	TCGA-CZ-5454-01A	3
TCGA-KIRC	KIRC	TCGA-CZ-5455	TCGA-CZ-5455-01A	1
TCGA-KIRC	KIRC	TCGA-CZ-5457	TCGA-CZ-5457-01A	4
TCGA-KIRC	KIRC	TCGA-CZ-5458	TCGA-CZ-5458-01A	1
TCGA-KIRC	KIRC	TCGA-CZ-5460	TCGA-CZ-5460-01A	4
TCGA-KIRC	KIRC	TCGA-CZ-5461	TCGA-CZ-5461-01A	1
TCGA-KIRC	KIRC	TCGA-CZ-5462	TCGA-CZ-5462-01A	4
TCGA-KIRC	KIRC	TCGA-CZ-5463	TCGA-CZ-5463-01A	1
TCGA-KIRC	KIRC	TCGA-CZ-5464	TCGA-CZ-5464-01A	4
TCGA-KIRC	KIRC	TCGA-CZ-5465	TCGA-CZ-5465-01A	1
TCGA-KIRC	KIRC	TCGA-CZ-5467	TCGA-CZ-5467-01A	1
TCGA-KIRC	KIRC	TCGA-CZ-5468	TCGA-CZ-5468-01A	3
TCGA-KIRC	KIRC	TCGA-CZ-5469	TCGA-CZ-5469-01A	4
TCGA-KIRC	KIRC	TCGA-CZ-5470	TCGA-CZ-5470-01A	4
TCGA-KIRC	KIRC	TCGA-CZ-5982	TCGA-CZ-5982-01A	1
TCGA-KIRC	KIRC	TCGA-CZ-5984	TCGA-CZ-5984-01A	4
TCGA-KIRC	KIRC	TCGA-CZ-5985	TCGA-CZ-5985-01A	1
TCGA-KIRC	KIRC	TCGA-CZ-5986	TCGA-CZ-5986-01A	1
TCGA-KIRC	KIRC	TCGA-CZ-5987	TCGA-CZ-5987-01A	4
TCGA-KIRC	KIRC	TCGA-CZ-5988	TCGA-CZ-5988-01A	3
TCGA-KIRC	KIRC	TCGA-CZ-5989	TCGA-CZ-5989-01A	1
TCGA-UCEC	UCEC	TCGA-D1-A0ZN	TCGA-D1-A0ZN-01A	CN LOW
TCGA-UCEC	UCEC	TCGA-D1-A0ZO	TCGA-D1-A0ZO-01A	MSI
TCGA-UCEC	UCEC	TCGA-D1-A0ZP	TCGA-D1-A0ZP-01A	CN HIGH
TCGA-UCEC	UCEC	TCGA-D1-A0ZQ	TCGA-D1-A0ZQ-01A	CN LOW
TCGA-UCEC	UCEC	TCGA-D1-A0ZR	TCGA-D1-A0ZR-01A	CN LOW
TCGA-UCEC	UCEC	TCGA-D1-A0ZS	TCGA-D1-A0ZS-01A	MSI
TCGA-UCEC	UCEC	TCGA-D1-A0ZU	TCGA-D1-A0ZU-01A	CN LOW
TCGA-UCEC	UCEC	TCGA-D1-A0ZV	TCGA-D1-A0ZV-01A	CN LOW
TCGA-UCEC	UCEC	TCGA-D1-A0ZZ	TCGA-D1-A0ZZ-01A	CN HIGH
TCGA-UCEC	UCEC	TCGA-D1-A101	TCGA-D1-A101-01A	MSI
TCGA-UCEC	UCEC	TCGA-D1-A102	TCGA-D1-A102-01A	CN LOW
TCGA-UCEC	UCEC	TCGA-D1-A103	TCGA-D1-A103-01A	POLE
TCGA-UCEC	UCEC	TCGA-D1-A15V	TCGA-D1-A15V-01A	CN HIGH
TCGA-UCEC	UCEC	TCGA-D1-A15W	TCGA-D1-A15W-01A	CN LOW
TCGA-UCEC	UCEC	TCGA-D1-A15X	TCGA-D1-A15X-01A	CN LOW
TCGA-UCEC	UCEC	TCGA-D1-A15Z	TCGA-D1-A15Z-01A	CN LOW
TCGA-UCEC	UCEC	TCGA-D1-A160	TCGA-D1-A160-01A	MSI
TCGA-UCEC	UCEC	TCGA-D1-A161	TCGA-D1-A161-01A	CN LOW
TCGA-UCEC	UCEC	TCGA-D1-A163	TCGA-D1-A163-01A	MSI
TCGA-UCEC	UCEC	TCGA-D1-A165	TCGA-D1-A165-01A	CN LOW
TCGA-UCEC	UCEC	TCGA-D1-A167	TCGA-D1-A167-01A	MSI
TCGA-UCEC	UCEC	TCGA-D1-A168	TCGA-D1-A168-01A	CN LOW
TCGA-UCEC	UCEC	TCGA-D1-A169	TCGA-D1-A169-01A	CN HIGH
TCGA-UCEC	UCEC	TCGA-D1-A16B	TCGA-D1-A16B-01A	CN LOW
TCGA-UCEC	UCEC	TCGA-D1-A16D	TCGA-D1-A16D-01A	CN LOW
TCGA-UCEC	UCEC	TCGA-D1-A16E	TCGA-D1-A16E-01A	CN LOW
TCGA-UCEC	UCEC	TCGA-D1-A16G	TCGA-D1-A16G-01A	CN HIGH
TCGA-UCEC	UCEC	TCGA-D1-A16I	TCGA-D1-A16I-01A	CN HIGH
TCGA-UCEC	UCEC	TCGA-D1-A16J	TCGA-D1-A16J-01A	CN LOW
TCGA-UCEC	UCEC	TCGA-D1-A16N	TCGA-D1-A16N-01A	MSI
TCGA-UCEC	UCEC	TCGA-D1-A16O	TCGA-D1-A16O-01A	CN LOW
TCGA-UCEC	UCEC	TCGA-D1-A16Q	TCGA-D1-A16Q-01A	CN LOW
TCGA-UCEC	UCEC	TCGA-D1-A16R	TCGA-D1-A16R-01A	CN LOW
TCGA-UCEC	UCEC	TCGA-D1-A16S	TCGA-D1-A16S-01A	CN HIGH
TCGA-UCEC	UCEC	TCGA-D1-A16V	TCGA-D1-A16V-01A	CN HIGH
TCGA-UCEC	UCEC	TCGA-D1-A16X	TCGA-D1-A16X-01A	POLE
TCGA-UCEC	UCEC	TCGA-D1-A16Y	TCGA-D1-A16Y-01A	POLE
TCGA-UCEC	UCEC	TCGA-D1-A174	TCGA-D1-A174-01A	MSI
TCGA-UCEC	UCEC	TCGA-D1-A176	TCGA-D1-A176-01A	MSI
TCGA-UCEC	UCEC	TCGA-D1-A177	TCGA-D1-A177-01A	MSI
TCGA-UCEC	UCEC	TCGA-D1-A17A	TCGA-D1-A17A-01A	MSI
TCGA-UCEC	UCEC	TCGA-D1-A17B	TCGA-D1-A17B-01A	MSI
TCGA-UCEC	UCEC	TCGA-D1-A17C	TCGA-D1-A17C-01A	CN LOW
TCGA-UCEC	UCEC	TCGA-D1-A17D	TCGA-D1-A17D-01A	MSI
TCGA-UCEC	UCEC	TCGA-D1-A17F	TCGA-D1-A17F-01A	MSI
TCGA-UCEC	UCEC	TCGA-D1-A17H	TCGA-D1-A17H-01A	MSI
TCGA-UCEC	UCEC	TCGA-D1-A17K	TCGA-D1-A17K-01A	CN HIGH
TCGA-UCEC	UCEC	TCGA-D1-A17L	TCGA-D1-A17L-01A	CN LOW
TCGA-UCEC	UCEC	TCGA-D1-A17M	TCGA-D1-A17M-01A	MSI
TCGA-UCEC	UCEC	TCGA-D1-A17N	TCGA-D1-A17N-01A	CN LOW
TCGA-UCEC	UCEC	TCGA-D1-A17Q	TCGA-D1-A17Q-01A	POLE
TCGA-UCEC	UCEC	TCGA-D1-A17R	TCGA-D1-A17R-01A	MSI
TCGA-UCEC	UCEC	TCGA-D1-A17S	TCGA-D1-A17S-01A	CN LOW
TCGA-UCEC	UCEC	TCGA-D1-A17T	TCGA-D1-A17T-01A	CN LOW
TCGA-UCEC	UCEC	TCGA-D1-A17U	TCGA-D1-A17U-01A	MSI
TCGA-UCEC	UCEC	TCGA-D1-A1NS	TCGA-D1-A1NS-01A	MSI
TCGA-UCEC	UCEC	TCGA-D1-A1NU	TCGA-D1-A1NU-01A	CN HIGH
TCGA-UCEC	UCEC	TCGA-D1-A1NW	TCGA-D1-A1NW-01A	CN HIGH
TCGA-UCEC	UCEC	TCGA-D1-A1NX	TCGA-D1-A1NX-01A	CN HIGH
TCGA-UCEC	UCEC	TCGA-D1-A1NY	TCGA-D1-A1NY-01A	MSI
TCGA-UCEC	UCEC	TCGA-D1-A1NZ	TCGA-D1-A1NZ-01A	MSI
TCGA-UCEC	UCEC	TCGA-D1-A1O0	TCGA-D1-A1O0-01A	CN HIGH
TCGA-UCEC	UCEC	TCGA-D1-A1O5	TCGA-D1-A1O5-01A	CN LOW
TCGA-UCEC	UCEC	TCGA-D1-A1O7	TCGA-D1-A1O7-01A	MSI
TCGA-UCEC	UCEC	TCGA-D1-A1O8	TCGA-D1-A1O8-01A	CN LOW
TCGA-UCEC	UCEC	TCGA-D1-A2G0	TCGA-D1-A2G0-01A	MSI
TCGA-UCEC	UCEC	TCGA-D1-A2G5	TCGA-D1-A2G5-01A	MSI
TCGA-UCEC	UCEC	TCGA-D1-A2G6	TCGA-D1-A2G6-01A	MSI
TCGA-UCEC	UCEC	TCGA-D1-A2G7	TCGA-D1-A2G7-01A	CN HIGH
TCGA-UCEC	UCEC	TCGA-D1-A3DA	TCGA-D1-A3DA-01A	CN LOW
TCGA-UCEC	UCEC	TCGA-D1-A3DG	TCGA-D1-A3DG-01A	CN HIGH
TCGA-UCEC	UCEC	TCGA-D1-A3DH	TCGA-D1-A3DH-01A	CN HIGH
TCGA-UCEC	UCEC	TCGA-D1-A3JQ	TCGA-D1-A3JQ-01A	CN HIGH
TCGA-SKCM	SKCM	TCGA-D3-A1Q1	TCGA-D3-A1Q1-06A	RAS Hotspot Mutants
TCGA-SKCM	SKCM	TCGA-D3-A1Q3	TCGA-D3-A1Q3-06A	Triple WT
TCGA-SKCM	SKCM	TCGA-D3-A1Q4	TCGA-D3-A1Q4-06A	BRAF Hotspot Mutants
TCGA-SKCM	SKCM	TCGA-D3-A1Q5	TCGA-D3-A1Q5-06A	BRAF Hotspot Mutants
TCGA-SKCM	SKCM	TCGA-D3-A1Q6	TCGA-D3-A1Q6-06A	BRAF Hotspot Mutants
TCGA-SKCM	SKCM	TCGA-D3-A1Q7	TCGA-D3-A1Q7-06A	BRAF Hotspot Mutants
TCGA-SKCM	SKCM	TCGA-D3-A1Q8	TCGA-D3-A1Q8-06A	RAS Hotspot Mutants
TCGA-SKCM	SKCM	TCGA-D3-A1Q9	TCGA-D3-A1Q9-06A	BRAF Hotspot Mutants
TCGA-SKCM	SKCM	TCGA-D3-A1QA	TCGA-D3-A1QA-06A	BRAF Hotspot Mutants
TCGA-SKCM	SKCM	TCGA-D3-A1QB	TCGA-D3-A1QB-06A	RAS Hotspot Mutants
TCGA-SKCM	SKCM	TCGA-D3-A2J6	TCGA-D3-A2J6-06A	Triple WT
TCGA-SKCM	SKCM	TCGA-D3-A2J7	TCGA-D3-A2J7-06A	BRAF Hotspot Mutants
TCGA-SKCM	SKCM	TCGA-D3-A2J8	TCGA-D3-A2J8-06A	RAS Hotspot Mutants
TCGA-SKCM	SKCM	TCGA-D3-A2J9	TCGA-D3-A2J9-06A	Triple WT
TCGA-SKCM	SKCM	TCGA-D3-A2JA	TCGA-D3-A2JA-06A	BRAF Hotspot Mutants
TCGA-SKCM	SKCM	TCGA-D3-A2JB	TCGA-D3-A2JB-06A	Triple WT
TCGA-SKCM	SKCM	TCGA-D3-A2JC	TCGA-D3-A2JC-06A	Triple WT
TCGA-SKCM	SKCM	TCGA-D3-A2JD	TCGA-D3-A2JD-06A	BRAF Hotspot Mutants
TCGA-SKCM	SKCM	TCGA-D3-A2JF	TCGA-D3-A2JF-06A	RAS Hotspot Mutants
TCGA-SKCM	SKCM	TCGA-D3-A2JG	TCGA-D3-A2JG-06A	BRAF Hotspot Mutants
TCGA-SKCM	SKCM	TCGA-D3-A2JH	TCGA-D3-A2JH-06A	BRAF Hotspot Mutants
TCGA-SKCM	SKCM	TCGA-D3-A2JK	TCGA-D3-A2JK-06A	BRAF Hotspot Mutants
TCGA-SKCM	SKCM	TCGA-D3-A2JL	TCGA-D3-A2JL-06A	RAS Hotspot Mutants
TCGA-SKCM	SKCM	TCGA-D3-A2JN	TCGA-D3-A2JN-06A	BRAF Hotspot Mutants
TCGA-SKCM	SKCM	TCGA-D3-A2JO	TCGA-D3-A2JO-06A	RAS Hotspot Mutants
TCGA-SKCM	SKCM	TCGA-D3-A2JP	TCGA-D3-A2JP-06A	BRAF Hotspot Mutants
TCGA-SKCM	SKCM	TCGA-D3-A3BZ	TCGA-D3-A3BZ-06A	Triple WT
TCGA-SKCM	SKCM	TCGA-D3-A3C1	TCGA-D3-A3C1-06A	BRAF Hotspot Mutants
TCGA-SKCM	SKCM	TCGA-D3-A3C3	TCGA-D3-A3C3-06A	BRAF Hotspot Mutants
TCGA-SKCM	SKCM	TCGA-D3-A3C6	TCGA-D3-A3C6-06A	BRAF Hotspot Mutants
TCGA-SKCM	SKCM	TCGA-D3-A3C7	TCGA-D3-A3C7-06A	BRAF Hotspot Mutants
TCGA-SKCM	SKCM	TCGA-D3-A3C8	TCGA-D3-A3C8-06A	Triple WT
TCGA-SKCM	SKCM	TCGA-D3-A3CB	TCGA-D3-A3CB-06A	BRAF Hotspot Mutants
TCGA-SKCM	SKCM	TCGA-D3-A3CC	TCGA-D3-A3CC-06A	Triple WT
TCGA-SKCM	SKCM	TCGA-D3-A3CE	TCGA-D3-A3CE-06A	BRAF Hotspot Mutants
TCGA-SKCM	SKCM	TCGA-D3-A3CF	TCGA-D3-A3CF-06A	Triple WT
TCGA-SKCM	SKCM	TCGA-D3-A3ML	TCGA-D3-A3ML-06A	RAS Hotspot Mutants
TCGA-SKCM	SKCM	TCGA-D3-A3MO	TCGA-D3-A3MO-06A	BRAF Hotspot Mutants
TCGA-SKCM	SKCM	TCGA-D3-A3MR	TCGA-D3-A3MR-06A	BRAF Hotspot Mutants
TCGA-SKCM	SKCM	TCGA-D3-A3MU	TCGA-D3-A3MU-06A	BRAF Hotspot Mutants
TCGA-SKCM	SKCM	TCGA-D3-A3MV	TCGA-D3-A3MV-06A	RAS Hotspot Mutants
TCGA-SKCM	SKCM	TCGA-D3-A51E	TCGA-D3-A51E-06A	RAS Hotspot Mutants
TCGA-SKCM	SKCM	TCGA-D3-A51F	TCGA-D3-A51F-06A	BRAF Hotspot Mutants
TCGA-SKCM	SKCM	TCGA-D3-A51G	TCGA-D3-A51G-06A	RAS Hotspot Mutants
TCGA-SKCM	SKCM	TCGA-D3-A51H	TCGA-D3-A51H-06A	Triple WT
TCGA-SKCM	SKCM	TCGA-D3-A51J	TCGA-D3-A51J-06A	BRAF Hotspot Mutants
TCGA-SKCM	SKCM	TCGA-D3-A51K	TCGA-D3-A51K-06A	Triple WT
TCGA-SKCM	SKCM	TCGA-D3-A51N	TCGA-D3-A51N-06A	BRAF Hotspot Mutants
TCGA-SKCM	SKCM	TCGA-D3-A51R	TCGA-D3-A51R-06A	RAS Hotspot Mutants
TCGA-SKCM	SKCM	TCGA-D3-A51T	TCGA-D3-A51T-06A	RAS Hotspot Mutants
TCGA-SKCM	SKCM	TCGA-D3-A5GL	TCGA-D3-A5GL-06A	-
TCGA-SKCM	SKCM	TCGA-D3-A5GN	TCGA-D3-A5GN-06A	BRAF Hotspot Mutants
TCGA-SKCM	SKCM	TCGA-D3-A5GO	TCGA-D3-A5GO-06A	RAS Hotspot Mutants
TCGA-SKCM	SKCM	TCGA-D3-A5GR	TCGA-D3-A5GR-06A	BRAF Hotspot Mutants
TCGA-SKCM	SKCM	TCGA-D3-A5GS	TCGA-D3-A5GS-06A	BRAF Hotspot Mutants
TCGA-SKCM	SKCM	TCGA-D3-A5GU	TCGA-D3-A5GU-06A	BRAF Hotspot Mutants
TCGA-COAD	COAD	TCGA-D5-5537	TCGA-D5-5537-01A	GI.CIN
TCGA-COAD	COAD	TCGA-D5-5538	TCGA-D5-5538-01A	GI.CIN
TCGA-COAD	COAD	TCGA-D5-5539	TCGA-D5-5539-01A	GI.CIN
TCGA-COAD	COAD	TCGA-D5-5540	TCGA-D5-5540-01A	GI.CIN
TCGA-COAD	COAD	TCGA-D5-5541	TCGA-D5-5541-01A	GI.CIN
TCGA-COAD	COAD	TCGA-D5-6529	TCGA-D5-6529-01A	GI.CIN
TCGA-COAD	COAD	TCGA-D5-6530	TCGA-D5-6530-01A	GI.MSI
TCGA-COAD	COAD	TCGA-D5-6531	TCGA-D5-6531-01A	GI.CIN
TCGA-COAD	COAD	TCGA-D5-6532	TCGA-D5-6532-01A	GI.GS
TCGA-COAD	COAD	TCGA-D5-6533	TCGA-D5-6533-01A	GI.CIN
TCGA-COAD	COAD	TCGA-D5-6534	TCGA-D5-6534-01A	GI.CIN
TCGA-COAD	COAD	TCGA-D5-6535	TCGA-D5-6535-01A	GI.CIN
TCGA-COAD	COAD	TCGA-D5-6536	TCGA-D5-6536-01A	GI.CIN
TCGA-COAD	COAD	TCGA-D5-6537	TCGA-D5-6537-01A	GI.GS
TCGA-COAD	COAD	TCGA-D5-6538	TCGA-D5-6538-01A	GI.CIN
TCGA-COAD	COAD	TCGA-D5-6539	TCGA-D5-6539-01A	GI.CIN
TCGA-COAD	COAD	TCGA-D5-6540	TCGA-D5-6540-01A	GI.MSI
TCGA-COAD	COAD	TCGA-D5-6541	TCGA-D5-6541-01A	GI.CIN
TCGA-COAD	COAD	TCGA-D5-6898	TCGA-D5-6898-01A	GI.CIN
TCGA-COAD	COAD	TCGA-D5-6920	TCGA-D5-6920-01A	GI.GS
TCGA-COAD	COAD	TCGA-D5-6922	TCGA-D5-6922-01A	GI.CIN
TCGA-COAD	COAD	TCGA-D5-6924	TCGA-D5-6924-01A	GI.CIN
TCGA-COAD	COAD	TCGA-D5-6926	TCGA-D5-6926-01A	GI.CIN
TCGA-COAD	COAD	TCGA-D5-6927	TCGA-D5-6927-01A	GI.MSI
TCGA-COAD	COAD	TCGA-D5-6928	TCGA-D5-6928-01A	GI.MSI
TCGA-COAD	COAD	TCGA-D5-6929	TCGA-D5-6929-01A	GI.CIN
TCGA-COAD	COAD	TCGA-D5-6930	TCGA-D5-6930-01A	GI.MSI
TCGA-COAD	COAD	TCGA-D5-6931	TCGA-D5-6931-01A	GI.CIN
TCGA-COAD	COAD	TCGA-D5-6932	TCGA-D5-6932-01A	GI.CIN
TCGA-COAD	COAD	TCGA-D5-7000	TCGA-D5-7000-01A	GI.CIN
TCGA-HNSC	HNSC	TCGA-D6-6515	TCGA-D6-6515-01A	Mesenchymal
TCGA-HNSC	HNSC	TCGA-D6-6516	TCGA-D6-6516-01A	Basal
TCGA-HNSC	HNSC	TCGA-D6-6517	TCGA-D6-6517-01A	Basal
TCGA-HNSC	HNSC	TCGA-D6-6823	TCGA-D6-6823-01A	Classical
TCGA-HNSC	HNSC	TCGA-D6-6824	TCGA-D6-6824-01A	Atypical
TCGA-HNSC	HNSC	TCGA-D6-6825	TCGA-D6-6825-01A	Basal
TCGA-HNSC	HNSC	TCGA-D6-6826	TCGA-D6-6826-01A	Mesenchymal
TCGA-STAD	STAD	TCGA-D7-5577	TCGA-D7-5577-01A	GI.EBV
TCGA-STAD	STAD	TCGA-D7-5578	TCGA-D7-5578-01A	GI.CIN
TCGA-STAD	STAD	TCGA-D7-6518	TCGA-D7-6518-01A	GI.CIN
TCGA-STAD	STAD	TCGA-D7-6519	TCGA-D7-6519-01A	GI.CIN
TCGA-STAD	STAD	TCGA-D7-6520	TCGA-D7-6520-01A	GI.CIN
TCGA-STAD	STAD	TCGA-D7-6521	TCGA-D7-6521-01A	GI.CIN
TCGA-STAD	STAD	TCGA-D7-6522	TCGA-D7-6522-01A	GI.GS
TCGA-STAD	STAD	TCGA-D7-6524	TCGA-D7-6524-01A	GI.GS
TCGA-STAD	STAD	TCGA-D7-6525	TCGA-D7-6525-01A	GI.CIN
TCGA-STAD	STAD	TCGA-D7-6526	TCGA-D7-6526-01A	GI.CIN
TCGA-STAD	STAD	TCGA-D7-6527	TCGA-D7-6527-01A	GI.CIN
TCGA-STAD	STAD	TCGA-D7-6528	TCGA-D7-6528-01A	GI.HM-SNV
TCGA-STAD	STAD	TCGA-D7-6815	TCGA-D7-6815-01A	GI.CIN
TCGA-STAD	STAD	TCGA-D7-6817	TCGA-D7-6817-01A	GI.CIN
TCGA-STAD	STAD	TCGA-D7-6818	TCGA-D7-6818-01A	GI.CIN
TCGA-STAD	STAD	TCGA-D7-6820	TCGA-D7-6820-01A	GI.CIN
TCGA-STAD	STAD	TCGA-D7-6822	TCGA-D7-6822-01A	GI.CIN
TCGA-STAD	STAD	TCGA-D7-8570	TCGA-D7-8570-01A	GI.EBV
TCGA-STAD	STAD	TCGA-D7-8572	TCGA-D7-8572-01A	GI.GS
TCGA-STAD	STAD	TCGA-D7-8573	TCGA-D7-8573-01A	GI.EBV
TCGA-STAD	STAD	TCGA-D7-8574	TCGA-D7-8574-01A	GI.GS
TCGA-STAD	STAD	TCGA-D7-8575	TCGA-D7-8575-01A	GI.CIN
TCGA-STAD	STAD	TCGA-D7-8576	TCGA-D7-8576-01A	GI.CIN
TCGA-STAD	STAD	TCGA-D7-8578	TCGA-D7-8578-01A	GI.CIN
TCGA-STAD	STAD	TCGA-D7-8579	TCGA-D7-8579-01A	GI.GS
TCGA-STAD	STAD	TCGA-D7-A4YT	TCGA-D7-A4YT-01A	GI.CIN
TCGA-STAD	STAD	TCGA-D7-A4YU	TCGA-D7-A4YU-01A	GI.CIN
TCGA-STAD	STAD	TCGA-D7-A4YV	TCGA-D7-A4YV-01A	GI.MSI
TCGA-STAD	STAD	TCGA-D7-A4YX	TCGA-D7-A4YX-01A	GI.EBV
TCGA-STAD	STAD	TCGA-D7-A4YY	TCGA-D7-A4YY-01A	GI.MSI
TCGA-STAD	STAD	TCGA-D7-A4Z0	TCGA-D7-A4Z0-01A	GI.GS
TCGA-STAD	STAD	TCGA-D7-A6EV	TCGA-D7-A6EV-01A	GI.CIN
TCGA-STAD	STAD	TCGA-D7-A6EX	TCGA-D7-A6EX-01A	GI.CIN
TCGA-STAD	STAD	TCGA-D7-A6EY	TCGA-D7-A6EY-01A	GI.MSI
TCGA-STAD	STAD	TCGA-D7-A6EZ	TCGA-D7-A6EZ-01A	GI.EBV
TCGA-STAD	STAD	TCGA-D7-A6F0	TCGA-D7-A6F0-01A	GI.CIN
TCGA-STAD	STAD	TCGA-D7-A6F2	TCGA-D7-A6F2-01A	GI.CIN
TCGA-STAD	STAD	TCGA-D7-A747	TCGA-D7-A747-01A	GI.CIN
TCGA-STAD	STAD	TCGA-D7-A748	TCGA-D7-A748-01A	GI.GS
TCGA-STAD	STAD	TCGA-D7-A74A	TCGA-D7-A74A-01A	GI.CIN
TCGA-BRCA	BRCA	TCGA-D8-A13Y	TCGA-D8-A13Y-01A	LumB
TCGA-BRCA	BRCA	TCGA-D8-A13Z	TCGA-D8-A13Z-01A	Her2
TCGA-BRCA	BRCA	TCGA-D8-A140	TCGA-D8-A140-01A	LumA
TCGA-BRCA	BRCA	TCGA-D8-A141	TCGA-D8-A141-01A	LumA
TCGA-BRCA	BRCA	TCGA-D8-A142	TCGA-D8-A142-01A	Basal
TCGA-BRCA	BRCA	TCGA-D8-A143	TCGA-D8-A143-01A	Basal
TCGA-BRCA	BRCA	TCGA-D8-A145	TCGA-D8-A145-01A	LumA
TCGA-BRCA	BRCA	TCGA-D8-A146	TCGA-D8-A146-01A	LumA
TCGA-BRCA	BRCA	TCGA-D8-A147	TCGA-D8-A147-01A	Basal
TCGA-BRCA	BRCA	TCGA-D8-A1J8	TCGA-D8-A1J8-01A	LumB
TCGA-BRCA	BRCA	TCGA-D8-A1J9	TCGA-D8-A1J9-01A	LumB
TCGA-BRCA	BRCA	TCGA-D8-A1JA	TCGA-D8-A1JA-01A	Her2
TCGA-BRCA	BRCA	TCGA-D8-A1JB	TCGA-D8-A1JB-01A	LumA
TCGA-BRCA	BRCA	TCGA-D8-A1JC	TCGA-D8-A1JC-01A	LumB
TCGA-BRCA	BRCA	TCGA-D8-A1JD	TCGA-D8-A1JD-01A	LumB
TCGA-BRCA	BRCA	TCGA-D8-A1JE	TCGA-D8-A1JE-01A	LumB
TCGA-BRCA	BRCA	TCGA-D8-A1JF	TCGA-D8-A1JF-01A	Her2
TCGA-BRCA	BRCA	TCGA-D8-A1JG	TCGA-D8-A1JG-01B	Her2
TCGA-BRCA	BRCA	TCGA-D8-A1JH	TCGA-D8-A1JH-01A	LumA
TCGA-BRCA	BRCA	TCGA-D8-A1JI	TCGA-D8-A1JI-01A	LumB
TCGA-BRCA	BRCA	TCGA-D8-A1JJ	TCGA-D8-A1JJ-01A	LumB
TCGA-BRCA	BRCA	TCGA-D8-A1JK	TCGA-D8-A1JK-01A	Basal
TCGA-BRCA	BRCA	TCGA-D8-A1JL	TCGA-D8-A1JL-01A	Basal
TCGA-BRCA	BRCA	TCGA-D8-A1JM	TCGA-D8-A1JM-01A	Basal
TCGA-BRCA	BRCA	TCGA-D8-A1JN	TCGA-D8-A1JN-01A	LumA
TCGA-BRCA	BRCA	TCGA-D8-A1JP	TCGA-D8-A1JP-01A	LumA
TCGA-BRCA	BRCA	TCGA-D8-A1JS	TCGA-D8-A1JS-01A	LumA
TCGA-BRCA	BRCA	TCGA-D8-A1JT	TCGA-D8-A1JT-01A	LumB
TCGA-BRCA	BRCA	TCGA-D8-A1JU	TCGA-D8-A1JU-01A	LumA
TCGA-BRCA	BRCA	TCGA-D8-A1X5	TCGA-D8-A1X5-01A	LumB
TCGA-BRCA	BRCA	TCGA-D8-A1X6	TCGA-D8-A1X6-01A	LumB
TCGA-BRCA	BRCA	TCGA-D8-A1X7	TCGA-D8-A1X7-01A	LumB
TCGA-BRCA	BRCA	TCGA-D8-A1X8	TCGA-D8-A1X8-01A	LumA
TCGA-BRCA	BRCA	TCGA-D8-A1X9	TCGA-D8-A1X9-01A	LumA
TCGA-BRCA	BRCA	TCGA-D8-A1XA	TCGA-D8-A1XA-01A	LumA
TCGA-BRCA	BRCA	TCGA-D8-A1XB	TCGA-D8-A1XB-01A	LumA
TCGA-BRCA	BRCA	TCGA-D8-A1XC	TCGA-D8-A1XC-01A	LumA
TCGA-BRCA	BRCA	TCGA-D8-A1XD	TCGA-D8-A1XD-01A	LumA
TCGA-BRCA	BRCA	TCGA-D8-A1XF	TCGA-D8-A1XF-01A	LumB
TCGA-BRCA	BRCA	TCGA-D8-A1XG	TCGA-D8-A1XG-01A	LumA
TCGA-BRCA	BRCA	TCGA-D8-A1XJ	TCGA-D8-A1XJ-01A	Her2
TCGA-BRCA	BRCA	TCGA-D8-A1XK	TCGA-D8-A1XK-01A	Basal
TCGA-BRCA	BRCA	TCGA-D8-A1XL	TCGA-D8-A1XL-01A	LumB
TCGA-BRCA	BRCA	TCGA-D8-A1XM	TCGA-D8-A1XM-01A	LumA
TCGA-BRCA	BRCA	TCGA-D8-A1XO	TCGA-D8-A1XO-01A	LumA
TCGA-BRCA	BRCA	TCGA-D8-A1XQ	TCGA-D8-A1XQ-01A	Basal
TCGA-BRCA	BRCA	TCGA-D8-A1XR	TCGA-D8-A1XR-01A	LumB
TCGA-BRCA	BRCA	TCGA-D8-A1XS	TCGA-D8-A1XS-01A	LumB
TCGA-BRCA	BRCA	TCGA-D8-A1XT	TCGA-D8-A1XT-01A	Her2
TCGA-BRCA	BRCA	TCGA-D8-A1XU	TCGA-D8-A1XU-01A	LumA
TCGA-BRCA	BRCA	TCGA-D8-A1XV	TCGA-D8-A1XV-01A	LumA
TCGA-BRCA	BRCA	TCGA-D8-A1XW	TCGA-D8-A1XW-01A	Normal
TCGA-BRCA	BRCA	TCGA-D8-A1XY	TCGA-D8-A1XY-01A	LumA
TCGA-BRCA	BRCA	TCGA-D8-A1XZ	TCGA-D8-A1XZ-01A	LumB
TCGA-BRCA	BRCA	TCGA-D8-A1Y0	TCGA-D8-A1Y0-01A	LumA
TCGA-BRCA	BRCA	TCGA-D8-A1Y1	TCGA-D8-A1Y1-01A	LumB
TCGA-BRCA	BRCA	TCGA-D8-A1Y2	TCGA-D8-A1Y2-01A	LumB
TCGA-BRCA	BRCA	TCGA-D8-A1Y3	TCGA-D8-A1Y3-01A	LumB
TCGA-BRCA	BRCA	TCGA-D8-A27E	TCGA-D8-A27E-01A	LumA
TCGA-BRCA	BRCA	TCGA-D8-A27F	TCGA-D8-A27F-01A	Basal
TCGA-BRCA	BRCA	TCGA-D8-A27G	TCGA-D8-A27G-01A	LumA
TCGA-BRCA	BRCA	TCGA-D8-A27H	TCGA-D8-A27H-01A	Basal
TCGA-BRCA	BRCA	TCGA-D8-A27I	TCGA-D8-A27I-01A	LumA
TCGA-BRCA	BRCA	TCGA-D8-A27K	TCGA-D8-A27K-01A	LumA
TCGA-BRCA	BRCA	TCGA-D8-A27L	TCGA-D8-A27L-01A	LumA
TCGA-BRCA	BRCA	TCGA-D8-A27M	TCGA-D8-A27M-01A	Basal
TCGA-BRCA	BRCA	TCGA-D8-A27N	TCGA-D8-A27N-01A	LumB
TCGA-BRCA	BRCA	TCGA-D8-A27P	TCGA-D8-A27P-01A	LumA
TCGA-BRCA	BRCA	TCGA-D8-A27R	TCGA-D8-A27R-01A	LumB
TCGA-BRCA	BRCA	TCGA-D8-A27T	TCGA-D8-A27T-01A	LumA
TCGA-BRCA	BRCA	TCGA-D8-A27V	TCGA-D8-A27V-01A	LumA
TCGA-BRCA	BRCA	TCGA-D8-A27W	TCGA-D8-A27W-01A	LumB
TCGA-BRCA	BRCA	TCGA-D8-A3Z5	TCGA-D8-A3Z5-01A	LumA
TCGA-BRCA	BRCA	TCGA-D8-A3Z6	TCGA-D8-A3Z6-01A	LumA
TCGA-BRCA	BRCA	TCGA-D8-A4Z1	TCGA-D8-A4Z1-01A	LumA
TCGA-BRCA	BRCA	TCGA-D8-A73U	TCGA-D8-A73U-01A	LumA
TCGA-BRCA	BRCA	TCGA-D8-A73W	TCGA-D8-A73W-01A	LumA
TCGA-BRCA	BRCA	TCGA-D8-A73X	TCGA-D8-A73X-01A	LumA
TCGA-SKCM	SKCM	TCGA-D9-A148	TCGA-D9-A148-06A	BRAF Hotspot Mutants
TCGA-SKCM	SKCM	TCGA-D9-A149	TCGA-D9-A149-06A	Triple WT
TCGA-SKCM	SKCM	TCGA-D9-A1JW	TCGA-D9-A1JW-06A	Triple WT
TCGA-SKCM	SKCM	TCGA-D9-A1JX	TCGA-D9-A1JX-06A	BRAF Hotspot Mutants
TCGA-SKCM	SKCM	TCGA-D9-A3Z1	TCGA-D9-A3Z1-06A	RAS Hotspot Mutants
TCGA-SKCM	SKCM	TCGA-D9-A3Z3	TCGA-D9-A3Z3-06A	BRAF Hotspot Mutants
TCGA-SKCM	SKCM	TCGA-D9-A3Z4	TCGA-D9-A3Z4-01A	RAS Hotspot Mutants
TCGA-SKCM	SKCM	TCGA-D9-A4Z2	TCGA-D9-A4Z2-01A	BRAF Hotspot Mutants
TCGA-SKCM	SKCM	TCGA-D9-A4Z3	TCGA-D9-A4Z3-01A	RAS Hotspot Mutants
TCGA-SKCM	SKCM	TCGA-D9-A4Z5	TCGA-D9-A4Z5-01A	Triple WT
TCGA-SKCM	SKCM	TCGA-DA-A1HV	TCGA-DA-A1HV-06A	RAS Hotspot Mutants
TCGA-SKCM	SKCM	TCGA-DA-A1HW	TCGA-DA-A1HW-06A	BRAF Hotspot Mutants
TCGA-SKCM	SKCM	TCGA-DA-A1HY	TCGA-DA-A1HY-06A	BRAF Hotspot Mutants
TCGA-SKCM	SKCM	TCGA-DA-A1I0	TCGA-DA-A1I0-06A	BRAF Hotspot Mutants
TCGA-SKCM	SKCM	TCGA-DA-A1I1	TCGA-DA-A1I1-06A	RAS Hotspot Mutants
TCGA-SKCM	SKCM	TCGA-DA-A1I2	TCGA-DA-A1I2-06A	BRAF Hotspot Mutants
TCGA-SKCM	SKCM	TCGA-DA-A1I4	TCGA-DA-A1I4-06A	BRAF Hotspot Mutants
TCGA-SKCM	SKCM	TCGA-DA-A1I5	TCGA-DA-A1I5-06A	BRAF Hotspot Mutants
TCGA-SKCM	SKCM	TCGA-DA-A1I7	TCGA-DA-A1I7-06A	BRAF Hotspot Mutants
TCGA-SKCM	SKCM	TCGA-DA-A1I8	TCGA-DA-A1I8-06A	BRAF Hotspot Mutants
TCGA-SKCM	SKCM	TCGA-DA-A1IA	TCGA-DA-A1IA-06A	Triple WT
TCGA-SKCM	SKCM	TCGA-DA-A1IB	TCGA-DA-A1IB-06A	Triple WT
TCGA-SKCM	SKCM	TCGA-DA-A1IC	TCGA-DA-A1IC-06A	NF1 Any Mutants
TCGA-SKCM	SKCM	TCGA-DA-A3F2	TCGA-DA-A3F2-06A	Triple WT
TCGA-SKCM	SKCM	TCGA-DA-A3F3	TCGA-DA-A3F3-06A	RAS Hotspot Mutants
TCGA-SKCM	SKCM	TCGA-DA-A3F5	TCGA-DA-A3F5-06A	BRAF Hotspot Mutants
TCGA-SKCM	SKCM	TCGA-DA-A3F8	TCGA-DA-A3F8-06A	BRAF Hotspot Mutants
TCGA-LGG	LGG	TCGA-DB-5270	TCGA-DB-5270-01A	G-CIMP-high
TCGA-LGG	LGG	TCGA-DB-5273	TCGA-DB-5273-01A	G-CIMP-high
TCGA-LGG	LGG	TCGA-DB-5274	TCGA-DB-5274-01A	Codel
TCGA-LGG	LGG	TCGA-DB-5275	TCGA-DB-5275-01A	G-CIMP-high
TCGA-LGG	LGG	TCGA-DB-5276	TCGA-DB-5276-01A	G-CIMP-high
TCGA-LGG	LGG	TCGA-DB-5277	TCGA-DB-5277-01A	G-CIMP-high
TCGA-LGG	LGG	TCGA-DB-5278	TCGA-DB-5278-01A	Codel
TCGA-LGG	LGG	TCGA-DB-5279	TCGA-DB-5279-01A	Codel
TCGA-LGG	LGG	TCGA-DB-5280	TCGA-DB-5280-01A	G-CIMP-high
TCGA-LGG	LGG	TCGA-DB-5281	TCGA-DB-5281-01A	G-CIMP-high
TCGA-LGG	LGG	TCGA-DB-A4X9	TCGA-DB-A4X9-01A	G-CIMP-high
TCGA-LGG	LGG	TCGA-DB-A4XA	TCGA-DB-A4XA-01A	Codel
TCGA-LGG	LGG	TCGA-DB-A4XB	TCGA-DB-A4XB-01A	G-CIMP-high
TCGA-LGG	LGG	TCGA-DB-A4XC	TCGA-DB-A4XC-01A	G-CIMP-high
TCGA-LGG	LGG	TCGA-DB-A4XD	TCGA-DB-A4XD-01A	G-CIMP-high
TCGA-LGG	LGG	TCGA-DB-A4XE	TCGA-DB-A4XE-01A	G-CIMP-high
TCGA-LGG	LGG	TCGA-DB-A4XF	TCGA-DB-A4XF-01A	G-CIMP-high
TCGA-LGG	LGG	TCGA-DB-A4XG	TCGA-DB-A4XG-01A	Codel
TCGA-LGG	LGG	TCGA-DB-A4XH	TCGA-DB-A4XH-01A	Codel
TCGA-LGG	LGG	TCGA-DB-A64L	TCGA-DB-A64L-01A	Codel
TCGA-LGG	LGG	TCGA-DB-A64O	TCGA-DB-A64O-01A	Mesenchymal-like
TCGA-LGG	LGG	TCGA-DB-A64P	TCGA-DB-A64P-01A	Codel
TCGA-LGG	LGG	TCGA-DB-A64Q	TCGA-DB-A64Q-01A	Codel
TCGA-LGG	LGG	TCGA-DB-A64R	TCGA-DB-A64R-01A	Codel
TCGA-LGG	LGG	TCGA-DB-A64S	TCGA-DB-A64S-01A	G-CIMP-high
TCGA-LGG	LGG	TCGA-DB-A64U	TCGA-DB-A64U-01A	Codel
TCGA-LGG	LGG	TCGA-DB-A64V	TCGA-DB-A64V-01A	Codel
TCGA-LGG	LGG	TCGA-DB-A64W	TCGA-DB-A64W-01A	Codel
TCGA-LGG	LGG	TCGA-DB-A64X	TCGA-DB-A64X-01A	G-CIMP-high
TCGA-LGG	LGG	TCGA-DB-A75K	TCGA-DB-A75K-01A	Codel
TCGA-LGG	LGG	TCGA-DB-A75L	TCGA-DB-A75L-01A	G-CIMP-high
TCGA-LGG	LGG	TCGA-DB-A75M	TCGA-DB-A75M-01A	G-CIMP-high
TCGA-LGG	LGG	TCGA-DB-A75O	TCGA-DB-A75O-01A	G-CIMP-high
TCGA-LGG	LGG	TCGA-DB-A75P	TCGA-DB-A75P-01A	PA-like
TCGA-READ	READ	TCGA-DC-4745	TCGA-DC-4745-01A	GI.CIN
TCGA-READ	READ	TCGA-DC-4749	TCGA-DC-4749-01A	GI.CIN
TCGA-READ	READ	TCGA-DC-5337	TCGA-DC-5337-01A	GI.GS
TCGA-READ	READ	TCGA-DC-5869	TCGA-DC-5869-01A	GI.CIN
TCGA-READ	READ	TCGA-DC-6154	TCGA-DC-6154-01A	GI.CIN
TCGA-READ	READ	TCGA-DC-6155	TCGA-DC-6155-01A	GI.CIN
TCGA-READ	READ	TCGA-DC-6157	TCGA-DC-6157-01A	GI.CIN
TCGA-READ	READ	TCGA-DC-6158	TCGA-DC-6158-01A	GI.CIN
TCGA-READ	READ	TCGA-DC-6160	TCGA-DC-6160-01A	GI.CIN
TCGA-READ	READ	TCGA-DC-6681	TCGA-DC-6681-01A	GI.CIN
TCGA-READ	READ	TCGA-DC-6682	TCGA-DC-6682-01A	GI.CIN
TCGA-READ	READ	TCGA-DC-6683	TCGA-DC-6683-01A	GI.CIN
TCGA-LIHC	LIHC	TCGA-DD-A113	TCGA-DD-A113-01A	iCluster:1
TCGA-LIHC	LIHC	TCGA-DD-A114	TCGA-DD-A114-01A	iCluster:1
TCGA-LIHC	LIHC	TCGA-DD-A115	TCGA-DD-A115-01A	iCluster:3
TCGA-LIHC	LIHC	TCGA-DD-A116	TCGA-DD-A116-01A	iCluster:1
TCGA-LIHC	LIHC	TCGA-DD-A118	TCGA-DD-A118-01A	iCluster:1
TCGA-LIHC	LIHC	TCGA-DD-A119	TCGA-DD-A119-01A	iCluster:1
TCGA-LIHC	LIHC	TCGA-DD-A11A	TCGA-DD-A11A-01A	iCluster:2
TCGA-LIHC	LIHC	TCGA-DD-A11B	TCGA-DD-A11B-01A	iCluster:2
TCGA-LIHC	LIHC	TCGA-DD-A11C	TCGA-DD-A11C-01A	iCluster:3
TCGA-LIHC	LIHC	TCGA-DD-A11D	TCGA-DD-A11D-01A	iCluster:3
TCGA-LIHC	LIHC	TCGA-DD-A1EA	TCGA-DD-A1EA-01A	iCluster:3
TCGA-LIHC	LIHC	TCGA-DD-A1EB	TCGA-DD-A1EB-01A	iCluster:2
TCGA-LIHC	LIHC	TCGA-DD-A1EC	TCGA-DD-A1EC-01A	iCluster:1
TCGA-LIHC	LIHC	TCGA-DD-A1ED	TCGA-DD-A1ED-01A	iCluster:1
TCGA-LIHC	LIHC	TCGA-DD-A1EE	TCGA-DD-A1EE-01A	iCluster:3
TCGA-LIHC	LIHC	TCGA-DD-A1EF	TCGA-DD-A1EF-01A	iCluster:1
TCGA-LIHC	LIHC	TCGA-DD-A1EG	TCGA-DD-A1EG-01A	iCluster:3
TCGA-LIHC	LIHC	TCGA-DD-A1EH	TCGA-DD-A1EH-01A	iCluster:1
TCGA-LIHC	LIHC	TCGA-DD-A1EI	TCGA-DD-A1EI-01A	iCluster:1
TCGA-LIHC	LIHC	TCGA-DD-A1EJ	TCGA-DD-A1EJ-01A	iCluster:3
TCGA-LIHC	LIHC	TCGA-DD-A1EK	TCGA-DD-A1EK-01A	iCluster:3
TCGA-LIHC	LIHC	TCGA-DD-A1EL	TCGA-DD-A1EL-01A	iCluster:3
TCGA-LIHC	LIHC	TCGA-DD-A39V	TCGA-DD-A39V-01A	iCluster:3
TCGA-LIHC	LIHC	TCGA-DD-A39W	TCGA-DD-A39W-01A	iCluster:2
TCGA-LIHC	LIHC	TCGA-DD-A39X	TCGA-DD-A39X-01A	iCluster:1
TCGA-LIHC	LIHC	TCGA-DD-A39Y	TCGA-DD-A39Y-01A	iCluster:3
TCGA-LIHC	LIHC	TCGA-DD-A39Z	TCGA-DD-A39Z-01A	iCluster:2
TCGA-LIHC	LIHC	TCGA-DD-A3A1	TCGA-DD-A3A1-01A	iCluster:3
TCGA-LIHC	LIHC	TCGA-DD-A3A2	TCGA-DD-A3A2-01A	iCluster:2
TCGA-LIHC	LIHC	TCGA-DD-A3A3	TCGA-DD-A3A3-01A	iCluster:1
TCGA-LIHC	LIHC	TCGA-DD-A3A4	TCGA-DD-A3A4-01A	iCluster:2
TCGA-LIHC	LIHC	TCGA-DD-A3A5	TCGA-DD-A3A5-01A	iCluster:3
TCGA-LIHC	LIHC	TCGA-DD-A3A7	TCGA-DD-A3A7-01A	iCluster:2
TCGA-LIHC	LIHC	TCGA-DD-A3A8	TCGA-DD-A3A8-01A	iCluster:2
TCGA-LIHC	LIHC	TCGA-DD-A3A9	TCGA-DD-A3A9-01A	iCluster:1
TCGA-LIHC	LIHC	TCGA-DD-A4NA	TCGA-DD-A4NA-01A	iCluster:1
TCGA-LIHC	LIHC	TCGA-DD-A4NB	TCGA-DD-A4NB-01A	iCluster:1
TCGA-LIHC	LIHC	TCGA-DD-A4ND	TCGA-DD-A4ND-01A	iCluster:2
TCGA-LIHC	LIHC	TCGA-DD-A4NF	TCGA-DD-A4NF-01A	iCluster:2
TCGA-LIHC	LIHC	TCGA-DD-A4NH	TCGA-DD-A4NH-01A	iCluster:1
TCGA-LIHC	LIHC	TCGA-DD-A4NI	TCGA-DD-A4NI-01A	iCluster:2
TCGA-LIHC	LIHC	TCGA-DD-A4NL	TCGA-DD-A4NL-01A	iCluster:1
TCGA-LIHC	LIHC	TCGA-DD-A4NN	TCGA-DD-A4NN-01A	iCluster:1
TCGA-LIHC	LIHC	TCGA-DD-A4NO	TCGA-DD-A4NO-01A	iCluster:2
TCGA-LIHC	LIHC	TCGA-DD-A4NP	TCGA-DD-A4NP-01A	iCluster:2
TCGA-LIHC	LIHC	TCGA-DD-A4NQ	TCGA-DD-A4NQ-01A	iCluster:3
TCGA-LIHC	LIHC	TCGA-DD-A4NR	TCGA-DD-A4NR-01A	iCluster:1
TCGA-LIHC	LIHC	TCGA-DD-A4NS	TCGA-DD-A4NS-01A	iCluster:1
TCGA-LIHC	LIHC	TCGA-DD-A4NV	TCGA-DD-A4NV-01A	iCluster:2
TCGA-LIHC	LIHC	TCGA-DD-A73A	TCGA-DD-A73A-01A	iCluster:3
TCGA-LIHC	LIHC	TCGA-DD-A73B	TCGA-DD-A73B-01A	iCluster:2
TCGA-LIHC	LIHC	TCGA-DD-A73C	TCGA-DD-A73C-01A	iCluster:2
TCGA-LIHC	LIHC	TCGA-DD-A73D	TCGA-DD-A73D-01A	iCluster:3
TCGA-LIHC	LIHC	TCGA-DD-A73E	TCGA-DD-A73E-01A	iCluster:3
TCGA-LIHC	LIHC	TCGA-DD-A73F	TCGA-DD-A73F-01A	iCluster:3
TCGA-LIHC	LIHC	TCGA-DD-A73G	TCGA-DD-A73G-01A	iCluster:1
TCGA-THCA	THCA	TCGA-DE-A0XZ	TCGA-DE-A0XZ-01A	2
TCGA-THCA	THCA	TCGA-DE-A0Y2	TCGA-DE-A0Y2-01A	3
TCGA-THCA	THCA	TCGA-DE-A0Y3	TCGA-DE-A0Y3-01B	3
TCGA-THCA	THCA	TCGA-DE-A2OL	TCGA-DE-A2OL-01A	1
TCGA-THCA	THCA	TCGA-DE-A3KN	TCGA-DE-A3KN-01A	5
TCGA-THCA	THCA	TCGA-DE-A4M9	TCGA-DE-A4M9-01A	1
TCGA-THCA	THCA	TCGA-DE-A4MC	TCGA-DE-A4MC-01A	4
TCGA-THCA	THCA	TCGA-DE-A4MD	TCGA-DE-A4MD-01A	3
TCGA-UCEC	UCEC	TCGA-DF-A2KN	TCGA-DF-A2KN-01A	POLE
TCGA-UCEC	UCEC	TCGA-DF-A2KR	TCGA-DF-A2KR-01A	CN HIGH
TCGA-UCEC	UCEC	TCGA-DF-A2KS	TCGA-DF-A2KS-01A	CN HIGH
TCGA-UCEC	UCEC	TCGA-DF-A2KU	TCGA-DF-A2KU-01A	POLE
TCGA-UCEC	UCEC	TCGA-DF-A2KV	TCGA-DF-A2KV-01A	POLE
TCGA-UCEC	UCEC	TCGA-DF-A2KZ	TCGA-DF-A2KZ-01A	MSI
TCGA-UCEC	UCEC	TCGA-DF-A2L0	TCGA-DF-A2L0-01A	CN HIGH
TCGA-LGG	LGG	TCGA-DH-5140	TCGA-DH-5140-01A	PA-like
TCGA-LGG	LGG	TCGA-DH-5141	TCGA-DH-5141-01A	Codel
TCGA-LGG	LGG	TCGA-DH-5142	TCGA-DH-5142-01A	G-CIMP-high
TCGA-LGG	LGG	TCGA-DH-5143	TCGA-DH-5143-01A	G-CIMP-high
TCGA-LGG	LGG	TCGA-DH-5144	TCGA-DH-5144-01A	Codel
TCGA-LGG	LGG	TCGA-DH-A669	TCGA-DH-A669-01A	Codel
TCGA-LGG	LGG	TCGA-DH-A669	TCGA-DH-A669-02A	Codel
TCGA-LGG	LGG	TCGA-DH-A66B	TCGA-DH-A66B-01A	G-CIMP-high
TCGA-LGG	LGG	TCGA-DH-A66D	TCGA-DH-A66D-01A	G-CIMP-high
TCGA-LGG	LGG	TCGA-DH-A66F	TCGA-DH-A66F-01A	Codel
TCGA-LGG	LGG	TCGA-DH-A66G	TCGA-DH-A66G-01A	G-CIMP-high
TCGA-LGG	LGG	TCGA-DH-A7UR	TCGA-DH-A7UR-01A	Codel
TCGA-LGG	LGG	TCGA-DH-A7US	TCGA-DH-A7US-01A	Codel
TCGA-LGG	LGG	TCGA-DH-A7UT	TCGA-DH-A7UT-01A	G-CIMP-high
TCGA-LGG	LGG	TCGA-DH-A7UU	TCGA-DH-A7UU-01A	G-CIMP-high
TCGA-LGG	LGG	TCGA-DH-A7UV	TCGA-DH-A7UV-01A	G-CIMP-high
TCGA-UCEC	UCEC	TCGA-DI-A0WH	TCGA-DI-A0WH-01A	MSI
TCGA-UCEC	UCEC	TCGA-DI-A1BU	TCGA-DI-A1BU-01A	POLE
TCGA-UCEC	UCEC	TCGA-DI-A1BY	TCGA-DI-A1BY-01A	CN LOW
TCGA-UCEC	UCEC	TCGA-DI-A1C3	TCGA-DI-A1C3-01A	CN LOW
TCGA-UCEC	UCEC	TCGA-DI-A1NN	TCGA-DI-A1NN-01A	CN HIGH
TCGA-UCEC	UCEC	TCGA-DI-A1NO	TCGA-DI-A1NO-01A	CN HIGH
TCGA-UCEC	UCEC	TCGA-DI-A2QT	TCGA-DI-A2QT-01A	CN HIGH
TCGA-UCEC	UCEC	TCGA-DI-A2QU	TCGA-DI-A2QU-01A	CN HIGH
TCGA-UCEC	UCEC	TCGA-DI-A2QY	TCGA-DI-A2QY-01A	CN HIGH
TCGA-THCA	THCA	TCGA-DJ-A13L	TCGA-DJ-A13L-01A	4
TCGA-THCA	THCA	TCGA-DJ-A13M	TCGA-DJ-A13M-01A	1
TCGA-THCA	THCA	TCGA-DJ-A13O	TCGA-DJ-A13O-01A	2
TCGA-THCA	THCA	TCGA-DJ-A13P	TCGA-DJ-A13P-01A	5
TCGA-THCA	THCA	TCGA-DJ-A13R	TCGA-DJ-A13R-01A	1
TCGA-THCA	THCA	TCGA-DJ-A13S	TCGA-DJ-A13S-01A	1
TCGA-THCA	THCA	TCGA-DJ-A13T	TCGA-DJ-A13T-01A	5
TCGA-THCA	THCA	TCGA-DJ-A13U	TCGA-DJ-A13U-01A	3
TCGA-THCA	THCA	TCGA-DJ-A13V	TCGA-DJ-A13V-01A	5
TCGA-THCA	THCA	TCGA-DJ-A13W	TCGA-DJ-A13W-01A	1
TCGA-THCA	THCA	TCGA-DJ-A13X	TCGA-DJ-A13X-01A	5
TCGA-THCA	THCA	TCGA-DJ-A1QD	TCGA-DJ-A1QD-01A	3
TCGA-THCA	THCA	TCGA-DJ-A1QE	TCGA-DJ-A1QE-01A	4
TCGA-THCA	THCA	TCGA-DJ-A1QF	TCGA-DJ-A1QF-01A	5
TCGA-THCA	THCA	TCGA-DJ-A1QG	TCGA-DJ-A1QG-01A	1
TCGA-THCA	THCA	TCGA-DJ-A1QH	TCGA-DJ-A1QH-01A	4
TCGA-THCA	THCA	TCGA-DJ-A1QI	TCGA-DJ-A1QI-01A	5
TCGA-THCA	THCA	TCGA-DJ-A1QL	TCGA-DJ-A1QL-01A	1
TCGA-THCA	THCA	TCGA-DJ-A1QM	TCGA-DJ-A1QM-01A	2
TCGA-THCA	THCA	TCGA-DJ-A1QN	TCGA-DJ-A1QN-01A	5
TCGA-THCA	THCA	TCGA-DJ-A1QO	TCGA-DJ-A1QO-01A	3
TCGA-THCA	THCA	TCGA-DJ-A1QQ	TCGA-DJ-A1QQ-01A	3
TCGA-THCA	THCA	TCGA-DJ-A2PN	TCGA-DJ-A2PN-01A	3
TCGA-THCA	THCA	TCGA-DJ-A2PO	TCGA-DJ-A2PO-01A	2
TCGA-THCA	THCA	TCGA-DJ-A2PP	TCGA-DJ-A2PP-01A	1
TCGA-THCA	THCA	TCGA-DJ-A2PQ	TCGA-DJ-A2PQ-01A	5
TCGA-THCA	THCA	TCGA-DJ-A2PR	TCGA-DJ-A2PR-01A	2
TCGA-THCA	THCA	TCGA-DJ-A2PS	TCGA-DJ-A2PS-01A	2
TCGA-THCA	THCA	TCGA-DJ-A2PT	TCGA-DJ-A2PT-01A	4
TCGA-THCA	THCA	TCGA-DJ-A2PU	TCGA-DJ-A2PU-01A	5
TCGA-THCA	THCA	TCGA-DJ-A2PV	TCGA-DJ-A2PV-01A	5
TCGA-THCA	THCA	TCGA-DJ-A2PW	TCGA-DJ-A2PW-01A	5
TCGA-THCA	THCA	TCGA-DJ-A2PX	TCGA-DJ-A2PX-01A	2
TCGA-THCA	THCA	TCGA-DJ-A2PY	TCGA-DJ-A2PY-01A	4
TCGA-THCA	THCA	TCGA-DJ-A2PZ	TCGA-DJ-A2PZ-01A	4
TCGA-THCA	THCA	TCGA-DJ-A2Q0	TCGA-DJ-A2Q0-01A	1
TCGA-THCA	THCA	TCGA-DJ-A2Q1	TCGA-DJ-A2Q1-01A	2
TCGA-THCA	THCA	TCGA-DJ-A2Q2	TCGA-DJ-A2Q2-01A	1
TCGA-THCA	THCA	TCGA-DJ-A2Q3	TCGA-DJ-A2Q3-01A	4
TCGA-THCA	THCA	TCGA-DJ-A2Q4	TCGA-DJ-A2Q4-01A	3
TCGA-THCA	THCA	TCGA-DJ-A2Q5	TCGA-DJ-A2Q5-01A	2
TCGA-THCA	THCA	TCGA-DJ-A2Q6	TCGA-DJ-A2Q6-01A	4
TCGA-THCA	THCA	TCGA-DJ-A2Q7	TCGA-DJ-A2Q7-01A	5
TCGA-THCA	THCA	TCGA-DJ-A2Q9	TCGA-DJ-A2Q9-01A	4
TCGA-THCA	THCA	TCGA-DJ-A2QA	TCGA-DJ-A2QA-01A	5
TCGA-THCA	THCA	TCGA-DJ-A2QB	TCGA-DJ-A2QB-01A	1
TCGA-THCA	THCA	TCGA-DJ-A2QC	TCGA-DJ-A2QC-01A	5
TCGA-THCA	THCA	TCGA-DJ-A3UK	TCGA-DJ-A3UK-01A	5
TCGA-THCA	THCA	TCGA-DJ-A3UM	TCGA-DJ-A3UM-01A	3
TCGA-THCA	THCA	TCGA-DJ-A3UN	TCGA-DJ-A3UN-01A	5
TCGA-THCA	THCA	TCGA-DJ-A3UO	TCGA-DJ-A3UO-01A	5
TCGA-THCA	THCA	TCGA-DJ-A3UP	TCGA-DJ-A3UP-01A	1
TCGA-THCA	THCA	TCGA-DJ-A3UQ	TCGA-DJ-A3UQ-01A	4
TCGA-THCA	THCA	TCGA-DJ-A3UR	TCGA-DJ-A3UR-01A	5
TCGA-THCA	THCA	TCGA-DJ-A3US	TCGA-DJ-A3US-01A	2
TCGA-THCA	THCA	TCGA-DJ-A3UT	TCGA-DJ-A3UT-01A	1
TCGA-THCA	THCA	TCGA-DJ-A3UU	TCGA-DJ-A3UU-01A	2
TCGA-THCA	THCA	TCGA-DJ-A3UW	TCGA-DJ-A3UW-01A	2
TCGA-THCA	THCA	TCGA-DJ-A3UX	TCGA-DJ-A3UX-01A	2
TCGA-THCA	THCA	TCGA-DJ-A3UY	TCGA-DJ-A3UY-01A	2
TCGA-THCA	THCA	TCGA-DJ-A3UZ	TCGA-DJ-A3UZ-01A	2
TCGA-THCA	THCA	TCGA-DJ-A3V0	TCGA-DJ-A3V0-01A	4
TCGA-THCA	THCA	TCGA-DJ-A3V2	TCGA-DJ-A3V2-01A	2
TCGA-THCA	THCA	TCGA-DJ-A3V3	TCGA-DJ-A3V3-01A	2
TCGA-THCA	THCA	TCGA-DJ-A3V4	TCGA-DJ-A3V4-01A	2
TCGA-THCA	THCA	TCGA-DJ-A3V5	TCGA-DJ-A3V5-01A	4
TCGA-THCA	THCA	TCGA-DJ-A3V7	TCGA-DJ-A3V7-01A	3
TCGA-THCA	THCA	TCGA-DJ-A3V8	TCGA-DJ-A3V8-01A	3
TCGA-THCA	THCA	TCGA-DJ-A3V9	TCGA-DJ-A3V9-01A	5
TCGA-THCA	THCA	TCGA-DJ-A3VA	TCGA-DJ-A3VA-01A	3
TCGA-THCA	THCA	TCGA-DJ-A3VB	TCGA-DJ-A3VB-01A	4
TCGA-THCA	THCA	TCGA-DJ-A3VD	TCGA-DJ-A3VD-01A	4
TCGA-THCA	THCA	TCGA-DJ-A3VE	TCGA-DJ-A3VE-01A	3
TCGA-THCA	THCA	TCGA-DJ-A3VF	TCGA-DJ-A3VF-01A	4
TCGA-THCA	THCA	TCGA-DJ-A3VG	TCGA-DJ-A3VG-01A	1
TCGA-THCA	THCA	TCGA-DJ-A3VI	TCGA-DJ-A3VI-01A	3
TCGA-THCA	THCA	TCGA-DJ-A3VJ	TCGA-DJ-A3VJ-01A	3
TCGA-THCA	THCA	TCGA-DJ-A3VK	TCGA-DJ-A3VK-01A	1
TCGA-THCA	THCA	TCGA-DJ-A3VL	TCGA-DJ-A3VL-01A	1
TCGA-THCA	THCA	TCGA-DJ-A3VM	TCGA-DJ-A3VM-01A	1
TCGA-THCA	THCA	TCGA-DJ-A4UL	TCGA-DJ-A4UL-01A	5
TCGA-THCA	THCA	TCGA-DJ-A4UP	TCGA-DJ-A4UP-01A	2
TCGA-THCA	THCA	TCGA-DJ-A4UQ	TCGA-DJ-A4UQ-01A	2
TCGA-THCA	THCA	TCGA-DJ-A4UR	TCGA-DJ-A4UR-01A	1
TCGA-THCA	THCA	TCGA-DJ-A4UT	TCGA-DJ-A4UT-01A	2
TCGA-THCA	THCA	TCGA-DJ-A4UW	TCGA-DJ-A4UW-01A	2
TCGA-THCA	THCA	TCGA-DJ-A4V0	TCGA-DJ-A4V0-01A	2
TCGA-THCA	THCA	TCGA-DJ-A4V2	TCGA-DJ-A4V2-01A	3
TCGA-THCA	THCA	TCGA-DJ-A4V4	TCGA-DJ-A4V4-01A	2
TCGA-THCA	THCA	TCGA-DJ-A4V5	TCGA-DJ-A4V5-01A	2
TCGA-BLCA	BLCA	TCGA-DK-A1A3	TCGA-DK-A1A3-01A	2
TCGA-BLCA	BLCA	TCGA-DK-A1A5	TCGA-DK-A1A5-01A	2
TCGA-BLCA	BLCA	TCGA-DK-A1A6	TCGA-DK-A1A6-01A	1
TCGA-BLCA	BLCA	TCGA-DK-A1A7	TCGA-DK-A1A7-01A	1
TCGA-BLCA	BLCA	TCGA-DK-A1AA	TCGA-DK-A1AA-01A	1
TCGA-BLCA	BLCA	TCGA-DK-A1AB	TCGA-DK-A1AB-01A	3
TCGA-BLCA	BLCA	TCGA-DK-A1AC	TCGA-DK-A1AC-01A	2
TCGA-BLCA	BLCA	TCGA-DK-A1AD	TCGA-DK-A1AD-01A	2
TCGA-BLCA	BLCA	TCGA-DK-A1AE	TCGA-DK-A1AE-01A	3
TCGA-BLCA	BLCA	TCGA-DK-A1AF	TCGA-DK-A1AF-01A	2
TCGA-BLCA	BLCA	TCGA-DK-A1AG	TCGA-DK-A1AG-01A	1
TCGA-BLCA	BLCA	TCGA-DK-A2HX	TCGA-DK-A2HX-01A	2
TCGA-BLCA	BLCA	TCGA-DK-A2I1	TCGA-DK-A2I1-01A	2
TCGA-BLCA	BLCA	TCGA-DK-A2I2	TCGA-DK-A2I2-01A	3
TCGA-BLCA	BLCA	TCGA-DK-A2I4	TCGA-DK-A2I4-01A	4
TCGA-BLCA	BLCA	TCGA-DK-A2I6	TCGA-DK-A2I6-01A	3
TCGA-BLCA	BLCA	TCGA-DK-A3IK	TCGA-DK-A3IK-01A	2
TCGA-BLCA	BLCA	TCGA-DK-A3IL	TCGA-DK-A3IL-01A	2
TCGA-BLCA	BLCA	TCGA-DK-A3IM	TCGA-DK-A3IM-01A	3
TCGA-BLCA	BLCA	TCGA-DK-A3IN	TCGA-DK-A3IN-01A	2
TCGA-BLCA	BLCA	TCGA-DK-A3IS	TCGA-DK-A3IS-01A	1
TCGA-BLCA	BLCA	TCGA-DK-A3IT	TCGA-DK-A3IT-01A	2
TCGA-BLCA	BLCA	TCGA-DK-A3IU	TCGA-DK-A3IU-01A	4
TCGA-BLCA	BLCA	TCGA-DK-A3IV	TCGA-DK-A3IV-01A	1
TCGA-BLCA	BLCA	TCGA-DK-A3WW	TCGA-DK-A3WW-01A	3
TCGA-BLCA	BLCA	TCGA-DK-A3WX	TCGA-DK-A3WX-01A	3
TCGA-BLCA	BLCA	TCGA-DK-A3WY	TCGA-DK-A3WY-01A	4
TCGA-BLCA	BLCA	TCGA-DK-A3X1	TCGA-DK-A3X1-01A	2
TCGA-BLCA	BLCA	TCGA-DK-A3X2	TCGA-DK-A3X2-01A	1
TCGA-COAD	COAD	TCGA-DM-A0X9	TCGA-DM-A0X9-01A	GI.GS
TCGA-COAD	COAD	TCGA-DM-A0XD	TCGA-DM-A0XD-01A	GI.CIN
TCGA-COAD	COAD	TCGA-DM-A0XF	TCGA-DM-A0XF-01A	GI.CIN
TCGA-COAD	COAD	TCGA-DM-A1D0	TCGA-DM-A1D0-01A	GI.CIN
TCGA-COAD	COAD	TCGA-DM-A1D4	TCGA-DM-A1D4-01A	GI.CIN
TCGA-COAD	COAD	TCGA-DM-A1D6	TCGA-DM-A1D6-01A	GI.CIN
TCGA-COAD	COAD	TCGA-DM-A1D7	TCGA-DM-A1D7-01A	GI.GS
TCGA-COAD	COAD	TCGA-DM-A1D8	TCGA-DM-A1D8-01A	GI.CIN
TCGA-COAD	COAD	TCGA-DM-A1D9	TCGA-DM-A1D9-01A	GI.CIN
TCGA-COAD	COAD	TCGA-DM-A1DA	TCGA-DM-A1DA-01A	GI.CIN
TCGA-COAD	COAD	TCGA-DM-A1DB	TCGA-DM-A1DB-01A	GI.CIN
TCGA-COAD	COAD	TCGA-DM-A1HA	TCGA-DM-A1HA-01A	GI.GS
TCGA-COAD	COAD	TCGA-DM-A1HB	TCGA-DM-A1HB-01A	GI.MSI
TCGA-COAD	COAD	TCGA-DM-A280	TCGA-DM-A280-01A	GI.GS
TCGA-COAD	COAD	TCGA-DM-A282	TCGA-DM-A282-01A	GI.CIN
TCGA-COAD	COAD	TCGA-DM-A285	TCGA-DM-A285-01A	GI.CIN
TCGA-COAD	COAD	TCGA-DM-A288	TCGA-DM-A288-01A	GI.CIN
TCGA-COAD	COAD	TCGA-DM-A28A	TCGA-DM-A28A-01A	GI.CIN
TCGA-COAD	COAD	TCGA-DM-A28C	TCGA-DM-A28C-01A	GI.GS
TCGA-COAD	COAD	TCGA-DM-A28E	TCGA-DM-A28E-01A	GI.CIN
TCGA-COAD	COAD	TCGA-DM-A28F	TCGA-DM-A28F-01A	GI.CIN
TCGA-COAD	COAD	TCGA-DM-A28G	TCGA-DM-A28G-01A	GI.GS
TCGA-COAD	COAD	TCGA-DM-A28H	TCGA-DM-A28H-01A	GI.CIN
TCGA-COAD	COAD	TCGA-DM-A28K	TCGA-DM-A28K-01A	GI.CIN
TCGA-COAD	COAD	TCGA-DM-A28M	TCGA-DM-A28M-01A	GI.CIN
TCGA-THCA	THCA	TCGA-DO-A1JZ	TCGA-DO-A1JZ-01A	5
TCGA-THCA	THCA	TCGA-DO-A1K0	TCGA-DO-A1K0-01A	3
TCGA-THCA	THCA	TCGA-DO-A2HM	TCGA-DO-A2HM-01B	4
TCGA-HNSC	HNSC	TCGA-DQ-5624	TCGA-DQ-5624-01A	Basal
TCGA-HNSC	HNSC	TCGA-DQ-5625	TCGA-DQ-5625-01A	Basal
TCGA-HNSC	HNSC	TCGA-DQ-5629	TCGA-DQ-5629-01A	Classical
TCGA-HNSC	HNSC	TCGA-DQ-5630	TCGA-DQ-5630-01A	Mesenchymal
TCGA-HNSC	HNSC	TCGA-DQ-5631	TCGA-DQ-5631-01A	Mesenchymal
TCGA-HNSC	HNSC	TCGA-DQ-7588	TCGA-DQ-7588-01A	Basal
TCGA-HNSC	HNSC	TCGA-DQ-7591	TCGA-DQ-7591-01A	Atypical
TCGA-HNSC	HNSC	TCGA-DQ-7592	TCGA-DQ-7592-01A	Basal
TCGA-READ	READ	TCGA-DT-5265	TCGA-DT-5265-01A	GI.CIN
TCGA-LGG	LGG	TCGA-DU-5847	TCGA-DU-5847-01A	Mesenchymal-like
TCGA-LGG	LGG	TCGA-DU-5849	TCGA-DU-5849-01A	Codel
TCGA-LGG	LGG	TCGA-DU-5851	TCGA-DU-5851-01A	G-CIMP-high
TCGA-LGG	LGG	TCGA-DU-5852	TCGA-DU-5852-01A	Mesenchymal-like
TCGA-LGG	LGG	TCGA-DU-5853	TCGA-DU-5853-01A	G-CIMP-high
TCGA-LGG	LGG	TCGA-DU-5854	TCGA-DU-5854-01A	Mesenchymal-like
TCGA-LGG	LGG	TCGA-DU-5855	TCGA-DU-5855-01A	G-CIMP-high
TCGA-LGG	LGG	TCGA-DU-5870	TCGA-DU-5870-01A	Codel
TCGA-LGG	LGG	TCGA-DU-5870	TCGA-DU-5870-02A	Codel
TCGA-LGG	LGG	TCGA-DU-5871	TCGA-DU-5871-01A	G-CIMP-high
TCGA-LGG	LGG	TCGA-DU-5872	TCGA-DU-5872-01A	G-CIMP-high
TCGA-LGG	LGG	TCGA-DU-5872	TCGA-DU-5872-02A	G-CIMP-high
TCGA-LGG	LGG	TCGA-DU-5874	TCGA-DU-5874-01A	Codel
TCGA-LGG	LGG	TCGA-DU-6392	TCGA-DU-6392-01A	PA-like
TCGA-LGG	LGG	TCGA-DU-6393	TCGA-DU-6393-01A	Codel
TCGA-LGG	LGG	TCGA-DU-6394	TCGA-DU-6394-01A	Codel
TCGA-LGG	LGG	TCGA-DU-6395	TCGA-DU-6395-01A	G-CIMP-high
TCGA-LGG	LGG	TCGA-DU-6395	TCGA-DU-6395-02A	G-CIMP-high
TCGA-LGG	LGG	TCGA-DU-6396	TCGA-DU-6396-01A	G-CIMP-high
TCGA-LGG	LGG	TCGA-DU-6397	TCGA-DU-6397-01A	Codel
TCGA-LGG	LGG	TCGA-DU-6397	TCGA-DU-6397-02A	Codel
TCGA-LGG	LGG	TCGA-DU-6399	TCGA-DU-6399-01A	G-CIMP-high
TCGA-LGG	LGG	TCGA-DU-6400	TCGA-DU-6400-01A	Codel
TCGA-LGG	LGG	TCGA-DU-6401	TCGA-DU-6401-01A	G-CIMP-high
TCGA-LGG	LGG	TCGA-DU-6401	TCGA-DU-6401-02A	G-CIMP-high
TCGA-LGG	LGG	TCGA-DU-6402	TCGA-DU-6402-01A	Classic-like
TCGA-LGG	LGG	TCGA-DU-6403	TCGA-DU-6403-01A	Classic-like
TCGA-LGG	LGG	TCGA-DU-6404	TCGA-DU-6404-01A	PA-like
TCGA-LGG	LGG	TCGA-DU-6404	TCGA-DU-6404-02A	PA-like
TCGA-LGG	LGG	TCGA-DU-6404	TCGA-DU-6404-02B	PA-like
TCGA-LGG	LGG	TCGA-DU-6405	TCGA-DU-6405-01A	Classic-like
TCGA-LGG	LGG	TCGA-DU-6406	TCGA-DU-6406-01A	Classic-like
TCGA-LGG	LGG	TCGA-DU-6407	TCGA-DU-6407-01A	G-CIMP-high
TCGA-LGG	LGG	TCGA-DU-6407	TCGA-DU-6407-02A	G-CIMP-high
TCGA-LGG	LGG	TCGA-DU-6407	TCGA-DU-6407-02B	G-CIMP-high
TCGA-LGG	LGG	TCGA-DU-6408	TCGA-DU-6408-01A	G-CIMP-high
TCGA-LGG	LGG	TCGA-DU-6410	TCGA-DU-6410-01A	Codel
TCGA-LGG	LGG	TCGA-DU-6542	TCGA-DU-6542-01A	G-CIMP-high
TCGA-LGG	LGG	TCGA-DU-7006	TCGA-DU-7006-01A	Mesenchymal-like
TCGA-LGG	LGG	TCGA-DU-7007	TCGA-DU-7007-01A	G-CIMP-high
TCGA-LGG	LGG	TCGA-DU-7008	TCGA-DU-7008-01A	G-CIMP-high
TCGA-LGG	LGG	TCGA-DU-7009	TCGA-DU-7009-01A	Codel
TCGA-LGG	LGG	TCGA-DU-7010	TCGA-DU-7010-01A	G-CIMP-low
TCGA-LGG	LGG	TCGA-DU-7011	TCGA-DU-7011-01A	G-CIMP-high
TCGA-LGG	LGG	TCGA-DU-7012	TCGA-DU-7012-01A	Mesenchymal-like
TCGA-LGG	LGG	TCGA-DU-7013	TCGA-DU-7013-01A	Classic-like
TCGA-LGG	LGG	TCGA-DU-7015	TCGA-DU-7015-01A	G-CIMP-high
TCGA-LGG	LGG	TCGA-DU-7018	TCGA-DU-7018-01A	Codel
TCGA-LGG	LGG	TCGA-DU-7019	TCGA-DU-7019-01A	G-CIMP-high
TCGA-LGG	LGG	TCGA-DU-7290	TCGA-DU-7290-01A	Mesenchymal-like
TCGA-LGG	LGG	TCGA-DU-7292	TCGA-DU-7292-01A	Classic-like
TCGA-LGG	LGG	TCGA-DU-7294	TCGA-DU-7294-01A	Codel
TCGA-LGG	LGG	TCGA-DU-7298	TCGA-DU-7298-01A	G-CIMP-high
TCGA-LGG	LGG	TCGA-DU-7299	TCGA-DU-7299-01A	G-CIMP-high
TCGA-LGG	LGG	TCGA-DU-7300	TCGA-DU-7300-01A	Codel
TCGA-LGG	LGG	TCGA-DU-7301	TCGA-DU-7301-01A	G-CIMP-high
TCGA-LGG	LGG	TCGA-DU-7302	TCGA-DU-7302-01A	Codel
TCGA-LGG	LGG	TCGA-DU-7304	TCGA-DU-7304-01A	G-CIMP-high
TCGA-LGG	LGG	TCGA-DU-7304	TCGA-DU-7304-02A	G-CIMP-high
TCGA-LGG	LGG	TCGA-DU-7306	TCGA-DU-7306-01A	G-CIMP-high
TCGA-LGG	LGG	TCGA-DU-7309	TCGA-DU-7309-01A	G-CIMP-high
TCGA-LGG	LGG	TCGA-DU-8158	TCGA-DU-8158-01A	Mesenchymal-like
TCGA-LGG	LGG	TCGA-DU-8161	TCGA-DU-8161-01A	Mesenchymal-like
TCGA-LGG	LGG	TCGA-DU-8162	TCGA-DU-8162-01A	Mesenchymal-like
TCGA-LGG	LGG	TCGA-DU-8163	TCGA-DU-8163-01A	G-CIMP-high
TCGA-LGG	LGG	TCGA-DU-8164	TCGA-DU-8164-01A	Codel
TCGA-LGG	LGG	TCGA-DU-8165	TCGA-DU-8165-01A	Mesenchymal-like
TCGA-LGG	LGG	TCGA-DU-8166	TCGA-DU-8166-01A	G-CIMP-high
TCGA-LGG	LGG	TCGA-DU-8167	TCGA-DU-8167-01A	G-CIMP-high
TCGA-LGG	LGG	TCGA-DU-8168	TCGA-DU-8168-01A	Codel
TCGA-LGG	LGG	TCGA-DU-A5TP	TCGA-DU-A5TP-01A	G-CIMP-high
TCGA-LGG	LGG	TCGA-DU-A5TR	TCGA-DU-A5TR-01A	G-CIMP-high
TCGA-LGG	LGG	TCGA-DU-A5TS	TCGA-DU-A5TS-01A	G-CIMP-high
TCGA-LGG	LGG	TCGA-DU-A5TT	TCGA-DU-A5TT-01A	Mesenchymal-like
TCGA-LGG	LGG	TCGA-DU-A5TU	TCGA-DU-A5TU-01A	G-CIMP-high
TCGA-LGG	LGG	TCGA-DU-A5TW	TCGA-DU-A5TW-01A	G-CIMP-high
TCGA-LGG	LGG	TCGA-DU-A5TY	TCGA-DU-A5TY-01A	Mesenchymal-like
TCGA-LGG	LGG	TCGA-DU-A6S2	TCGA-DU-A6S2-01A	Codel
TCGA-LGG	LGG	TCGA-DU-A6S3	TCGA-DU-A6S3-01A	Codel
TCGA-LGG	LGG	TCGA-DU-A6S6	TCGA-DU-A6S6-01A	Codel
TCGA-LGG	LGG	TCGA-DU-A6S7	TCGA-DU-A6S7-01A	G-CIMP-high
TCGA-LGG	LGG	TCGA-DU-A6S8	TCGA-DU-A6S8-01A	Codel
TCGA-LGG	LGG	TCGA-DU-A76K	TCGA-DU-A76K-01A	Classic-like
TCGA-LGG	LGG	TCGA-DU-A76L	TCGA-DU-A76L-01A	Mesenchymal-like
TCGA-LGG	LGG	TCGA-DU-A76O	TCGA-DU-A76O-01A	G-CIMP-high
TCGA-LGG	LGG	TCGA-DU-A76R	TCGA-DU-A76R-01A	Codel
TCGA-LGG	LGG	TCGA-DU-A7T6	TCGA-DU-A7T6-01A	Codel
TCGA-LGG	LGG	TCGA-DU-A7T8	TCGA-DU-A7T8-01A	G-CIMP-high
TCGA-LGG	LGG	TCGA-DU-A7TA	TCGA-DU-A7TA-01A	G-CIMP-high
TCGA-LGG	LGG	TCGA-DU-A7TB	TCGA-DU-A7TB-01A	PA-like
TCGA-LGG	LGG	TCGA-DU-A7TC	TCGA-DU-A7TC-01A	G-CIMP-high
TCGA-LGG	LGG	TCGA-DU-A7TD	TCGA-DU-A7TD-01A	Mesenchymal-like
TCGA-LGG	LGG	TCGA-DU-A7TG	TCGA-DU-A7TG-01A	G-CIMP-high
TCGA-LGG	LGG	TCGA-DU-A7TJ	TCGA-DU-A7TJ-01A	Mesenchymal-like
TCGA-KIRC	KIRC	TCGA-DV-5565	TCGA-DV-5565-01A	3
TCGA-KIRC	KIRC	TCGA-DV-5566	TCGA-DV-5566-01A	4
TCGA-KIRC	KIRC	TCGA-DV-5567	TCGA-DV-5567-01A	3
TCGA-KIRC	KIRC	TCGA-DV-5568	TCGA-DV-5568-01A	4
TCGA-KIRC	KIRC	TCGA-DV-5569	TCGA-DV-5569-01A	1
TCGA-KIRC	KIRC	TCGA-DV-5574	TCGA-DV-5574-01A	3
TCGA-KIRC	KIRC	TCGA-DV-5575	TCGA-DV-5575-01A	1
TCGA-KIRC	KIRC	TCGA-DV-5576	TCGA-DV-5576-01A	3
TCGA-KIRP	KIRP	TCGA-DW-5560	TCGA-DW-5560-01A	C1
TCGA-KIRP	KIRP	TCGA-DW-5561	TCGA-DW-5561-01A	C1
TCGA-KIRP	KIRP	TCGA-DW-7834	TCGA-DW-7834-01A	C1
TCGA-KIRP	KIRP	TCGA-DW-7836	TCGA-DW-7836-01A	C1
TCGA-KIRP	KIRP	TCGA-DW-7837	TCGA-DW-7837-01A	C1
TCGA-KIRP	KIRP	TCGA-DW-7838	TCGA-DW-7838-01A	C1
TCGA-KIRP	KIRP	TCGA-DW-7839	TCGA-DW-7839-01A	C1
TCGA-KIRP	KIRP	TCGA-DW-7840	TCGA-DW-7840-01A	C1
TCGA-KIRP	KIRP	TCGA-DW-7841	TCGA-DW-7841-01A	C1
TCGA-KIRP	KIRP	TCGA-DW-7842	TCGA-DW-7842-01A	C1
TCGA-KIRP	KIRP	TCGA-DW-7963	TCGA-DW-7963-01B	C1
TCGA-READ	READ	TCGA-DY-A0XA	TCGA-DY-A0XA-01A	GI.CIN
TCGA-READ	READ	TCGA-DY-A1DC	TCGA-DY-A1DC-01A	GI.CIN
TCGA-READ	READ	TCGA-DY-A1DD	TCGA-DY-A1DD-01A	GI.CIN
TCGA-READ	READ	TCGA-DY-A1DF	TCGA-DY-A1DF-01A	GI.CIN
TCGA-READ	READ	TCGA-DY-A1DG	TCGA-DY-A1DG-01A	GI.CIN
TCGA-READ	READ	TCGA-DY-A1H8	TCGA-DY-A1H8-01A	GI.CIN
TCGA-KIRP	KIRP	TCGA-DZ-6131	TCGA-DZ-6131-01A	C2b
TCGA-KIRP	KIRP	TCGA-DZ-6132	TCGA-DZ-6132-01A	C1
TCGA-KIRP	KIRP	TCGA-DZ-6133	TCGA-DZ-6133-01A	C1
TCGA-KIRP	KIRP	TCGA-DZ-6134	TCGA-DZ-6134-01A	C2a
TCGA-KIRP	KIRP	TCGA-DZ-6135	TCGA-DZ-6135-01A	C1
TCGA-LGG	LGG	TCGA-E1-5302	TCGA-E1-5302-01A	G-CIMP-high
TCGA-LGG	LGG	TCGA-E1-5303	TCGA-E1-5303-01A	G-CIMP-high
TCGA-LGG	LGG	TCGA-E1-5304	TCGA-E1-5304-01A	G-CIMP-low
TCGA-LGG	LGG	TCGA-E1-5305	TCGA-E1-5305-01A	G-CIMP-high
TCGA-LGG	LGG	TCGA-E1-5307	TCGA-E1-5307-01A	G-CIMP-high
TCGA-LGG	LGG	TCGA-E1-5311	TCGA-E1-5311-01A	Codel
TCGA-LGG	LGG	TCGA-E1-5318	TCGA-E1-5318-01A	Codel
TCGA-LGG	LGG	TCGA-E1-5319	TCGA-E1-5319-01A	Codel
TCGA-LGG	LGG	TCGA-E1-5322	TCGA-E1-5322-01A	G-CIMP-high
TCGA-LGG	LGG	TCGA-E1-A7YD	TCGA-E1-A7YD-01A	Mesenchymal-like
TCGA-LGG	LGG	TCGA-E1-A7YE	TCGA-E1-A7YE-01A	G-CIMP-low
TCGA-LGG	LGG	TCGA-E1-A7YH	TCGA-E1-A7YH-01A	G-CIMP-high
TCGA-LGG	LGG	TCGA-E1-A7YI	TCGA-E1-A7YI-01A	G-CIMP-low
TCGA-LGG	LGG	TCGA-E1-A7YJ	TCGA-E1-A7YJ-01A	Classic-like
TCGA-LGG	LGG	TCGA-E1-A7YK	TCGA-E1-A7YK-01A	G-CIMP-high
TCGA-LGG	LGG	TCGA-E1-A7YL	TCGA-E1-A7YL-01A	Mesenchymal-like
TCGA-LGG	LGG	TCGA-E1-A7YM	TCGA-E1-A7YM-01A	Mesenchymal-like
TCGA-LGG	LGG	TCGA-E1-A7YN	TCGA-E1-A7YN-01A	Mesenchymal-like
TCGA-LGG	LGG	TCGA-E1-A7YO	TCGA-E1-A7YO-01A	Codel
TCGA-LGG	LGG	TCGA-E1-A7YQ	TCGA-E1-A7YQ-01A	Classic-like
TCGA-LGG	LGG	TCGA-E1-A7YS	TCGA-E1-A7YS-01A	Codel
TCGA-LGG	LGG	TCGA-E1-A7YU	TCGA-E1-A7YU-01A	G-CIMP-high
TCGA-LGG	LGG	TCGA-E1-A7YV	TCGA-E1-A7YV-01A	G-CIMP-low
TCGA-LGG	LGG	TCGA-E1-A7YW	TCGA-E1-A7YW-01A	G-CIMP-high
TCGA-LGG	LGG	TCGA-E1-A7YY	TCGA-E1-A7YY-01A	G-CIMP-high
TCGA-LGG	LGG	TCGA-E1-A7Z2	TCGA-E1-A7Z2-01A	Mesenchymal-like
TCGA-LGG	LGG	TCGA-E1-A7Z3	TCGA-E1-A7Z3-01A	G-CIMP-high
TCGA-LGG	LGG	TCGA-E1-A7Z4	TCGA-E1-A7Z4-01A	G-CIMP-high
TCGA-LGG	LGG	TCGA-E1-A7Z6	TCGA-E1-A7Z6-01A	G-CIMP-high
TCGA-BRCA	BRCA	TCGA-E2-A105	TCGA-E2-A105-01A	LumA
TCGA-BRCA	BRCA	TCGA-E2-A106	TCGA-E2-A106-01A	LumA
TCGA-BRCA	BRCA	TCGA-E2-A107	TCGA-E2-A107-01A	LumA
TCGA-BRCA	BRCA	TCGA-E2-A108	TCGA-E2-A108-01A	Normal
TCGA-BRCA	BRCA	TCGA-E2-A109	TCGA-E2-A109-01A	LumB
TCGA-BRCA	BRCA	TCGA-E2-A10A	TCGA-E2-A10A-01A	LumA
TCGA-BRCA	BRCA	TCGA-E2-A10B	TCGA-E2-A10B-01A	LumA
TCGA-BRCA	BRCA	TCGA-E2-A10C	TCGA-E2-A10C-01A	LumB
TCGA-BRCA	BRCA	TCGA-E2-A10E	TCGA-E2-A10E-01A	LumA
TCGA-BRCA	BRCA	TCGA-E2-A10F	TCGA-E2-A10F-01A	LumA
TCGA-BRCA	BRCA	TCGA-E2-A14N	TCGA-E2-A14N-01A	Basal
TCGA-BRCA	BRCA	TCGA-E2-A14O	TCGA-E2-A14O-01A	LumB
TCGA-BRCA	BRCA	TCGA-E2-A14P	TCGA-E2-A14P-01A	Her2
TCGA-BRCA	BRCA	TCGA-E2-A14Q	TCGA-E2-A14Q-01A	LumA
TCGA-BRCA	BRCA	TCGA-E2-A14R	TCGA-E2-A14R-01A	Basal
TCGA-BRCA	BRCA	TCGA-E2-A14S	TCGA-E2-A14S-01A	LumB
TCGA-BRCA	BRCA	TCGA-E2-A14T	TCGA-E2-A14T-01A	LumA
TCGA-BRCA	BRCA	TCGA-E2-A14U	TCGA-E2-A14U-01A	LumA
TCGA-BRCA	BRCA	TCGA-E2-A14V	TCGA-E2-A14V-01A	Her2
TCGA-BRCA	BRCA	TCGA-E2-A14W	TCGA-E2-A14W-01A	LumB
TCGA-BRCA	BRCA	TCGA-E2-A14X	TCGA-E2-A14X-01A	Basal
TCGA-BRCA	BRCA	TCGA-E2-A14Y	TCGA-E2-A14Y-01A	Basal
TCGA-BRCA	BRCA	TCGA-E2-A14Z	TCGA-E2-A14Z-01A	LumA
TCGA-BRCA	BRCA	TCGA-E2-A150	TCGA-E2-A150-01A	Basal
TCGA-BRCA	BRCA	TCGA-E2-A152	TCGA-E2-A152-01A	Her2
TCGA-BRCA	BRCA	TCGA-E2-A153	TCGA-E2-A153-01A	LumA
TCGA-BRCA	BRCA	TCGA-E2-A154	TCGA-E2-A154-01A	LumA
TCGA-BRCA	BRCA	TCGA-E2-A155	TCGA-E2-A155-01A	LumB
TCGA-BRCA	BRCA	TCGA-E2-A156	TCGA-E2-A156-01A	LumA
TCGA-BRCA	BRCA	TCGA-E2-A158	TCGA-E2-A158-01A	Basal
TCGA-BRCA	BRCA	TCGA-E2-A159	TCGA-E2-A159-01A	Basal
TCGA-BRCA	BRCA	TCGA-E2-A15A	TCGA-E2-A15A-01A	LumB
TCGA-BRCA	BRCA	TCGA-E2-A15A	TCGA-E2-A15A-06A	LumB
TCGA-BRCA	BRCA	TCGA-E2-A15C	TCGA-E2-A15C-01A	LumA
TCGA-BRCA	BRCA	TCGA-E2-A15D	TCGA-E2-A15D-01A	LumA
TCGA-BRCA	BRCA	TCGA-E2-A15E	TCGA-E2-A15E-01A	LumA
TCGA-BRCA	BRCA	TCGA-E2-A15E	TCGA-E2-A15E-06A	LumA
TCGA-BRCA	BRCA	TCGA-E2-A15F	TCGA-E2-A15F-01A	LumA
TCGA-BRCA	BRCA	TCGA-E2-A15G	TCGA-E2-A15G-01A	LumA
TCGA-BRCA	BRCA	TCGA-E2-A15H	TCGA-E2-A15H-01A	LumA
TCGA-BRCA	BRCA	TCGA-E2-A15I	TCGA-E2-A15I-01A	LumA
TCGA-BRCA	BRCA	TCGA-E2-A15J	TCGA-E2-A15J-01A	LumA
TCGA-BRCA	BRCA	TCGA-E2-A15K	TCGA-E2-A15K-01A	LumB
TCGA-BRCA	BRCA	TCGA-E2-A15K	TCGA-E2-A15K-06A	LumB
TCGA-BRCA	BRCA	TCGA-E2-A15L	TCGA-E2-A15L-01A	LumA
TCGA-BRCA	BRCA	TCGA-E2-A15M	TCGA-E2-A15M-01A	LumA
TCGA-BRCA	BRCA	TCGA-E2-A15O	TCGA-E2-A15O-01A	LumA
TCGA-BRCA	BRCA	TCGA-E2-A15P	TCGA-E2-A15P-01A	LumA
TCGA-BRCA	BRCA	TCGA-E2-A15R	TCGA-E2-A15R-01A	LumA
TCGA-BRCA	BRCA	TCGA-E2-A15S	TCGA-E2-A15S-01A	LumB
TCGA-BRCA	BRCA	TCGA-E2-A15T	TCGA-E2-A15T-01A	LumB
TCGA-BRCA	BRCA	TCGA-E2-A1AZ	TCGA-E2-A1AZ-01A	Basal
TCGA-BRCA	BRCA	TCGA-E2-A1B0	TCGA-E2-A1B0-01A	Her2
TCGA-BRCA	BRCA	TCGA-E2-A1B1	TCGA-E2-A1B1-01A	LumA
TCGA-BRCA	BRCA	TCGA-E2-A1B4	TCGA-E2-A1B4-01A	LumA
TCGA-BRCA	BRCA	TCGA-E2-A1B5	TCGA-E2-A1B5-01A	LumA
TCGA-BRCA	BRCA	TCGA-E2-A1B6	TCGA-E2-A1B6-01A	Basal
TCGA-BRCA	BRCA	TCGA-E2-A1BC	TCGA-E2-A1BC-01A	LumA
TCGA-BRCA	BRCA	TCGA-E2-A1BD	TCGA-E2-A1BD-01A	LumA
TCGA-BRCA	BRCA	TCGA-E2-A1IE	TCGA-E2-A1IE-01A	LumA
TCGA-BRCA	BRCA	TCGA-E2-A1IF	TCGA-E2-A1IF-01A	LumA
TCGA-BRCA	BRCA	TCGA-E2-A1IG	TCGA-E2-A1IG-01A	LumA
TCGA-BRCA	BRCA	TCGA-E2-A1IH	TCGA-E2-A1IH-01A	LumA
TCGA-BRCA	BRCA	TCGA-E2-A1II	TCGA-E2-A1II-01A	Basal
TCGA-BRCA	BRCA	TCGA-E2-A1IJ	TCGA-E2-A1IJ-01A	LumA
TCGA-BRCA	BRCA	TCGA-E2-A1IK	TCGA-E2-A1IK-01A	LumA
TCGA-BRCA	BRCA	TCGA-E2-A1IL	TCGA-E2-A1IL-01A	LumA
TCGA-BRCA	BRCA	TCGA-E2-A1IN	TCGA-E2-A1IN-01A	LumA
TCGA-BRCA	BRCA	TCGA-E2-A1IO	TCGA-E2-A1IO-01A	LumA
TCGA-BRCA	BRCA	TCGA-E2-A1IU	TCGA-E2-A1IU-01A	LumA
TCGA-BRCA	BRCA	TCGA-E2-A1L6	TCGA-E2-A1L6-01A	LumA
TCGA-BRCA	BRCA	TCGA-E2-A1L7	TCGA-E2-A1L7-01A	LumB
TCGA-BRCA	BRCA	TCGA-E2-A1L8	TCGA-E2-A1L8-01A	LumA
TCGA-BRCA	BRCA	TCGA-E2-A1L9	TCGA-E2-A1L9-01A	LumA
TCGA-BRCA	BRCA	TCGA-E2-A1LA	TCGA-E2-A1LA-01A	LumA
TCGA-BRCA	BRCA	TCGA-E2-A1LB	TCGA-E2-A1LB-01A	Her2
TCGA-BRCA	BRCA	TCGA-E2-A1LE	TCGA-E2-A1LE-01A	Her2
TCGA-BRCA	BRCA	TCGA-E2-A1LG	TCGA-E2-A1LG-01A	Basal
TCGA-BRCA	BRCA	TCGA-E2-A1LH	TCGA-E2-A1LH-01A	Basal
TCGA-BRCA	BRCA	TCGA-E2-A1LI	TCGA-E2-A1LI-01A	Basal
TCGA-BRCA	BRCA	TCGA-E2-A1LK	TCGA-E2-A1LK-01A	Basal
TCGA-BRCA	BRCA	TCGA-E2-A1LL	TCGA-E2-A1LL-01A	Basal
TCGA-BRCA	BRCA	TCGA-E2-A1LS	TCGA-E2-A1LS-01A	Basal
TCGA-BRCA	BRCA	TCGA-E2-A2P5	TCGA-E2-A2P5-01A	LumA
TCGA-BRCA	BRCA	TCGA-E2-A2P6	TCGA-E2-A2P6-01A	LumA
TCGA-BRCA	BRCA	TCGA-E2-A3DX	TCGA-E2-A3DX-01A	LumA
TCGA-BRCA	BRCA	TCGA-E2-A56Z	TCGA-E2-A56Z-01A	LumB
TCGA-BRCA	BRCA	TCGA-E2-A570	TCGA-E2-A570-01A	LumA
TCGA-BRCA	BRCA	TCGA-E2-A572	TCGA-E2-A572-01A	LumA
TCGA-BRCA	BRCA	TCGA-E2-A573	TCGA-E2-A573-01A	Basal
TCGA-BRCA	BRCA	TCGA-E2-A574	TCGA-E2-A574-01A	Basal
TCGA-BRCA	BRCA	TCGA-E2-A576	TCGA-E2-A576-01A	LumA
TCGA-BRCA	BRCA	TCGA-E2-A9RU	TCGA-E2-A9RU-01A	LumB
TCGA-THCA	THCA	TCGA-E3-A3DY	TCGA-E3-A3DY-01A	2
TCGA-THCA	THCA	TCGA-E3-A3DZ	TCGA-E3-A3DZ-01A	1
TCGA-THCA	THCA	TCGA-E3-A3E0	TCGA-E3-A3E0-01A	5
TCGA-THCA	THCA	TCGA-E3-A3E1	TCGA-E3-A3E1-01A	3
TCGA-THCA	THCA	TCGA-E3-A3E2	TCGA-E3-A3E2-01A	2
TCGA-THCA	THCA	TCGA-E3-A3E3	TCGA-E3-A3E3-01A	3
TCGA-THCA	THCA	TCGA-E3-A3E5	TCGA-E3-A3E5-01A	5
TCGA-BLCA	BLCA	TCGA-E5-A2PC	TCGA-E5-A2PC-01A	1
TCGA-UCEC	UCEC	TCGA-E6-A1LX	TCGA-E6-A1LX-01A	POLE
TCGA-UCEC	UCEC	TCGA-E6-A1LZ	TCGA-E6-A1LZ-01A	CN HIGH
TCGA-UCEC	UCEC	TCGA-E6-A1M0	TCGA-E6-A1M0-01A	POLE
TCGA-UCEC	UCEC	TCGA-E6-A2P8	TCGA-E6-A2P8-01A	MSI
TCGA-UCEC	UCEC	TCGA-E6-A2P9	TCGA-E6-A2P9-01A	POLE
TCGA-UCEC	UCEC	TCGA-E6-A8L9	TCGA-E6-A8L9-01A	CN HIGH
TCGA-BLCA	BLCA	TCGA-E7-A3X6	TCGA-E7-A3X6-01A	1
TCGA-BLCA	BLCA	TCGA-E7-A3Y1	TCGA-E7-A3Y1-01A	1
TCGA-THCA	THCA	TCGA-E8-A242	TCGA-E8-A242-01A	4
TCGA-THCA	THCA	TCGA-E8-A2EA	TCGA-E8-A2EA-01A	4
TCGA-THCA	THCA	TCGA-E8-A2JQ	TCGA-E8-A2JQ-01A	4
TCGA-THCA	THCA	TCGA-E8-A3X7	TCGA-E8-A3X7-01A	4
TCGA-THCA	THCA	TCGA-E8-A413	TCGA-E8-A413-01A	2
TCGA-THCA	THCA	TCGA-E8-A414	TCGA-E8-A414-01A	2
TCGA-THCA	THCA	TCGA-E8-A415	TCGA-E8-A415-01A	2
TCGA-THCA	THCA	TCGA-E8-A416	TCGA-E8-A416-01A	1
TCGA-THCA	THCA	TCGA-E8-A417	TCGA-E8-A417-01A	3
TCGA-THCA	THCA	TCGA-E8-A418	TCGA-E8-A418-01A	3
TCGA-THCA	THCA	TCGA-E8-A419	TCGA-E8-A419-01A	4
TCGA-THCA	THCA	TCGA-E8-A432	TCGA-E8-A432-01A	5
TCGA-THCA	THCA	TCGA-E8-A433	TCGA-E8-A433-01A	4
TCGA-THCA	THCA	TCGA-E8-A434	TCGA-E8-A434-01A	2
TCGA-THCA	THCA	TCGA-E8-A436	TCGA-E8-A436-01A	2
TCGA-THCA	THCA	TCGA-E8-A437	TCGA-E8-A437-01A	5
TCGA-THCA	THCA	TCGA-E8-A438	TCGA-E8-A438-01A	5
TCGA-THCA	THCA	TCGA-E8-A44K	TCGA-E8-A44K-01A	4
TCGA-THCA	THCA	TCGA-E8-A44M	TCGA-E8-A44M-01A	2
TCGA-BRCA	BRCA	TCGA-E9-A1N3	TCGA-E9-A1N3-01A	LumA
TCGA-BRCA	BRCA	TCGA-E9-A1N4	TCGA-E9-A1N4-01A	LumA
TCGA-BRCA	BRCA	TCGA-E9-A1N5	TCGA-E9-A1N5-01A	LumA
TCGA-BRCA	BRCA	TCGA-E9-A1N6	TCGA-E9-A1N6-01A	LumB
TCGA-BRCA	BRCA	TCGA-E9-A1N8	TCGA-E9-A1N8-01A	Basal
TCGA-BRCA	BRCA	TCGA-E9-A1N9	TCGA-E9-A1N9-01A	Basal
TCGA-BRCA	BRCA	TCGA-E9-A1NA	TCGA-E9-A1NA-01A	LumB
TCGA-BRCA	BRCA	TCGA-E9-A1NC	TCGA-E9-A1NC-01A	Basal
TCGA-BRCA	BRCA	TCGA-E9-A1ND	TCGA-E9-A1ND-01A	Basal
TCGA-BRCA	BRCA	TCGA-E9-A1NE	TCGA-E9-A1NE-01A	LumA
TCGA-BRCA	BRCA	TCGA-E9-A1NF	TCGA-E9-A1NF-01A	LumB
TCGA-BRCA	BRCA	TCGA-E9-A1NG	TCGA-E9-A1NG-01A	LumA
TCGA-BRCA	BRCA	TCGA-E9-A1NH	TCGA-E9-A1NH-01A	LumA
TCGA-BRCA	BRCA	TCGA-E9-A1NI	TCGA-E9-A1NI-01A	LumB
TCGA-BRCA	BRCA	TCGA-E9-A1QZ	TCGA-E9-A1QZ-01A	LumA
TCGA-BRCA	BRCA	TCGA-E9-A1R0	TCGA-E9-A1R0-01A	LumA
TCGA-BRCA	BRCA	TCGA-E9-A1R2	TCGA-E9-A1R2-01A	LumA
TCGA-BRCA	BRCA	TCGA-E9-A1R3	TCGA-E9-A1R3-01A	LumA
TCGA-BRCA	BRCA	TCGA-E9-A1R4	TCGA-E9-A1R4-01A	LumB
TCGA-BRCA	BRCA	TCGA-E9-A1R5	TCGA-E9-A1R5-01A	LumA
TCGA-BRCA	BRCA	TCGA-E9-A1R6	TCGA-E9-A1R6-01A	LumA
TCGA-BRCA	BRCA	TCGA-E9-A1R7	TCGA-E9-A1R7-01A	LumB
TCGA-BRCA	BRCA	TCGA-E9-A1RA	TCGA-E9-A1RA-01A	LumA
TCGA-BRCA	BRCA	TCGA-E9-A1RB	TCGA-E9-A1RB-01A	LumB
TCGA-BRCA	BRCA	TCGA-E9-A1RC	TCGA-E9-A1RC-01A	LumA
TCGA-BRCA	BRCA	TCGA-E9-A1RD	TCGA-E9-A1RD-01A	LumA
TCGA-BRCA	BRCA	TCGA-E9-A1RE	TCGA-E9-A1RE-01A	LumB
TCGA-BRCA	BRCA	TCGA-E9-A1RF	TCGA-E9-A1RF-01A	LumA
TCGA-BRCA	BRCA	TCGA-E9-A1RG	TCGA-E9-A1RG-01A	LumB
TCGA-BRCA	BRCA	TCGA-E9-A1RH	TCGA-E9-A1RH-01A	Her2
TCGA-BRCA	BRCA	TCGA-E9-A1RI	TCGA-E9-A1RI-01A	LumA
TCGA-BRCA	BRCA	TCGA-E9-A226	TCGA-E9-A226-01A	LumB
TCGA-BRCA	BRCA	TCGA-E9-A227	TCGA-E9-A227-01A	LumA
TCGA-BRCA	BRCA	TCGA-E9-A228	TCGA-E9-A228-01A	LumB
TCGA-BRCA	BRCA	TCGA-E9-A229	TCGA-E9-A229-01A	LumA
TCGA-BRCA	BRCA	TCGA-E9-A22A	TCGA-E9-A22A-01A	LumB
TCGA-BRCA	BRCA	TCGA-E9-A22B	TCGA-E9-A22B-01A	LumA
TCGA-BRCA	BRCA	TCGA-E9-A22D	TCGA-E9-A22D-01A	LumB
TCGA-BRCA	BRCA	TCGA-E9-A22E	TCGA-E9-A22E-01A	LumB
TCGA-BRCA	BRCA	TCGA-E9-A22G	TCGA-E9-A22G-01A	Basal
TCGA-BRCA	BRCA	TCGA-E9-A22H	TCGA-E9-A22H-01A	LumB
TCGA-BRCA	BRCA	TCGA-E9-A243	TCGA-E9-A243-01A	Basal
TCGA-BRCA	BRCA	TCGA-E9-A244	TCGA-E9-A244-01A	Basal
TCGA-BRCA	BRCA	TCGA-E9-A245	TCGA-E9-A245-01A	LumA
TCGA-BRCA	BRCA	TCGA-E9-A247	TCGA-E9-A247-01A	LumA
TCGA-BRCA	BRCA	TCGA-E9-A248	TCGA-E9-A248-01A	Her2
TCGA-BRCA	BRCA	TCGA-E9-A249	TCGA-E9-A249-01A	LumB
TCGA-BRCA	BRCA	TCGA-E9-A24A	TCGA-E9-A24A-01A	LumA
TCGA-BRCA	BRCA	TCGA-E9-A295	TCGA-E9-A295-01A	LumA
TCGA-BRCA	BRCA	TCGA-E9-A2JS	TCGA-E9-A2JS-01A	LumB
TCGA-BRCA	BRCA	TCGA-E9-A2JT	TCGA-E9-A2JT-01A	LumA
TCGA-BRCA	BRCA	TCGA-E9-A3HO	TCGA-E9-A3HO-01A	LumB
TCGA-BRCA	BRCA	TCGA-E9-A3Q9	TCGA-E9-A3Q9-01A	LumA
TCGA-BRCA	BRCA	TCGA-E9-A3QA	TCGA-E9-A3QA-01A	Basal
TCGA-BRCA	BRCA	TCGA-E9-A3X8	TCGA-E9-A3X8-01A	LumA
TCGA-BRCA	BRCA	TCGA-E9-A54X	TCGA-E9-A54X-01A	LumB
TCGA-BRCA	BRCA	TCGA-E9-A54Y	TCGA-E9-A54Y-01A	LumB
TCGA-BRCA	BRCA	TCGA-E9-A5FK	TCGA-E9-A5FK-01A	LumA
TCGA-BRCA	BRCA	TCGA-E9-A5FL	TCGA-E9-A5FL-01A	Basal
TCGA-BRCA	BRCA	TCGA-E9-A5UO	TCGA-E9-A5UO-01A	LumB
TCGA-BRCA	BRCA	TCGA-E9-A5UP	TCGA-E9-A5UP-01A	LumA
TCGA-BRCA	BRCA	TCGA-E9-A6HE	TCGA-E9-A6HE-01A	LumA
TCGA-SKCM	SKCM	TCGA-EB-A1NK	TCGA-EB-A1NK-01A	RAS Hotspot Mutants
TCGA-SKCM	SKCM	TCGA-EB-A24C	TCGA-EB-A24C-01A	BRAF Hotspot Mutants
TCGA-SKCM	SKCM	TCGA-EB-A24D	TCGA-EB-A24D-01A	BRAF Hotspot Mutants
TCGA-SKCM	SKCM	TCGA-EB-A299	TCGA-EB-A299-01A	BRAF Hotspot Mutants
TCGA-SKCM	SKCM	TCGA-EB-A3HV	TCGA-EB-A3HV-01A	BRAF Hotspot Mutants
TCGA-SKCM	SKCM	TCGA-EB-A3XB	TCGA-EB-A3XB-01A	BRAF Hotspot Mutants
TCGA-SKCM	SKCM	TCGA-EB-A3XC	TCGA-EB-A3XC-01A	BRAF Hotspot Mutants
TCGA-SKCM	SKCM	TCGA-EB-A3XD	TCGA-EB-A3XD-01A	BRAF Hotspot Mutants
TCGA-SKCM	SKCM	TCGA-EB-A3XE	TCGA-EB-A3XE-01A	BRAF Hotspot Mutants
TCGA-SKCM	SKCM	TCGA-EB-A3XF	TCGA-EB-A3XF-01A	-
TCGA-SKCM	SKCM	TCGA-EB-A3Y6	TCGA-EB-A3Y6-01A	BRAF Hotspot Mutants
TCGA-SKCM	SKCM	TCGA-EB-A3Y7	TCGA-EB-A3Y7-01A	NF1 Any Mutants
TCGA-SKCM	SKCM	TCGA-EB-A41A	TCGA-EB-A41A-01A	NF1 Any Mutants
TCGA-SKCM	SKCM	TCGA-EB-A41B	TCGA-EB-A41B-01A	RAS Hotspot Mutants
TCGA-SKCM	SKCM	TCGA-EB-A42Y	TCGA-EB-A42Y-01A	Triple WT
TCGA-SKCM	SKCM	TCGA-EB-A42Z	TCGA-EB-A42Z-01A	BRAF Hotspot Mutants
TCGA-SKCM	SKCM	TCGA-EB-A430	TCGA-EB-A430-01A	BRAF Hotspot Mutants
TCGA-SKCM	SKCM	TCGA-EB-A431	TCGA-EB-A431-01A	BRAF Hotspot Mutants
TCGA-SKCM	SKCM	TCGA-EB-A44N	TCGA-EB-A44N-01A	BRAF Hotspot Mutants
TCGA-SKCM	SKCM	TCGA-EB-A44O	TCGA-EB-A44O-01A	RAS Hotspot Mutants
TCGA-SKCM	SKCM	TCGA-EB-A44P	TCGA-EB-A44P-01A	BRAF Hotspot Mutants
TCGA-SKCM	SKCM	TCGA-EB-A44Q	TCGA-EB-A44Q-06A	RAS Hotspot Mutants
TCGA-SKCM	SKCM	TCGA-EB-A44R	TCGA-EB-A44R-06A	RAS Hotspot Mutants
TCGA-SKCM	SKCM	TCGA-EB-A4IQ	TCGA-EB-A4IQ-01A	Triple WT
TCGA-SKCM	SKCM	TCGA-EB-A4IS	TCGA-EB-A4IS-01A	BRAF Hotspot Mutants
TCGA-SKCM	SKCM	TCGA-EB-A4OY	TCGA-EB-A4OY-01A	Triple WT
TCGA-SKCM	SKCM	TCGA-EB-A4OZ	TCGA-EB-A4OZ-01A	BRAF Hotspot Mutants
TCGA-SKCM	SKCM	TCGA-EB-A4P0	TCGA-EB-A4P0-01A	BRAF Hotspot Mutants
TCGA-SKCM	SKCM	TCGA-EB-A4XL	TCGA-EB-A4XL-01A	-
TCGA-SKCM	SKCM	TCGA-EB-A51B	TCGA-EB-A51B-01A	-
TCGA-SKCM	SKCM	TCGA-EB-A550	TCGA-EB-A550-01A	-
TCGA-SKCM	SKCM	TCGA-EB-A551	TCGA-EB-A551-01A	RAS Hotspot Mutants
TCGA-SKCM	SKCM	TCGA-EB-A553	TCGA-EB-A553-01A	BRAF Hotspot Mutants
TCGA-SKCM	SKCM	TCGA-EB-A5FP	TCGA-EB-A5FP-01A	-
TCGA-SKCM	SKCM	TCGA-EB-A5KH	TCGA-EB-A5KH-06A	-
TCGA-UCEC	UCEC	TCGA-EC-A1NJ	TCGA-EC-A1NJ-01A	MSI
TCGA-UCEC	UCEC	TCGA-EC-A1QX	TCGA-EC-A1QX-01A	MSI
TCGA-UCEC	UCEC	TCGA-EC-A24G	TCGA-EC-A24G-01A	MSI
TCGA-LIHC	LIHC	TCGA-ED-A459	TCGA-ED-A459-01A	iCluster:2
TCGA-LIHC	LIHC	TCGA-ED-A4XI	TCGA-ED-A4XI-01A	iCluster:1
TCGA-LIHC	LIHC	TCGA-ED-A5KG	TCGA-ED-A5KG-01A	iCluster:1
TCGA-LIHC	LIHC	TCGA-ED-A627	TCGA-ED-A627-01A	iCluster:1
TCGA-LIHC	LIHC	TCGA-ED-A66X	TCGA-ED-A66X-01A	iCluster:1
TCGA-LIHC	LIHC	TCGA-ED-A66Y	TCGA-ED-A66Y-01A	iCluster:1
TCGA-LIHC	LIHC	TCGA-ED-A7PX	TCGA-ED-A7PX-01A	iCluster:1
TCGA-LIHC	LIHC	TCGA-ED-A7PY	TCGA-ED-A7PY-01A	iCluster:1
TCGA-LIHC	LIHC	TCGA-ED-A7PZ	TCGA-ED-A7PZ-01A	iCluster:3
TCGA-LIHC	LIHC	TCGA-ED-A7XP	TCGA-ED-A7XP-01A	iCluster:1
TCGA-LIHC	LIHC	TCGA-ED-A82E	TCGA-ED-A82E-01A	iCluster:1
TCGA-SKCM	SKCM	TCGA-EE-A17X	TCGA-EE-A17X-06A	RAS Hotspot Mutants
TCGA-SKCM	SKCM	TCGA-EE-A17Y	TCGA-EE-A17Y-06A	BRAF Hotspot Mutants
TCGA-SKCM	SKCM	TCGA-EE-A17Z	TCGA-EE-A17Z-06A	Triple WT
TCGA-SKCM	SKCM	TCGA-EE-A180	TCGA-EE-A180-06A	NF1 Any Mutants
TCGA-SKCM	SKCM	TCGA-EE-A181	TCGA-EE-A181-06A	NF1 Any Mutants
TCGA-SKCM	SKCM	TCGA-EE-A182	TCGA-EE-A182-06A	NF1 Any Mutants
TCGA-SKCM	SKCM	TCGA-EE-A183	TCGA-EE-A183-06A	BRAF Hotspot Mutants
TCGA-SKCM	SKCM	TCGA-EE-A184	TCGA-EE-A184-06A	RAS Hotspot Mutants
TCGA-SKCM	SKCM	TCGA-EE-A185	TCGA-EE-A185-06A	RAS Hotspot Mutants
TCGA-SKCM	SKCM	TCGA-EE-A20B	TCGA-EE-A20B-06A	BRAF Hotspot Mutants
TCGA-SKCM	SKCM	TCGA-EE-A20C	TCGA-EE-A20C-06A	RAS Hotspot Mutants
TCGA-SKCM	SKCM	TCGA-EE-A20F	TCGA-EE-A20F-06A	BRAF Hotspot Mutants
TCGA-SKCM	SKCM	TCGA-EE-A20H	TCGA-EE-A20H-06A	BRAF Hotspot Mutants
TCGA-SKCM	SKCM	TCGA-EE-A20I	TCGA-EE-A20I-06A	Triple WT
TCGA-SKCM	SKCM	TCGA-EE-A29A	TCGA-EE-A29A-06A	BRAF Hotspot Mutants
TCGA-SKCM	SKCM	TCGA-EE-A29B	TCGA-EE-A29B-06A	RAS Hotspot Mutants
TCGA-SKCM	SKCM	TCGA-EE-A29C	TCGA-EE-A29C-06A	BRAF Hotspot Mutants
TCGA-SKCM	SKCM	TCGA-EE-A29D	TCGA-EE-A29D-06A	Triple WT
TCGA-SKCM	SKCM	TCGA-EE-A29E	TCGA-EE-A29E-06A	BRAF Hotspot Mutants
TCGA-SKCM	SKCM	TCGA-EE-A29G	TCGA-EE-A29G-06A	RAS Hotspot Mutants
TCGA-SKCM	SKCM	TCGA-EE-A29H	TCGA-EE-A29H-06A	BRAF Hotspot Mutants
TCGA-SKCM	SKCM	TCGA-EE-A29L	TCGA-EE-A29L-06A	RAS Hotspot Mutants
TCGA-SKCM	SKCM	TCGA-EE-A29M	TCGA-EE-A29M-06A	BRAF Hotspot Mutants
TCGA-SKCM	SKCM	TCGA-EE-A29N	TCGA-EE-A29N-06A	NF1 Any Mutants
TCGA-SKCM	SKCM	TCGA-EE-A29P	TCGA-EE-A29P-06A	BRAF Hotspot Mutants
TCGA-SKCM	SKCM	TCGA-EE-A29Q	TCGA-EE-A29Q-06A	RAS Hotspot Mutants
TCGA-SKCM	SKCM	TCGA-EE-A29R	TCGA-EE-A29R-06A	RAS Hotspot Mutants
TCGA-SKCM	SKCM	TCGA-EE-A29S	TCGA-EE-A29S-06A	RAS Hotspot Mutants
TCGA-SKCM	SKCM	TCGA-EE-A29T	TCGA-EE-A29T-06A	-
TCGA-SKCM	SKCM	TCGA-EE-A29V	TCGA-EE-A29V-06A	RAS Hotspot Mutants
TCGA-SKCM	SKCM	TCGA-EE-A29W	TCGA-EE-A29W-06A	BRAF Hotspot Mutants
TCGA-SKCM	SKCM	TCGA-EE-A29X	TCGA-EE-A29X-06A	RAS Hotspot Mutants
TCGA-SKCM	SKCM	TCGA-EE-A2A0	TCGA-EE-A2A0-06A	Triple WT
TCGA-SKCM	SKCM	TCGA-EE-A2A1	TCGA-EE-A2A1-06A	RAS Hotspot Mutants
TCGA-SKCM	SKCM	TCGA-EE-A2A2	TCGA-EE-A2A2-06A	RAS Hotspot Mutants
TCGA-SKCM	SKCM	TCGA-EE-A2A5	TCGA-EE-A2A5-06A	RAS Hotspot Mutants
TCGA-SKCM	SKCM	TCGA-EE-A2A6	TCGA-EE-A2A6-06A	BRAF Hotspot Mutants
TCGA-SKCM	SKCM	TCGA-EE-A2GB	TCGA-EE-A2GB-06A	BRAF Hotspot Mutants
TCGA-SKCM	SKCM	TCGA-EE-A2GC	TCGA-EE-A2GC-06A	NF1 Any Mutants
TCGA-SKCM	SKCM	TCGA-EE-A2GD	TCGA-EE-A2GD-06A	RAS Hotspot Mutants
TCGA-SKCM	SKCM	TCGA-EE-A2GE	TCGA-EE-A2GE-06A	BRAF Hotspot Mutants
TCGA-SKCM	SKCM	TCGA-EE-A2GH	TCGA-EE-A2GH-06A	BRAF Hotspot Mutants
TCGA-SKCM	SKCM	TCGA-EE-A2GI	TCGA-EE-A2GI-06A	NF1 Any Mutants
TCGA-SKCM	SKCM	TCGA-EE-A2GJ	TCGA-EE-A2GJ-06A	RAS Hotspot Mutants
TCGA-SKCM	SKCM	TCGA-EE-A2GK	TCGA-EE-A2GK-06A	Triple WT
TCGA-SKCM	SKCM	TCGA-EE-A2GL	TCGA-EE-A2GL-06A	RAS Hotspot Mutants
TCGA-SKCM	SKCM	TCGA-EE-A2GN	TCGA-EE-A2GN-06A	RAS Hotspot Mutants
TCGA-SKCM	SKCM	TCGA-EE-A2GO	TCGA-EE-A2GO-06A	RAS Hotspot Mutants
TCGA-SKCM	SKCM	TCGA-EE-A2GP	TCGA-EE-A2GP-06A	RAS Hotspot Mutants
TCGA-SKCM	SKCM	TCGA-EE-A2GR	TCGA-EE-A2GR-06A	NF1 Any Mutants
TCGA-SKCM	SKCM	TCGA-EE-A2GS	TCGA-EE-A2GS-06A	BRAF Hotspot Mutants
TCGA-SKCM	SKCM	TCGA-EE-A2GT	TCGA-EE-A2GT-06A	BRAF Hotspot Mutants
TCGA-SKCM	SKCM	TCGA-EE-A2GU	TCGA-EE-A2GU-06A	RAS Hotspot Mutants
TCGA-SKCM	SKCM	TCGA-EE-A2M5	TCGA-EE-A2M5-06A	BRAF Hotspot Mutants
TCGA-SKCM	SKCM	TCGA-EE-A2M6	TCGA-EE-A2M6-06A	BRAF Hotspot Mutants
TCGA-SKCM	SKCM	TCGA-EE-A2M7	TCGA-EE-A2M7-06A	BRAF Hotspot Mutants
TCGA-SKCM	SKCM	TCGA-EE-A2M8	TCGA-EE-A2M8-06A	BRAF Hotspot Mutants
TCGA-SKCM	SKCM	TCGA-EE-A2MC	TCGA-EE-A2MC-06A	RAS Hotspot Mutants
TCGA-SKCM	SKCM	TCGA-EE-A2MD	TCGA-EE-A2MD-06A	RAS Hotspot Mutants
TCGA-SKCM	SKCM	TCGA-EE-A2ME	TCGA-EE-A2ME-06A	BRAF Hotspot Mutants
TCGA-SKCM	SKCM	TCGA-EE-A2MF	TCGA-EE-A2MF-06A	RAS Hotspot Mutants
TCGA-SKCM	SKCM	TCGA-EE-A2MG	TCGA-EE-A2MG-06A	BRAF Hotspot Mutants
TCGA-SKCM	SKCM	TCGA-EE-A2MH	TCGA-EE-A2MH-06A	BRAF Hotspot Mutants
TCGA-SKCM	SKCM	TCGA-EE-A2MI	TCGA-EE-A2MI-06A	NF1 Any Mutants
TCGA-SKCM	SKCM	TCGA-EE-A2MJ	TCGA-EE-A2MJ-06A	NF1 Any Mutants
TCGA-SKCM	SKCM	TCGA-EE-A2MK	TCGA-EE-A2MK-06A	BRAF Hotspot Mutants
TCGA-SKCM	SKCM	TCGA-EE-A2ML	TCGA-EE-A2ML-06A	RAS Hotspot Mutants
TCGA-SKCM	SKCM	TCGA-EE-A2MM	TCGA-EE-A2MM-06A	RAS Hotspot Mutants
TCGA-SKCM	SKCM	TCGA-EE-A2MN	TCGA-EE-A2MN-06A	RAS Hotspot Mutants
TCGA-SKCM	SKCM	TCGA-EE-A2MP	TCGA-EE-A2MP-06A	BRAF Hotspot Mutants
TCGA-SKCM	SKCM	TCGA-EE-A2MQ	TCGA-EE-A2MQ-06A	BRAF Hotspot Mutants
TCGA-SKCM	SKCM	TCGA-EE-A2MR	TCGA-EE-A2MR-06A	Triple WT
TCGA-SKCM	SKCM	TCGA-EE-A2MS	TCGA-EE-A2MS-06A	NF1 Any Mutants
TCGA-SKCM	SKCM	TCGA-EE-A2MT	TCGA-EE-A2MT-06A	NF1 Any Mutants
TCGA-SKCM	SKCM	TCGA-EE-A2MU	TCGA-EE-A2MU-06A	RAS Hotspot Mutants
TCGA-SKCM	SKCM	TCGA-EE-A3AA	TCGA-EE-A3AA-06A	BRAF Hotspot Mutants
TCGA-SKCM	SKCM	TCGA-EE-A3AB	TCGA-EE-A3AB-06A	BRAF Hotspot Mutants
TCGA-SKCM	SKCM	TCGA-EE-A3AC	TCGA-EE-A3AC-06A	RAS Hotspot Mutants
TCGA-SKCM	SKCM	TCGA-EE-A3AD	TCGA-EE-A3AD-06A	BRAF Hotspot Mutants
TCGA-SKCM	SKCM	TCGA-EE-A3AE	TCGA-EE-A3AE-06A	NF1 Any Mutants
TCGA-SKCM	SKCM	TCGA-EE-A3AF	TCGA-EE-A3AF-06A	BRAF Hotspot Mutants
TCGA-SKCM	SKCM	TCGA-EE-A3AG	TCGA-EE-A3AG-06A	BRAF Hotspot Mutants
TCGA-SKCM	SKCM	TCGA-EE-A3AH	TCGA-EE-A3AH-06A	BRAF Hotspot Mutants
TCGA-SKCM	SKCM	TCGA-EE-A3J3	TCGA-EE-A3J3-06A	BRAF Hotspot Mutants
TCGA-SKCM	SKCM	TCGA-EE-A3J4	TCGA-EE-A3J4-06A	BRAF Hotspot Mutants
TCGA-SKCM	SKCM	TCGA-EE-A3J5	TCGA-EE-A3J5-06A	NF1 Any Mutants
TCGA-SKCM	SKCM	TCGA-EE-A3J7	TCGA-EE-A3J7-06A	RAS Hotspot Mutants
TCGA-SKCM	SKCM	TCGA-EE-A3J8	TCGA-EE-A3J8-06A	RAS Hotspot Mutants
TCGA-SKCM	SKCM	TCGA-EE-A3JA	TCGA-EE-A3JA-06A	RAS Hotspot Mutants
TCGA-SKCM	SKCM	TCGA-EE-A3JB	TCGA-EE-A3JB-06A	BRAF Hotspot Mutants
TCGA-SKCM	SKCM	TCGA-EE-A3JD	TCGA-EE-A3JD-06A	NF1 Any Mutants
TCGA-SKCM	SKCM	TCGA-EE-A3JE	TCGA-EE-A3JE-06A	BRAF Hotspot Mutants
TCGA-SKCM	SKCM	TCGA-EE-A3JH	TCGA-EE-A3JH-06A	BRAF Hotspot Mutants
TCGA-SKCM	SKCM	TCGA-EE-A3JI	TCGA-EE-A3JI-06A	RAS Hotspot Mutants
TCGA-READ	READ	TCGA-EF-5830	TCGA-EF-5830-01A	GI.CIN
TCGA-READ	READ	TCGA-EI-6506	TCGA-EI-6506-01A	GI.CIN
TCGA-READ	READ	TCGA-EI-6507	TCGA-EI-6507-01A	GI.MSI
TCGA-READ	READ	TCGA-EI-6508	TCGA-EI-6508-01A	GI.CIN
TCGA-READ	READ	TCGA-EI-6509	TCGA-EI-6509-01A	GI.CIN
TCGA-READ	READ	TCGA-EI-6510	TCGA-EI-6510-01A	GI.GS
TCGA-READ	READ	TCGA-EI-6511	TCGA-EI-6511-01A	GI.CIN
TCGA-READ	READ	TCGA-EI-6512	TCGA-EI-6512-01A	GI.CIN
TCGA-READ	READ	TCGA-EI-6513	TCGA-EI-6513-01A	GI.CIN
TCGA-READ	READ	TCGA-EI-6514	TCGA-EI-6514-01A	GI.CIN
TCGA-READ	READ	TCGA-EI-6881	TCGA-EI-6881-01A	GI.CIN
TCGA-READ	READ	TCGA-EI-6882	TCGA-EI-6882-01A	GI.MSI
TCGA-READ	READ	TCGA-EI-6883	TCGA-EI-6883-01A	GI.CIN
TCGA-READ	READ	TCGA-EI-6884	TCGA-EI-6884-01A	GI.CIN
TCGA-READ	READ	TCGA-EI-6885	TCGA-EI-6885-01A	GI.CIN
TCGA-READ	READ	TCGA-EI-6917	TCGA-EI-6917-01A	GI.HM-SNV
TCGA-READ	READ	TCGA-EI-7002	TCGA-EI-7002-01A	GI.CIN
TCGA-READ	READ	TCGA-EI-7004	TCGA-EI-7004-01A	GI.CIN
TCGA-PRAD	PRAD	TCGA-EJ-5494	TCGA-EJ-5494-01A	6-FOXA1
TCGA-PRAD	PRAD	TCGA-EJ-5495	TCGA-EJ-5495-01A	1-ERG
TCGA-PRAD	PRAD	TCGA-EJ-5496	TCGA-EJ-5496-01A	1-ERG
TCGA-PRAD	PRAD	TCGA-EJ-5497	TCGA-EJ-5497-01A	1-ERG
TCGA-PRAD	PRAD	TCGA-EJ-5498	TCGA-EJ-5498-01A	1-ERG
TCGA-PRAD	PRAD	TCGA-EJ-5499	TCGA-EJ-5499-01A	1-ERG
TCGA-PRAD	PRAD	TCGA-EJ-5501	TCGA-EJ-5501-01A	2-ETV1
TCGA-PRAD	PRAD	TCGA-EJ-5502	TCGA-EJ-5502-01A	1-ERG
TCGA-PRAD	PRAD	TCGA-EJ-5503	TCGA-EJ-5503-01A	1-ERG
TCGA-PRAD	PRAD	TCGA-EJ-5504	TCGA-EJ-5504-01A	2-ETV1
TCGA-PRAD	PRAD	TCGA-EJ-5505	TCGA-EJ-5505-01A	5-SPOP
TCGA-PRAD	PRAD	TCGA-EJ-5506	TCGA-EJ-5506-01A	1-ERG
TCGA-PRAD	PRAD	TCGA-EJ-5507	TCGA-EJ-5507-01A	1-ERG
TCGA-PRAD	PRAD	TCGA-EJ-5508	TCGA-EJ-5508-01A	1-ERG
TCGA-PRAD	PRAD	TCGA-EJ-5509	TCGA-EJ-5509-01A	5-SPOP
TCGA-PRAD	PRAD	TCGA-EJ-5510	TCGA-EJ-5510-01A	2-ETV1
TCGA-PRAD	PRAD	TCGA-EJ-5511	TCGA-EJ-5511-01A	3-ETV4
TCGA-PRAD	PRAD	TCGA-EJ-5512	TCGA-EJ-5512-01A	1-ERG
TCGA-PRAD	PRAD	TCGA-EJ-5514	TCGA-EJ-5514-01A	8-other
TCGA-PRAD	PRAD	TCGA-EJ-5515	TCGA-EJ-5515-01A	8-other
TCGA-PRAD	PRAD	TCGA-EJ-5516	TCGA-EJ-5516-01A	1-ERG
TCGA-PRAD	PRAD	TCGA-EJ-5517	TCGA-EJ-5517-01A	8-other
TCGA-PRAD	PRAD	TCGA-EJ-5518	TCGA-EJ-5518-01A	8-other
TCGA-PRAD	PRAD	TCGA-EJ-5519	TCGA-EJ-5519-01A	2-ETV1
TCGA-PRAD	PRAD	TCGA-EJ-5521	TCGA-EJ-5521-01A	1-ERG
TCGA-PRAD	PRAD	TCGA-EJ-5522	TCGA-EJ-5522-01A	1-ERG
TCGA-PRAD	PRAD	TCGA-EJ-5524	TCGA-EJ-5524-01A	1-ERG
TCGA-PRAD	PRAD	TCGA-EJ-5525	TCGA-EJ-5525-01A	1-ERG
TCGA-PRAD	PRAD	TCGA-EJ-5526	TCGA-EJ-5526-01A	1-ERG
TCGA-PRAD	PRAD	TCGA-EJ-5527	TCGA-EJ-5527-01A	1-ERG
TCGA-PRAD	PRAD	TCGA-EJ-5530	TCGA-EJ-5530-01A	1-ERG
TCGA-PRAD	PRAD	TCGA-EJ-5531	TCGA-EJ-5531-01A	5-SPOP
TCGA-PRAD	PRAD	TCGA-EJ-5532	TCGA-EJ-5532-01A	8-other
TCGA-PRAD	PRAD	TCGA-EJ-5542	TCGA-EJ-5542-01A	1-ERG
TCGA-PRAD	PRAD	TCGA-EJ-7115	TCGA-EJ-7115-01A	5-SPOP
TCGA-PRAD	PRAD	TCGA-EJ-7123	TCGA-EJ-7123-01A	5-SPOP
TCGA-PRAD	PRAD	TCGA-EJ-7125	TCGA-EJ-7125-01A	7-IDH1
TCGA-PRAD	PRAD	TCGA-EJ-7314	TCGA-EJ-7314-01A	1-ERG
TCGA-PRAD	PRAD	TCGA-EJ-7315	TCGA-EJ-7315-01A	1-ERG
TCGA-PRAD	PRAD	TCGA-EJ-7317	TCGA-EJ-7317-01A	8-other
TCGA-PRAD	PRAD	TCGA-EJ-7321	TCGA-EJ-7321-01A	1-ERG
TCGA-PRAD	PRAD	TCGA-EJ-7327	TCGA-EJ-7327-01A	1-ERG
TCGA-PRAD	PRAD	TCGA-EJ-7328	TCGA-EJ-7328-01A	1-ERG
TCGA-PRAD	PRAD	TCGA-EJ-7330	TCGA-EJ-7330-01A	5-SPOP
TCGA-PRAD	PRAD	TCGA-EJ-7331	TCGA-EJ-7331-01A	8-other
TCGA-PRAD	PRAD	TCGA-EJ-7781	TCGA-EJ-7781-01A	8-other
TCGA-PRAD	PRAD	TCGA-EJ-7782	TCGA-EJ-7782-01A	5-SPOP
TCGA-PRAD	PRAD	TCGA-EJ-7783	TCGA-EJ-7783-01A	1-ERG
TCGA-PRAD	PRAD	TCGA-EJ-7784	TCGA-EJ-7784-01A	1-ERG
TCGA-PRAD	PRAD	TCGA-EJ-7785	TCGA-EJ-7785-01A	1-ERG
TCGA-PRAD	PRAD	TCGA-EJ-7786	TCGA-EJ-7786-01A	8-other
TCGA-PRAD	PRAD	TCGA-EJ-7788	TCGA-EJ-7788-01A	2-ETV1
TCGA-PRAD	PRAD	TCGA-EJ-7789	TCGA-EJ-7789-01A	6-FOXA1
TCGA-PRAD	PRAD	TCGA-EJ-7791	TCGA-EJ-7791-01A	8-other
TCGA-PRAD	PRAD	TCGA-EJ-7792	TCGA-EJ-7792-01A	8-other
TCGA-PRAD	PRAD	TCGA-EJ-7793	TCGA-EJ-7793-01A	1-ERG
TCGA-PRAD	PRAD	TCGA-EJ-7794	TCGA-EJ-7794-01A	8-other
TCGA-PRAD	PRAD	TCGA-EJ-7797	TCGA-EJ-7797-01A	1-ERG
TCGA-PRAD	PRAD	TCGA-EJ-8468	TCGA-EJ-8468-01A	5-SPOP
TCGA-PRAD	PRAD	TCGA-EJ-8469	TCGA-EJ-8469-01A	1-ERG
TCGA-PRAD	PRAD	TCGA-EJ-8470	TCGA-EJ-8470-01A	8-other
TCGA-PRAD	PRAD	TCGA-EJ-8472	TCGA-EJ-8472-01A	1-ERG
TCGA-PRAD	PRAD	TCGA-EJ-8474	TCGA-EJ-8474-01A	2-ETV1
TCGA-PRAD	PRAD	TCGA-EJ-A46D	TCGA-EJ-A46D-01A	1-ERG
TCGA-PRAD	PRAD	TCGA-EJ-A46G	TCGA-EJ-A46G-01A	8-other
TCGA-PRAD	PRAD	TCGA-EJ-A46I	TCGA-EJ-A46I-01A	8-other
TCGA-PRAD	PRAD	TCGA-EJ-A65E	TCGA-EJ-A65E-01A	5-SPOP
TCGA-PRAD	PRAD	TCGA-EJ-A65F	TCGA-EJ-A65F-01A	1-ERG
TCGA-PRAD	PRAD	TCGA-EJ-A65G	TCGA-EJ-A65G-01A	8-other
TCGA-PRAD	PRAD	TCGA-EJ-A65J	TCGA-EJ-A65J-01A	8-other
TCGA-PRAD	PRAD	TCGA-EJ-A6RA	TCGA-EJ-A6RA-01A	8-other
TCGA-PRAD	PRAD	TCGA-EJ-A6RC	TCGA-EJ-A6RC-01A	8-other
TCGA-PRAD	PRAD	TCGA-EJ-A7NF	TCGA-EJ-A7NF-01A	1-ERG
TCGA-PRAD	PRAD	TCGA-EJ-A7NG	TCGA-EJ-A7NG-01A	1-ERG
TCGA-PRAD	PRAD	TCGA-EJ-A7NH	TCGA-EJ-A7NH-01A	2-ETV1
TCGA-PRAD	PRAD	TCGA-EJ-A7NJ	TCGA-EJ-A7NJ-01A	8-other
TCGA-PRAD	PRAD	TCGA-EJ-A7NK	TCGA-EJ-A7NK-01A	1-ERG
TCGA-PRAD	PRAD	TCGA-EJ-A7NM	TCGA-EJ-A7NM-01A	3-ETV4
TCGA-PRAD	PRAD	TCGA-EJ-A8FN	TCGA-EJ-A8FN-01A	8-other
TCGA-PRAD	PRAD	TCGA-EJ-A8FS	TCGA-EJ-A8FS-01A	5-SPOP
TCGA-PRAD	PRAD	TCGA-EJ-A8FU	TCGA-EJ-A8FU-01A	2-ETV1
TCGA-THCA	THCA	TCGA-EL-A3CL	TCGA-EL-A3CL-01A	5
TCGA-THCA	THCA	TCGA-EL-A3CM	TCGA-EL-A3CM-01A	4
TCGA-THCA	THCA	TCGA-EL-A3CN	TCGA-EL-A3CN-01A	4
TCGA-THCA	THCA	TCGA-EL-A3CO	TCGA-EL-A3CO-01A	2
TCGA-THCA	THCA	TCGA-EL-A3CP	TCGA-EL-A3CP-01A	5
TCGA-THCA	THCA	TCGA-EL-A3CR	TCGA-EL-A3CR-01A	4
TCGA-THCA	THCA	TCGA-EL-A3CS	TCGA-EL-A3CS-01A	3
TCGA-THCA	THCA	TCGA-EL-A3CT	TCGA-EL-A3CT-01A	4
TCGA-THCA	THCA	TCGA-EL-A3CU	TCGA-EL-A3CU-01A	4
TCGA-THCA	THCA	TCGA-EL-A3CV	TCGA-EL-A3CV-01A	4
TCGA-THCA	THCA	TCGA-EL-A3CW	TCGA-EL-A3CW-01A	2
TCGA-THCA	THCA	TCGA-EL-A3CX	TCGA-EL-A3CX-01A	1
TCGA-THCA	THCA	TCGA-EL-A3CY	TCGA-EL-A3CY-01A	4
TCGA-THCA	THCA	TCGA-EL-A3CZ	TCGA-EL-A3CZ-01A	1
TCGA-THCA	THCA	TCGA-EL-A3D0	TCGA-EL-A3D0-01A	5
TCGA-THCA	THCA	TCGA-EL-A3D5	TCGA-EL-A3D5-01A	1
TCGA-THCA	THCA	TCGA-EL-A3D6	TCGA-EL-A3D6-01A	4
TCGA-THCA	THCA	TCGA-EL-A3GO	TCGA-EL-A3GO-01A	1
TCGA-THCA	THCA	TCGA-EL-A3GP	TCGA-EL-A3GP-01A	4
TCGA-THCA	THCA	TCGA-EL-A3GQ	TCGA-EL-A3GQ-01A	2
TCGA-THCA	THCA	TCGA-EL-A3GR	TCGA-EL-A3GR-01A	3
TCGA-THCA	THCA	TCGA-EL-A3GS	TCGA-EL-A3GS-01A	3
TCGA-THCA	THCA	TCGA-EL-A3GU	TCGA-EL-A3GU-01A	4
TCGA-THCA	THCA	TCGA-EL-A3GV	TCGA-EL-A3GV-01A	5
TCGA-THCA	THCA	TCGA-EL-A3GW	TCGA-EL-A3GW-01A	1
TCGA-THCA	THCA	TCGA-EL-A3GX	TCGA-EL-A3GX-01A	4
TCGA-THCA	THCA	TCGA-EL-A3GY	TCGA-EL-A3GY-01A	3
TCGA-THCA	THCA	TCGA-EL-A3GZ	TCGA-EL-A3GZ-01A	5
TCGA-THCA	THCA	TCGA-EL-A3H1	TCGA-EL-A3H1-01A	1
TCGA-THCA	THCA	TCGA-EL-A3H2	TCGA-EL-A3H2-01A	1
TCGA-THCA	THCA	TCGA-EL-A3H3	TCGA-EL-A3H3-01A	2
TCGA-THCA	THCA	TCGA-EL-A3H4	TCGA-EL-A3H4-01A	3
TCGA-THCA	THCA	TCGA-EL-A3H5	TCGA-EL-A3H5-01A	4
TCGA-THCA	THCA	TCGA-EL-A3H7	TCGA-EL-A3H7-01A	4
TCGA-THCA	THCA	TCGA-EL-A3H8	TCGA-EL-A3H8-01A	3
TCGA-THCA	THCA	TCGA-EL-A3MW	TCGA-EL-A3MW-01A	5
TCGA-THCA	THCA	TCGA-EL-A3MX	TCGA-EL-A3MX-01A	5
TCGA-THCA	THCA	TCGA-EL-A3MY	TCGA-EL-A3MY-01A	4
TCGA-THCA	THCA	TCGA-EL-A3MZ	TCGA-EL-A3MZ-01A	4
TCGA-THCA	THCA	TCGA-EL-A3N2	TCGA-EL-A3N2-01A	3
TCGA-THCA	THCA	TCGA-EL-A3N3	TCGA-EL-A3N3-01A	4
TCGA-THCA	THCA	TCGA-EL-A3T0	TCGA-EL-A3T0-01A	2
TCGA-THCA	THCA	TCGA-EL-A3T1	TCGA-EL-A3T1-01A	4
TCGA-THCA	THCA	TCGA-EL-A3T2	TCGA-EL-A3T2-01A	1
TCGA-THCA	THCA	TCGA-EL-A3T3	TCGA-EL-A3T3-01A	3
TCGA-THCA	THCA	TCGA-EL-A3T6	TCGA-EL-A3T6-01A	4
TCGA-THCA	THCA	TCGA-EL-A3T7	TCGA-EL-A3T7-01A	5
TCGA-THCA	THCA	TCGA-EL-A3T8	TCGA-EL-A3T8-01A	3
TCGA-THCA	THCA	TCGA-EL-A3T9	TCGA-EL-A3T9-01A	4
TCGA-THCA	THCA	TCGA-EL-A3TA	TCGA-EL-A3TA-01A	2
TCGA-THCA	THCA	TCGA-EL-A3TB	TCGA-EL-A3TB-01A	5
TCGA-THCA	THCA	TCGA-EL-A3ZG	TCGA-EL-A3ZG-01A	3
TCGA-THCA	THCA	TCGA-EL-A3ZH	TCGA-EL-A3ZH-01A	1
TCGA-THCA	THCA	TCGA-EL-A3ZK	TCGA-EL-A3ZK-01A	3
TCGA-THCA	THCA	TCGA-EL-A3ZL	TCGA-EL-A3ZL-01A	5
TCGA-THCA	THCA	TCGA-EL-A3ZM	TCGA-EL-A3ZM-01A	4
TCGA-THCA	THCA	TCGA-EL-A3ZN	TCGA-EL-A3ZN-01A	5
TCGA-THCA	THCA	TCGA-EL-A3ZO	TCGA-EL-A3ZO-01A	4
TCGA-THCA	THCA	TCGA-EL-A3ZP	TCGA-EL-A3ZP-01A	2
TCGA-THCA	THCA	TCGA-EL-A3ZQ	TCGA-EL-A3ZQ-01A	5
TCGA-THCA	THCA	TCGA-EL-A3ZR	TCGA-EL-A3ZR-01A	1
TCGA-THCA	THCA	TCGA-EL-A3ZS	TCGA-EL-A3ZS-01A	2
TCGA-THCA	THCA	TCGA-EL-A3ZT	TCGA-EL-A3ZT-01A	3
TCGA-THCA	THCA	TCGA-EL-A4JV	TCGA-EL-A4JV-01A	1
TCGA-THCA	THCA	TCGA-EL-A4JW	TCGA-EL-A4JW-01A	3
TCGA-THCA	THCA	TCGA-EL-A4JX	TCGA-EL-A4JX-01A	4
TCGA-THCA	THCA	TCGA-EL-A4JZ	TCGA-EL-A4JZ-01A	4
TCGA-THCA	THCA	TCGA-EL-A4K0	TCGA-EL-A4K0-01A	5
TCGA-THCA	THCA	TCGA-EL-A4K1	TCGA-EL-A4K1-01A	4
TCGA-THCA	THCA	TCGA-EL-A4K2	TCGA-EL-A4K2-01A	1
TCGA-THCA	THCA	TCGA-EL-A4K4	TCGA-EL-A4K4-01A	4
TCGA-THCA	THCA	TCGA-EL-A4K6	TCGA-EL-A4K6-01A	1
TCGA-THCA	THCA	TCGA-EL-A4K7	TCGA-EL-A4K7-01A	5
TCGA-THCA	THCA	TCGA-EL-A4K9	TCGA-EL-A4K9-01A	5
TCGA-THCA	THCA	TCGA-EL-A4KD	TCGA-EL-A4KD-01A	5
TCGA-THCA	THCA	TCGA-EL-A4KG	TCGA-EL-A4KG-01A	4
TCGA-THCA	THCA	TCGA-EL-A4KH	TCGA-EL-A4KH-01A	5
TCGA-THCA	THCA	TCGA-EL-A4KI	TCGA-EL-A4KI-01A	1
TCGA-THCA	THCA	TCGA-EM-A1CS	TCGA-EM-A1CS-01A	5
TCGA-THCA	THCA	TCGA-EM-A1CT	TCGA-EM-A1CT-01A	3
TCGA-THCA	THCA	TCGA-EM-A1CU	TCGA-EM-A1CU-01A	3
TCGA-THCA	THCA	TCGA-EM-A1CV	TCGA-EM-A1CV-01A	5
TCGA-THCA	THCA	TCGA-EM-A1CW	TCGA-EM-A1CW-01A	1
TCGA-THCA	THCA	TCGA-EM-A1YA	TCGA-EM-A1YA-01A	1
TCGA-THCA	THCA	TCGA-EM-A1YB	TCGA-EM-A1YB-01A	1
TCGA-THCA	THCA	TCGA-EM-A1YC	TCGA-EM-A1YC-01A	1
TCGA-THCA	THCA	TCGA-EM-A1YD	TCGA-EM-A1YD-01A	1
TCGA-THCA	THCA	TCGA-EM-A1YE	TCGA-EM-A1YE-01A	1
TCGA-THCA	THCA	TCGA-EM-A22I	TCGA-EM-A22I-01A	4
TCGA-THCA	THCA	TCGA-EM-A22J	TCGA-EM-A22J-01A	1
TCGA-THCA	THCA	TCGA-EM-A22K	TCGA-EM-A22K-01A	1
TCGA-THCA	THCA	TCGA-EM-A22L	TCGA-EM-A22L-01A	1
TCGA-THCA	THCA	TCGA-EM-A22N	TCGA-EM-A22N-01A	1
TCGA-THCA	THCA	TCGA-EM-A22O	TCGA-EM-A22O-01A	3
TCGA-THCA	THCA	TCGA-EM-A22P	TCGA-EM-A22P-01A	4
TCGA-THCA	THCA	TCGA-EM-A22Q	TCGA-EM-A22Q-01A	1
TCGA-THCA	THCA	TCGA-EM-A2CJ	TCGA-EM-A2CJ-01A	1
TCGA-THCA	THCA	TCGA-EM-A2CK	TCGA-EM-A2CK-01A	1
TCGA-THCA	THCA	TCGA-EM-A2CL	TCGA-EM-A2CL-01A	1
TCGA-THCA	THCA	TCGA-EM-A2CN	TCGA-EM-A2CN-01A	1
TCGA-THCA	THCA	TCGA-EM-A2CO	TCGA-EM-A2CO-01A	1
TCGA-THCA	THCA	TCGA-EM-A2CP	TCGA-EM-A2CP-01A	1
TCGA-THCA	THCA	TCGA-EM-A2CQ	TCGA-EM-A2CQ-01A	1
TCGA-THCA	THCA	TCGA-EM-A2CR	TCGA-EM-A2CR-01A	1
TCGA-THCA	THCA	TCGA-EM-A2CS	TCGA-EM-A2CS-01A	5
TCGA-THCA	THCA	TCGA-EM-A2CT	TCGA-EM-A2CT-01A	1
TCGA-THCA	THCA	TCGA-EM-A2CU	TCGA-EM-A2CU-01A	5
TCGA-THCA	THCA	TCGA-EM-A2OV	TCGA-EM-A2OV-01A	1
TCGA-THCA	THCA	TCGA-EM-A2OW	TCGA-EM-A2OW-01A	1
TCGA-THCA	THCA	TCGA-EM-A2OX	TCGA-EM-A2OX-01A	5
TCGA-THCA	THCA	TCGA-EM-A2OY	TCGA-EM-A2OY-01A	1
TCGA-THCA	THCA	TCGA-EM-A2OZ	TCGA-EM-A2OZ-01A	3
TCGA-THCA	THCA	TCGA-EM-A2P0	TCGA-EM-A2P0-01A	3
TCGA-THCA	THCA	TCGA-EM-A2P1	TCGA-EM-A2P1-01A	4
TCGA-THCA	THCA	TCGA-EM-A2P2	TCGA-EM-A2P2-01A	1
TCGA-THCA	THCA	TCGA-EM-A2P3	TCGA-EM-A2P3-01A	4
TCGA-THCA	THCA	TCGA-EM-A3AI	TCGA-EM-A3AI-01A	1
TCGA-THCA	THCA	TCGA-EM-A3AJ	TCGA-EM-A3AJ-01A	1
TCGA-THCA	THCA	TCGA-EM-A3AK	TCGA-EM-A3AK-01A	5
TCGA-THCA	THCA	TCGA-EM-A3AL	TCGA-EM-A3AL-01A	1
TCGA-THCA	THCA	TCGA-EM-A3AN	TCGA-EM-A3AN-01A	5
TCGA-THCA	THCA	TCGA-EM-A3AO	TCGA-EM-A3AO-01A	5
TCGA-THCA	THCA	TCGA-EM-A3AP	TCGA-EM-A3AP-01A	1
TCGA-THCA	THCA	TCGA-EM-A3AQ	TCGA-EM-A3AQ-01A	5
TCGA-THCA	THCA	TCGA-EM-A3AR	TCGA-EM-A3AR-01A	2
TCGA-THCA	THCA	TCGA-EM-A3FJ	TCGA-EM-A3FJ-01A	5
TCGA-THCA	THCA	TCGA-EM-A3FK	TCGA-EM-A3FK-01A	3
TCGA-THCA	THCA	TCGA-EM-A3FL	TCGA-EM-A3FL-01A	1
TCGA-THCA	THCA	TCGA-EM-A3FM	TCGA-EM-A3FM-01A	4
TCGA-THCA	THCA	TCGA-EM-A3FN	TCGA-EM-A3FN-01A	1
TCGA-THCA	THCA	TCGA-EM-A3FO	TCGA-EM-A3FO-01A	5
TCGA-THCA	THCA	TCGA-EM-A3FP	TCGA-EM-A3FP-01A	1
TCGA-THCA	THCA	TCGA-EM-A3FQ	TCGA-EM-A3FQ-01A	2
TCGA-THCA	THCA	TCGA-EM-A3FR	TCGA-EM-A3FR-01A	1
TCGA-THCA	THCA	TCGA-EM-A3O3	TCGA-EM-A3O3-01A	4
TCGA-THCA	THCA	TCGA-EM-A3O6	TCGA-EM-A3O6-01A	1
TCGA-THCA	THCA	TCGA-EM-A3O7	TCGA-EM-A3O7-01A	5
TCGA-THCA	THCA	TCGA-EM-A3O8	TCGA-EM-A3O8-01A	1
TCGA-THCA	THCA	TCGA-EM-A3O9	TCGA-EM-A3O9-01A	1
TCGA-THCA	THCA	TCGA-EM-A3OA	TCGA-EM-A3OA-01A	1
TCGA-THCA	THCA	TCGA-EM-A3OB	TCGA-EM-A3OB-01A	1
TCGA-THCA	THCA	TCGA-EM-A3ST	TCGA-EM-A3ST-01A	1
TCGA-THCA	THCA	TCGA-EM-A3SU	TCGA-EM-A3SU-01A	4
TCGA-THCA	THCA	TCGA-EM-A3SX	TCGA-EM-A3SX-01A	5
TCGA-THCA	THCA	TCGA-EM-A3SY	TCGA-EM-A3SY-01A	1
TCGA-THCA	THCA	TCGA-EM-A3SZ	TCGA-EM-A3SZ-01A	4
TCGA-THCA	THCA	TCGA-EM-A4FF	TCGA-EM-A4FF-01A	4
TCGA-THCA	THCA	TCGA-EM-A4FH	TCGA-EM-A4FH-01A	1
TCGA-THCA	THCA	TCGA-EM-A4FK	TCGA-EM-A4FK-01A	1
TCGA-THCA	THCA	TCGA-EM-A4FM	TCGA-EM-A4FM-01A	4
TCGA-THCA	THCA	TCGA-EM-A4FN	TCGA-EM-A4FN-01A	3
TCGA-THCA	THCA	TCGA-EM-A4FO	TCGA-EM-A4FO-01A	2
TCGA-THCA	THCA	TCGA-EM-A4FQ	TCGA-EM-A4FQ-01A	4
TCGA-THCA	THCA	TCGA-EM-A4FR	TCGA-EM-A4FR-01A	1
TCGA-THCA	THCA	TCGA-EM-A4FU	TCGA-EM-A4FU-01A	1
TCGA-THCA	THCA	TCGA-EM-A4FV	TCGA-EM-A4FV-01A	2
TCGA-THCA	THCA	TCGA-EM-A4G1	TCGA-EM-A4G1-01A	1
TCGA-UCEC	UCEC	TCGA-EO-A1Y5	TCGA-EO-A1Y5-01A	CN HIGH
TCGA-UCEC	UCEC	TCGA-EO-A1Y7	TCGA-EO-A1Y7-01A	CN HIGH
TCGA-UCEC	UCEC	TCGA-EO-A1Y8	TCGA-EO-A1Y8-01A	CN HIGH
TCGA-UCEC	UCEC	TCGA-EO-A22R	TCGA-EO-A22R-01A	POLE
TCGA-UCEC	UCEC	TCGA-EO-A22S	TCGA-EO-A22S-01A	MSI
TCGA-UCEC	UCEC	TCGA-EO-A22T	TCGA-EO-A22T-01A	MSI
TCGA-UCEC	UCEC	TCGA-EO-A22U	TCGA-EO-A22U-01A	POLE
TCGA-UCEC	UCEC	TCGA-EO-A22X	TCGA-EO-A22X-01A	POLE
TCGA-UCEC	UCEC	TCGA-EO-A22Y	TCGA-EO-A22Y-01A	CN LOW
TCGA-UCEC	UCEC	TCGA-EO-A2CG	TCGA-EO-A2CG-01A	CN HIGH
TCGA-UCEC	UCEC	TCGA-EO-A2CH	TCGA-EO-A2CH-01A	CN HIGH
TCGA-UCEC	UCEC	TCGA-EO-A3AS	TCGA-EO-A3AS-01A	CN HIGH
TCGA-UCEC	UCEC	TCGA-EO-A3AU	TCGA-EO-A3AU-01A	MSI
TCGA-UCEC	UCEC	TCGA-EO-A3AV	TCGA-EO-A3AV-01A	POLE
TCGA-UCEC	UCEC	TCGA-EO-A3AY	TCGA-EO-A3AY-01A	POLE
TCGA-UCEC	UCEC	TCGA-EO-A3AZ	TCGA-EO-A3AZ-01A	MSI
TCGA-UCEC	UCEC	TCGA-EO-A3B0	TCGA-EO-A3B0-01A	POLE
TCGA-UCEC	UCEC	TCGA-EO-A3B1	TCGA-EO-A3B1-01A	CN HIGH
TCGA-UCEC	UCEC	TCGA-EO-A3KU	TCGA-EO-A3KU-01A	CN HIGH
TCGA-UCEC	UCEC	TCGA-EO-A3KW	TCGA-EO-A3KW-01A	CN HIGH
TCGA-UCEC	UCEC	TCGA-EO-A3KX	TCGA-EO-A3KX-01A	MSI
TCGA-UCEC	UCEC	TCGA-EO-A3L0	TCGA-EO-A3L0-01A	CN LOW
TCGA-LIHC	LIHC	TCGA-EP-A12J	TCGA-EP-A12J-01A	iCluster:2
TCGA-LIHC	LIHC	TCGA-EP-A26S	TCGA-EP-A26S-01A	iCluster:3
TCGA-LIHC	LIHC	TCGA-EP-A2KA	TCGA-EP-A2KA-01A	iCluster:2
TCGA-LIHC	LIHC	TCGA-EP-A2KB	TCGA-EP-A2KB-01A	iCluster:2
TCGA-LIHC	LIHC	TCGA-EP-A2KC	TCGA-EP-A2KC-01A	iCluster:3
TCGA-LIHC	LIHC	TCGA-EP-A3JL	TCGA-EP-A3JL-01A	iCluster:2
TCGA-LIHC	LIHC	TCGA-EP-A3RK	TCGA-EP-A3RK-01A	iCluster:2
TCGA-STAD	STAD	TCGA-EQ-8122	TCGA-EQ-8122-01A	GI.CIN
TCGA-STAD	STAD	TCGA-EQ-A4SO	TCGA-EQ-A4SO-01A	GI.CIN
TCGA-SKCM	SKCM	TCGA-ER-A193	TCGA-ER-A193-06A	BRAF Hotspot Mutants
TCGA-SKCM	SKCM	TCGA-ER-A194	TCGA-ER-A194-01A	RAS Hotspot Mutants
TCGA-SKCM	SKCM	TCGA-ER-A195	TCGA-ER-A195-06A	RAS Hotspot Mutants
TCGA-SKCM	SKCM	TCGA-ER-A196	TCGA-ER-A196-01A	Triple WT
TCGA-SKCM	SKCM	TCGA-ER-A197	TCGA-ER-A197-06A	Triple WT
TCGA-SKCM	SKCM	TCGA-ER-A198	TCGA-ER-A198-06A	BRAF Hotspot Mutants
TCGA-SKCM	SKCM	TCGA-ER-A199	TCGA-ER-A199-06A	RAS Hotspot Mutants
TCGA-SKCM	SKCM	TCGA-ER-A19A	TCGA-ER-A19A-06A	NF1 Any Mutants
TCGA-SKCM	SKCM	TCGA-ER-A19B	TCGA-ER-A19B-06A	BRAF Hotspot Mutants
TCGA-SKCM	SKCM	TCGA-ER-A19C	TCGA-ER-A19C-06A	BRAF Hotspot Mutants
TCGA-SKCM	SKCM	TCGA-ER-A19D	TCGA-ER-A19D-06A	RAS Hotspot Mutants
TCGA-SKCM	SKCM	TCGA-ER-A19E	TCGA-ER-A19E-06A	BRAF Hotspot Mutants
TCGA-SKCM	SKCM	TCGA-ER-A19F	TCGA-ER-A19F-06A	NF1 Any Mutants
TCGA-SKCM	SKCM	TCGA-ER-A19G	TCGA-ER-A19G-06A	BRAF Hotspot Mutants
TCGA-SKCM	SKCM	TCGA-ER-A19H	TCGA-ER-A19H-06A	BRAF Hotspot Mutants
TCGA-SKCM	SKCM	TCGA-ER-A19J	TCGA-ER-A19J-06A	BRAF Hotspot Mutants
TCGA-SKCM	SKCM	TCGA-ER-A19K	TCGA-ER-A19K-01A	BRAF Hotspot Mutants
TCGA-SKCM	SKCM	TCGA-ER-A19L	TCGA-ER-A19L-06A	Triple WT
TCGA-SKCM	SKCM	TCGA-ER-A19M	TCGA-ER-A19M-06A	BRAF Hotspot Mutants
TCGA-SKCM	SKCM	TCGA-ER-A19N	TCGA-ER-A19N-06A	RAS Hotspot Mutants
TCGA-SKCM	SKCM	TCGA-ER-A19O	TCGA-ER-A19O-06A	BRAF Hotspot Mutants
TCGA-SKCM	SKCM	TCGA-ER-A19P	TCGA-ER-A19P-06A	BRAF Hotspot Mutants
TCGA-SKCM	SKCM	TCGA-ER-A19Q	TCGA-ER-A19Q-06A	BRAF Hotspot Mutants
TCGA-SKCM	SKCM	TCGA-ER-A19S	TCGA-ER-A19S-06A	BRAF Hotspot Mutants
TCGA-SKCM	SKCM	TCGA-ER-A19T	TCGA-ER-A19T-01A	-
TCGA-SKCM	SKCM	TCGA-ER-A19T	TCGA-ER-A19T-06A	Triple WT
TCGA-SKCM	SKCM	TCGA-ER-A19W	TCGA-ER-A19W-06A	RAS Hotspot Mutants
TCGA-SKCM	SKCM	TCGA-ER-A1A1	TCGA-ER-A1A1-06A	Triple WT
TCGA-SKCM	SKCM	TCGA-ER-A2NB	TCGA-ER-A2NB-01A	RAS Hotspot Mutants
TCGA-SKCM	SKCM	TCGA-ER-A2NC	TCGA-ER-A2NC-06A	-
TCGA-SKCM	SKCM	TCGA-ER-A2ND	TCGA-ER-A2ND-06A	BRAF Hotspot Mutants
TCGA-SKCM	SKCM	TCGA-ER-A2NE	TCGA-ER-A2NE-06A	RAS Hotspot Mutants
TCGA-SKCM	SKCM	TCGA-ER-A2NF	TCGA-ER-A2NF-01A	-
TCGA-SKCM	SKCM	TCGA-ER-A2NF	TCGA-ER-A2NF-06A	Triple WT
TCGA-SKCM	SKCM	TCGA-ER-A2NG	TCGA-ER-A2NG-06A	BRAF Hotspot Mutants
TCGA-SKCM	SKCM	TCGA-ER-A2NH	TCGA-ER-A2NH-06A	RAS Hotspot Mutants
TCGA-SKCM	SKCM	TCGA-ER-A3ES	TCGA-ER-A3ES-06A	Triple WT
TCGA-SKCM	SKCM	TCGA-ER-A3ET	TCGA-ER-A3ET-06A	Triple WT
TCGA-SKCM	SKCM	TCGA-ER-A3EV	TCGA-ER-A3EV-06A	Triple WT
TCGA-SKCM	SKCM	TCGA-ER-A3PL	TCGA-ER-A3PL-06A	BRAF Hotspot Mutants
TCGA-SKCM	SKCM	TCGA-ER-A42H	TCGA-ER-A42H-01A	Triple WT
TCGA-SKCM	SKCM	TCGA-ER-A42K	TCGA-ER-A42K-06A	BRAF Hotspot Mutants
TCGA-SKCM	SKCM	TCGA-ER-A42L	TCGA-ER-A42L-06A	BRAF Hotspot Mutants
TCGA-LIHC	LIHC	TCGA-ES-A2HS	TCGA-ES-A2HS-01A	iCluster:2
TCGA-LIHC	LIHC	TCGA-ES-A2HT	TCGA-ES-A2HT-01A	iCluster:1
TCGA-THCA	THCA	TCGA-ET-A25G	TCGA-ET-A25G-01A	4
TCGA-THCA	THCA	TCGA-ET-A25I	TCGA-ET-A25I-01A	1
TCGA-THCA	THCA	TCGA-ET-A25J	TCGA-ET-A25J-01A	4
TCGA-THCA	THCA	TCGA-ET-A25K	TCGA-ET-A25K-01A	5
TCGA-THCA	THCA	TCGA-ET-A25L	TCGA-ET-A25L-01A	4
TCGA-THCA	THCA	TCGA-ET-A25M	TCGA-ET-A25M-01A	4
TCGA-THCA	THCA	TCGA-ET-A25N	TCGA-ET-A25N-01A	3
TCGA-THCA	THCA	TCGA-ET-A25O	TCGA-ET-A25O-01A	5
TCGA-THCA	THCA	TCGA-ET-A25P	TCGA-ET-A25P-01A	1
TCGA-THCA	THCA	TCGA-ET-A25R	TCGA-ET-A25R-01A	4
TCGA-THCA	THCA	TCGA-ET-A2MX	TCGA-ET-A2MX-01A	3
TCGA-THCA	THCA	TCGA-ET-A2MY	TCGA-ET-A2MY-01A	4
TCGA-THCA	THCA	TCGA-ET-A2MZ	TCGA-ET-A2MZ-01A	5
TCGA-THCA	THCA	TCGA-ET-A2N0	TCGA-ET-A2N0-01A	4
TCGA-THCA	THCA	TCGA-ET-A2N3	TCGA-ET-A2N3-01B	1
TCGA-THCA	THCA	TCGA-ET-A2N4	TCGA-ET-A2N4-01A	5
TCGA-THCA	THCA	TCGA-ET-A2N5	TCGA-ET-A2N5-01A	1
TCGA-THCA	THCA	TCGA-ET-A39I	TCGA-ET-A39I-01A	1
TCGA-THCA	THCA	TCGA-ET-A39J	TCGA-ET-A39J-01A	5
TCGA-THCA	THCA	TCGA-ET-A39K	TCGA-ET-A39K-01A	5
TCGA-THCA	THCA	TCGA-ET-A39L	TCGA-ET-A39L-01A	5
TCGA-THCA	THCA	TCGA-ET-A39M	TCGA-ET-A39M-01A	5
TCGA-THCA	THCA	TCGA-ET-A39N	TCGA-ET-A39N-01A	1
TCGA-THCA	THCA	TCGA-ET-A39O	TCGA-ET-A39O-01A	4
TCGA-THCA	THCA	TCGA-ET-A39P	TCGA-ET-A39P-01A	4
TCGA-THCA	THCA	TCGA-ET-A39R	TCGA-ET-A39R-01A	2
TCGA-THCA	THCA	TCGA-ET-A39S	TCGA-ET-A39S-01A	2
TCGA-THCA	THCA	TCGA-ET-A39T	TCGA-ET-A39T-01A	3
TCGA-THCA	THCA	TCGA-ET-A3BN	TCGA-ET-A3BN-01A	3
TCGA-THCA	THCA	TCGA-ET-A3BO	TCGA-ET-A3BO-01A	4
TCGA-THCA	THCA	TCGA-ET-A3BP	TCGA-ET-A3BP-01A	5
TCGA-THCA	THCA	TCGA-ET-A3BQ	TCGA-ET-A3BQ-01B	5
TCGA-THCA	THCA	TCGA-ET-A3BS	TCGA-ET-A3BS-01A	2
TCGA-THCA	THCA	TCGA-ET-A3BT	TCGA-ET-A3BT-01A	4
TCGA-THCA	THCA	TCGA-ET-A3BU	TCGA-ET-A3BU-01A	3
TCGA-THCA	THCA	TCGA-ET-A3BW	TCGA-ET-A3BW-01A	5
TCGA-THCA	THCA	TCGA-ET-A3BX	TCGA-ET-A3BX-01A	3
TCGA-THCA	THCA	TCGA-ET-A3DO	TCGA-ET-A3DO-01A	4
TCGA-THCA	THCA	TCGA-ET-A3DP	TCGA-ET-A3DP-01A	5
TCGA-THCA	THCA	TCGA-ET-A3DQ	TCGA-ET-A3DQ-01A	2
TCGA-THCA	THCA	TCGA-ET-A3DR	TCGA-ET-A3DR-01A	3
TCGA-THCA	THCA	TCGA-ET-A3DS	TCGA-ET-A3DS-01A	1
TCGA-THCA	THCA	TCGA-ET-A3DT	TCGA-ET-A3DT-01A	2
TCGA-THCA	THCA	TCGA-ET-A3DV	TCGA-ET-A3DV-01A	1
TCGA-THCA	THCA	TCGA-ET-A3DW	TCGA-ET-A3DW-01A	4
TCGA-THCA	THCA	TCGA-ET-A40P	TCGA-ET-A40P-01A	1
TCGA-THCA	THCA	TCGA-ET-A40Q	TCGA-ET-A40Q-01A	4
TCGA-THCA	THCA	TCGA-ET-A40R	TCGA-ET-A40R-01A	2
TCGA-THCA	THCA	TCGA-ET-A40S	TCGA-ET-A40S-01A	2
TCGA-THCA	THCA	TCGA-ET-A40T	TCGA-ET-A40T-01A	2
TCGA-THCA	THCA	TCGA-ET-A4KN	TCGA-ET-A4KN-01A	4
TCGA-THCA	THCA	TCGA-ET-A4KQ	TCGA-ET-A4KQ-01A	1
TCGA-KIRP	KIRP	TCGA-EV-5901	TCGA-EV-5901-01A	C1
TCGA-KIRP	KIRP	TCGA-EV-5902	TCGA-EV-5902-01A	C1
TCGA-KIRP	KIRP	TCGA-EV-5903	TCGA-EV-5903-01A	C1
TCGA-BRCA	BRCA	TCGA-EW-A1IW	TCGA-EW-A1IW-01A	LumA
TCGA-BRCA	BRCA	TCGA-EW-A1IX	TCGA-EW-A1IX-01A	LumA
TCGA-BRCA	BRCA	TCGA-EW-A1IY	TCGA-EW-A1IY-01A	LumB
TCGA-BRCA	BRCA	TCGA-EW-A1IZ	TCGA-EW-A1IZ-01A	LumA
TCGA-BRCA	BRCA	TCGA-EW-A1J1	TCGA-EW-A1J1-01A	LumA
TCGA-BRCA	BRCA	TCGA-EW-A1J2	TCGA-EW-A1J2-01A	LumA
TCGA-BRCA	BRCA	TCGA-EW-A1J3	TCGA-EW-A1J3-01A	LumA
TCGA-BRCA	BRCA	TCGA-EW-A1J5	TCGA-EW-A1J5-01A	LumA
TCGA-BRCA	BRCA	TCGA-EW-A1J6	TCGA-EW-A1J6-01A	LumB
TCGA-BRCA	BRCA	TCGA-EW-A1OV	TCGA-EW-A1OV-01A	Her2
TCGA-BRCA	BRCA	TCGA-EW-A1OW	TCGA-EW-A1OW-01A	Basal
TCGA-BRCA	BRCA	TCGA-EW-A1OX	TCGA-EW-A1OX-01A	LumB
TCGA-BRCA	BRCA	TCGA-EW-A1OY	TCGA-EW-A1OY-01A	LumB
TCGA-BRCA	BRCA	TCGA-EW-A1OZ	TCGA-EW-A1OZ-01A	LumB
TCGA-BRCA	BRCA	TCGA-EW-A1P0	TCGA-EW-A1P0-01A	LumB
TCGA-BRCA	BRCA	TCGA-EW-A1P1	TCGA-EW-A1P1-01A	Normal
TCGA-BRCA	BRCA	TCGA-EW-A1P3	TCGA-EW-A1P3-01A	LumA
TCGA-BRCA	BRCA	TCGA-EW-A1P4	TCGA-EW-A1P4-01A	Basal
TCGA-BRCA	BRCA	TCGA-EW-A1P5	TCGA-EW-A1P5-01A	LumA
TCGA-BRCA	BRCA	TCGA-EW-A1P6	TCGA-EW-A1P6-01A	LumA
TCGA-BRCA	BRCA	TCGA-EW-A1P7	TCGA-EW-A1P7-01A	Normal
TCGA-BRCA	BRCA	TCGA-EW-A1P8	TCGA-EW-A1P8-01A	Basal
TCGA-BRCA	BRCA	TCGA-EW-A1PA	TCGA-EW-A1PA-01A	LumA
TCGA-BRCA	BRCA	TCGA-EW-A1PB	TCGA-EW-A1PB-01A	Basal
TCGA-BRCA	BRCA	TCGA-EW-A1PC	TCGA-EW-A1PC-01B	LumB
TCGA-BRCA	BRCA	TCGA-EW-A1PD	TCGA-EW-A1PD-01A	LumA
TCGA-BRCA	BRCA	TCGA-EW-A1PE	TCGA-EW-A1PE-01A	LumA
TCGA-BRCA	BRCA	TCGA-EW-A1PF	TCGA-EW-A1PF-01A	LumA
TCGA-BRCA	BRCA	TCGA-EW-A1PG	TCGA-EW-A1PG-01A	Normal
TCGA-BRCA	BRCA	TCGA-EW-A1PH	TCGA-EW-A1PH-01A	Basal
TCGA-BRCA	BRCA	TCGA-EW-A2FR	TCGA-EW-A2FR-01A	Her2
TCGA-BRCA	BRCA	TCGA-EW-A2FS	TCGA-EW-A2FS-01A	LumA
TCGA-BRCA	BRCA	TCGA-EW-A2FV	TCGA-EW-A2FV-01A	LumA
TCGA-BRCA	BRCA	TCGA-EW-A2FW	TCGA-EW-A2FW-01A	LumB
TCGA-BRCA	BRCA	TCGA-EW-A3E8	TCGA-EW-A3E8-01B	LumA
TCGA-BRCA	BRCA	TCGA-EW-A3U0	TCGA-EW-A3U0-01A	Basal
TCGA-BRCA	BRCA	TCGA-EW-A423	TCGA-EW-A423-01A	LumA
TCGA-BRCA	BRCA	TCGA-EW-A424	TCGA-EW-A424-01A	LumA
TCGA-BRCA	BRCA	TCGA-EW-A6S9	TCGA-EW-A6S9-01A	LumA
TCGA-BRCA	BRCA	TCGA-EW-A6SA	TCGA-EW-A6SA-01A	LumB
TCGA-BRCA	BRCA	TCGA-EW-A6SB	TCGA-EW-A6SB-01A	Basal
TCGA-BRCA	BRCA	TCGA-EW-A6SC	TCGA-EW-A6SC-01A	LumA
TCGA-BRCA	BRCA	TCGA-EW-A6SD	TCGA-EW-A6SD-01A	Her2
TCGA-UCEC	UCEC	TCGA-EY-A1GC	TCGA-EY-A1GC-01A	CN HIGH
TCGA-UCEC	UCEC	TCGA-EY-A1GD	TCGA-EY-A1GD-01A	POLE
TCGA-UCEC	UCEC	TCGA-EY-A1GE	TCGA-EY-A1GE-01A	CN LOW
TCGA-UCEC	UCEC	TCGA-EY-A1GF	TCGA-EY-A1GF-01A	MSI
TCGA-UCEC	UCEC	TCGA-EY-A1GH	TCGA-EY-A1GH-01A	CN LOW
TCGA-UCEC	UCEC	TCGA-EY-A1GI	TCGA-EY-A1GI-01A	POLE
TCGA-UCEC	UCEC	TCGA-EY-A1GK	TCGA-EY-A1GK-01A	POLE
TCGA-UCEC	UCEC	TCGA-EY-A1GL	TCGA-EY-A1GL-01A	CN LOW
TCGA-UCEC	UCEC	TCGA-EY-A1GM	TCGA-EY-A1GM-01A	CN HIGH
TCGA-UCEC	UCEC	TCGA-EY-A1GO	TCGA-EY-A1GO-01A	MSI
TCGA-UCEC	UCEC	TCGA-EY-A1GP	TCGA-EY-A1GP-01A	CN HIGH
TCGA-UCEC	UCEC	TCGA-EY-A1GQ	TCGA-EY-A1GQ-01A	MSI
TCGA-UCEC	UCEC	TCGA-EY-A1GR	TCGA-EY-A1GR-01A	CN HIGH
TCGA-UCEC	UCEC	TCGA-EY-A1GS	TCGA-EY-A1GS-01A	CN HIGH
TCGA-UCEC	UCEC	TCGA-EY-A1GT	TCGA-EY-A1GT-01A	CN LOW
TCGA-UCEC	UCEC	TCGA-EY-A1GU	TCGA-EY-A1GU-01A	MSI
TCGA-UCEC	UCEC	TCGA-EY-A1GV	TCGA-EY-A1GV-01A	CN LOW
TCGA-UCEC	UCEC	TCGA-EY-A1GW	TCGA-EY-A1GW-01A	CN HIGH
TCGA-UCEC	UCEC	TCGA-EY-A1GX	TCGA-EY-A1GX-01A	CN HIGH
TCGA-UCEC	UCEC	TCGA-EY-A1H0	TCGA-EY-A1H0-01A	MSI
TCGA-UCEC	UCEC	TCGA-EY-A210	TCGA-EY-A210-01A	CN HIGH
TCGA-UCEC	UCEC	TCGA-EY-A212	TCGA-EY-A212-01A	CN HIGH
TCGA-UCEC	UCEC	TCGA-EY-A214	TCGA-EY-A214-01A	CN HIGH
TCGA-UCEC	UCEC	TCGA-EY-A215	TCGA-EY-A215-01A	POLE
TCGA-UCEC	UCEC	TCGA-EY-A2OM	TCGA-EY-A2OM-01A	MSI
TCGA-UCEC	UCEC	TCGA-EY-A2ON	TCGA-EY-A2ON-01A	CN HIGH
TCGA-UCEC	UCEC	TCGA-EY-A2OO	TCGA-EY-A2OO-01A	CN HIGH
TCGA-UCEC	UCEC	TCGA-EY-A2OP	TCGA-EY-A2OP-01A	MSI
TCGA-UCEC	UCEC	TCGA-EY-A2OQ	TCGA-EY-A2OQ-01A	CN HIGH
TCGA-UCEC	UCEC	TCGA-EY-A3L3	TCGA-EY-A3L3-01A	CN HIGH
TCGA-UCEC	UCEC	TCGA-EY-A3QX	TCGA-EY-A3QX-01A	CN HIGH
TCGA-UCEC	UCEC	TCGA-EY-A4KR	TCGA-EY-A4KR-01A	CN HIGH
TCGA-UCEC	UCEC	TCGA-EY-A547	TCGA-EY-A547-01A	CN HIGH
TCGA-UCEC	UCEC	TCGA-EY-A548	TCGA-EY-A548-01A	MSI
TCGA-UCEC	UCEC	TCGA-EY-A549	TCGA-EY-A549-01A	MSI
TCGA-UCEC	UCEC	TCGA-EY-A54A	TCGA-EY-A54A-01A	CN HIGH
TCGA-UCEC	UCEC	TCGA-EY-A5W2	TCGA-EY-A5W2-01A	MSI
TCGA-UCEC	UCEC	TCGA-EY-A72D	TCGA-EY-A72D-01A	CN HIGH
TCGA-LGG	LGG	TCGA-EZ-7264	TCGA-EZ-7264-01A	Codel
TCGA-STAD	STAD	TCGA-F1-6177	TCGA-F1-6177-01A	GI.MSI
TCGA-STAD	STAD	TCGA-F1-6874	TCGA-F1-6874-01A	GI.MSI
TCGA-STAD	STAD	TCGA-F1-6875	TCGA-F1-6875-01A	GI.CIN
TCGA-STAD	STAD	TCGA-F1-A448	TCGA-F1-A448-01A	GI.MSI
TCGA-STAD	STAD	TCGA-F1-A72C	TCGA-F1-A72C-01A	GI.CIN
TCGA-COAD	COAD	TCGA-F4-6459	TCGA-F4-6459-01A	GI.CIN
TCGA-COAD	COAD	TCGA-F4-6460	TCGA-F4-6460-01A	GI.CIN
TCGA-COAD	COAD	TCGA-F4-6461	TCGA-F4-6461-01A	GI.CIN
TCGA-COAD	COAD	TCGA-F4-6463	TCGA-F4-6463-01A	GI.GS
TCGA-COAD	COAD	TCGA-F4-6569	TCGA-F4-6569-01A	GI.CIN
TCGA-COAD	COAD	TCGA-F4-6570	TCGA-F4-6570-01A	GI.MSI
TCGA-COAD	COAD	TCGA-F4-6703	TCGA-F4-6703-01A	GI.MSI
TCGA-COAD	COAD	TCGA-F4-6704	TCGA-F4-6704-01A	GI.CIN
TCGA-COAD	COAD	TCGA-F4-6805	TCGA-F4-6805-01A	GI.CIN
TCGA-COAD	COAD	TCGA-F4-6806	TCGA-F4-6806-01A	GI.GS
TCGA-COAD	COAD	TCGA-F4-6807	TCGA-F4-6807-01A	GI.CIN
TCGA-COAD	COAD	TCGA-F4-6808	TCGA-F4-6808-01A	GI.CIN
TCGA-COAD	COAD	TCGA-F4-6809	TCGA-F4-6809-01A	GI.CIN
TCGA-COAD	COAD	TCGA-F4-6854	TCGA-F4-6854-01A	GI.CIN
TCGA-COAD	COAD	TCGA-F4-6855	TCGA-F4-6855-01A	GI.GS
TCGA-COAD	COAD	TCGA-F4-6856	TCGA-F4-6856-01A	GI.MSI
TCGA-READ	READ	TCGA-F5-6464	TCGA-F5-6464-01A	GI.CIN
TCGA-READ	READ	TCGA-F5-6465	TCGA-F5-6465-01A	GI.GS
TCGA-READ	READ	TCGA-F5-6571	TCGA-F5-6571-01A	GI.CIN
TCGA-READ	READ	TCGA-F5-6702	TCGA-F5-6702-01A	GI.CIN
TCGA-READ	READ	TCGA-F5-6810	TCGA-F5-6810-01A	GI.CIN
TCGA-READ	READ	TCGA-F5-6811	TCGA-F5-6811-01A	GI.CIN
TCGA-READ	READ	TCGA-F5-6812	TCGA-F5-6812-01A	GI.CIN
TCGA-READ	READ	TCGA-F5-6813	TCGA-F5-6813-01A	GI.CIN
TCGA-READ	READ	TCGA-F5-6814	TCGA-F5-6814-01A	GI.HM-SNV
TCGA-READ	READ	TCGA-F5-6861	TCGA-F5-6861-01A	GI.GS
TCGA-READ	READ	TCGA-F5-6863	TCGA-F5-6863-01A	GI.CIN
TCGA-READ	READ	TCGA-F5-6864	TCGA-F5-6864-01A	GI.CIN
TCGA-LGG	LGG	TCGA-F6-A8O3	TCGA-F6-A8O3-01A	Codel
TCGA-LGG	LGG	TCGA-F6-A8O4	TCGA-F6-A8O4-01A	G-CIMP-high
TCGA-HNSC	HNSC	TCGA-F7-7848	TCGA-F7-7848-01A	Atypical
TCGA-KIRP	KIRP	TCGA-F9-A4JJ	TCGA-F9-A4JJ-01A	C2c - CIMP
TCGA-PRAD	PRAD	TCGA-FC-7708	TCGA-FC-7708-01A	1-ERG
TCGA-PRAD	PRAD	TCGA-FC-7961	TCGA-FC-7961-01A	5-SPOP
TCGA-PRAD	PRAD	TCGA-FC-A4JI	TCGA-FC-A4JI-01A	8-other
TCGA-PRAD	PRAD	TCGA-FC-A5OB	TCGA-FC-A5OB-01A	8-other
TCGA-PRAD	PRAD	TCGA-FC-A8O0	TCGA-FC-A8O0-01A	8-other
TCGA-BLCA	BLCA	TCGA-FD-A3B3	TCGA-FD-A3B3-01A	3
TCGA-BLCA	BLCA	TCGA-FD-A3B5	TCGA-FD-A3B5-01A	3
TCGA-BLCA	BLCA	TCGA-FD-A3B6	TCGA-FD-A3B6-01A	4
TCGA-BLCA	BLCA	TCGA-FD-A3B7	TCGA-FD-A3B7-01A	4
TCGA-BLCA	BLCA	TCGA-FD-A3B8	TCGA-FD-A3B8-01A	4
TCGA-BLCA	BLCA	TCGA-FD-A3N5	TCGA-FD-A3N5-01A	3
TCGA-BLCA	BLCA	TCGA-FD-A3NA	TCGA-FD-A3NA-01A	2
TCGA-BLCA	BLCA	TCGA-FD-A3SJ	TCGA-FD-A3SJ-01A	2
TCGA-BLCA	BLCA	TCGA-FD-A3SL	TCGA-FD-A3SL-01A	2
TCGA-BLCA	BLCA	TCGA-FD-A3SM	TCGA-FD-A3SM-01A	2
TCGA-BLCA	BLCA	TCGA-FD-A3SN	TCGA-FD-A3SN-01A	2
TCGA-BLCA	BLCA	TCGA-FD-A3SO	TCGA-FD-A3SO-01A	3
TCGA-BLCA	BLCA	TCGA-FD-A3SP	TCGA-FD-A3SP-01A	4
TCGA-BLCA	BLCA	TCGA-FD-A3SQ	TCGA-FD-A3SQ-01A	2
TCGA-BLCA	BLCA	TCGA-FD-A3SR	TCGA-FD-A3SR-01A	2
TCGA-BLCA	BLCA	TCGA-FD-A3SS	TCGA-FD-A3SS-01A	2
TCGA-THCA	THCA	TCGA-FE-A22Z	TCGA-FE-A22Z-01A	4
TCGA-THCA	THCA	TCGA-FE-A230	TCGA-FE-A230-01A	4
TCGA-THCA	THCA	TCGA-FE-A231	TCGA-FE-A231-01A	3
TCGA-THCA	THCA	TCGA-FE-A233	TCGA-FE-A233-01A	3
TCGA-THCA	THCA	TCGA-FE-A234	TCGA-FE-A234-01A	4
TCGA-THCA	THCA	TCGA-FE-A235	TCGA-FE-A235-01A	5
TCGA-THCA	THCA	TCGA-FE-A236	TCGA-FE-A236-01A	3
TCGA-THCA	THCA	TCGA-FE-A237	TCGA-FE-A237-01A	4
TCGA-THCA	THCA	TCGA-FE-A238	TCGA-FE-A238-01A	3
TCGA-THCA	THCA	TCGA-FE-A239	TCGA-FE-A239-01A	1
TCGA-THCA	THCA	TCGA-FE-A23A	TCGA-FE-A23A-01A	4
TCGA-THCA	THCA	TCGA-FE-A3PA	TCGA-FE-A3PA-01A	5
TCGA-THCA	THCA	TCGA-FE-A3PB	TCGA-FE-A3PB-01A	4
TCGA-THCA	THCA	TCGA-FE-A3PC	TCGA-FE-A3PC-01A	3
TCGA-THCA	THCA	TCGA-FE-A3PD	TCGA-FE-A3PD-01A	5
TCGA-LGG	LGG	TCGA-FG-5962	TCGA-FG-5962-01B	Codel
TCGA-LGG	LGG	TCGA-FG-5963	TCGA-FG-5963-01A	PA-like
TCGA-LGG	LGG	TCGA-FG-5963	TCGA-FG-5963-02A	PA-like
TCGA-LGG	LGG	TCGA-FG-5964	TCGA-FG-5964-01A	Codel
TCGA-LGG	LGG	TCGA-FG-5965	TCGA-FG-5965-01B	G-CIMP-high
TCGA-LGG	LGG	TCGA-FG-5965	TCGA-FG-5965-02A	G-CIMP-high
TCGA-LGG	LGG	TCGA-FG-5965	TCGA-FG-5965-02B	G-CIMP-high
TCGA-LGG	LGG	TCGA-FG-6688	TCGA-FG-6688-01A	Mesenchymal-like
TCGA-LGG	LGG	TCGA-FG-6689	TCGA-FG-6689-01A	G-CIMP-high
TCGA-LGG	LGG	TCGA-FG-6690	TCGA-FG-6690-01A	G-CIMP-high
TCGA-LGG	LGG	TCGA-FG-6691	TCGA-FG-6691-01A	G-CIMP-high
TCGA-LGG	LGG	TCGA-FG-6692	TCGA-FG-6692-01A	Classic-like
TCGA-LGG	LGG	TCGA-FG-7634	TCGA-FG-7634-01A	Codel
TCGA-LGG	LGG	TCGA-FG-7636	TCGA-FG-7636-01A	G-CIMP-high
TCGA-LGG	LGG	TCGA-FG-7637	TCGA-FG-7637-01A	Codel
TCGA-LGG	LGG	TCGA-FG-7638	TCGA-FG-7638-01B	Codel
TCGA-LGG	LGG	TCGA-FG-7641	TCGA-FG-7641-01B	Codel
TCGA-LGG	LGG	TCGA-FG-7643	TCGA-FG-7643-01A	Mesenchymal-like
TCGA-LGG	LGG	TCGA-FG-8181	TCGA-FG-8181-01A	PA-like
TCGA-LGG	LGG	TCGA-FG-8182	TCGA-FG-8182-01A	G-CIMP-high
TCGA-LGG	LGG	TCGA-FG-8185	TCGA-FG-8185-01A	G-CIMP-high
TCGA-LGG	LGG	TCGA-FG-8186	TCGA-FG-8186-01A	Codel
TCGA-LGG	LGG	TCGA-FG-8187	TCGA-FG-8187-01A	Codel
TCGA-LGG	LGG	TCGA-FG-8188	TCGA-FG-8188-01A	G-CIMP-high
TCGA-LGG	LGG	TCGA-FG-8189	TCGA-FG-8189-01A	G-CIMP-high
TCGA-LGG	LGG	TCGA-FG-8189	TCGA-FG-8189-01B	G-CIMP-high
TCGA-LGG	LGG	TCGA-FG-8191	TCGA-FG-8191-01A	G-CIMP-high
TCGA-LGG	LGG	TCGA-FG-A4MT	TCGA-FG-A4MT-01A	G-CIMP-high
TCGA-LGG	LGG	TCGA-FG-A4MT	TCGA-FG-A4MT-02A	G-CIMP-high
TCGA-LGG	LGG	TCGA-FG-A4MT	TCGA-FG-A4MT-02Z	G-CIMP-high
TCGA-LGG	LGG	TCGA-FG-A4MU	TCGA-FG-A4MU-01B	Mesenchymal-like
TCGA-LGG	LGG	TCGA-FG-A4MW	TCGA-FG-A4MW-01A	Classic-like
TCGA-LGG	LGG	TCGA-FG-A4MX	TCGA-FG-A4MX-01A	G-CIMP-high
TCGA-LGG	LGG	TCGA-FG-A4MY	TCGA-FG-A4MY-01A	G-CIMP-high
TCGA-LGG	LGG	TCGA-FG-A60J	TCGA-FG-A60J-01A	G-CIMP-high
TCGA-LGG	LGG	TCGA-FG-A60K	TCGA-FG-A60K-01A	Codel
TCGA-LGG	LGG	TCGA-FG-A60L	TCGA-FG-A60L-01A	G-CIMP-high
TCGA-LGG	LGG	TCGA-FG-A6IZ	TCGA-FG-A6IZ-01A	Codel
TCGA-LGG	LGG	TCGA-FG-A6J1	TCGA-FG-A6J1-01A	Codel
TCGA-LGG	LGG	TCGA-FG-A6J3	TCGA-FG-A6J3-01A	G-CIMP-low
TCGA-LGG	LGG	TCGA-FG-A70Y	TCGA-FG-A70Y-01A	G-CIMP-high
TCGA-LGG	LGG	TCGA-FG-A70Z	TCGA-FG-A70Z-01A	Mesenchymal-like
TCGA-LGG	LGG	TCGA-FG-A710	TCGA-FG-A710-01A	Codel
TCGA-LGG	LGG	TCGA-FG-A711	TCGA-FG-A711-01A	G-CIMP-high
TCGA-LGG	LGG	TCGA-FG-A713	TCGA-FG-A713-01A	Codel
TCGA-LGG	LGG	TCGA-FG-A87N	TCGA-FG-A87N-01A	G-CIMP-low
TCGA-LGG	LGG	TCGA-FG-A87Q	TCGA-FG-A87Q-01A	Classic-like
TCGA-UCEC	UCEC	TCGA-FI-A2CX	TCGA-FI-A2CX-01A	CN LOW
TCGA-UCEC	UCEC	TCGA-FI-A2CY	TCGA-FI-A2CY-01A	CN HIGH
TCGA-UCEC	UCEC	TCGA-FI-A2D0	TCGA-FI-A2D0-01A	POLE
TCGA-UCEC	UCEC	TCGA-FI-A2D2	TCGA-FI-A2D2-01A	CN HIGH
TCGA-UCEC	UCEC	TCGA-FI-A2D4	TCGA-FI-A2D4-01A	MSI
TCGA-UCEC	UCEC	TCGA-FI-A2D5	TCGA-FI-A2D5-01A	POLE
TCGA-UCEC	UCEC	TCGA-FI-A2D6	TCGA-FI-A2D6-01A	MSI
TCGA-UCEC	UCEC	TCGA-FI-A2EU	TCGA-FI-A2EU-01A	CN HIGH
TCGA-UCEC	UCEC	TCGA-FI-A2EW	TCGA-FI-A2EW-01A	CN HIGH
TCGA-UCEC	UCEC	TCGA-FI-A2EX	TCGA-FI-A2EX-01A	CN HIGH
TCGA-UCEC	UCEC	TCGA-FI-A2EY	TCGA-FI-A2EY-01A	POLE
TCGA-UCEC	UCEC	TCGA-FI-A2F4	TCGA-FI-A2F4-01A	MSI
TCGA-UCEC	UCEC	TCGA-FI-A2F8	TCGA-FI-A2F8-01A	CN HIGH
TCGA-UCEC	UCEC	TCGA-FI-A2F9	TCGA-FI-A2F9-01A	CN HIGH
TCGA-UCEC	UCEC	TCGA-FI-A3PV	TCGA-FI-A3PV-01A	CN HIGH
TCGA-UCEC	UCEC	TCGA-FI-A3PX	TCGA-FI-A3PX-01A	CN HIGH
TCGA-BLCA	BLCA	TCGA-FJ-A3Z7	TCGA-FJ-A3Z7-01A	2
TCGA-BLCA	BLCA	TCGA-FJ-A3ZE	TCGA-FJ-A3ZE-01A	1
TCGA-BLCA	BLCA	TCGA-FJ-A3ZF	TCGA-FJ-A3ZF-01A	1
TCGA-THCA	THCA	TCGA-FK-A3S3	TCGA-FK-A3S3-01A	5
TCGA-THCA	THCA	TCGA-FK-A3SB	TCGA-FK-A3SB-01A	5
TCGA-THCA	THCA	TCGA-FK-A3SD	TCGA-FK-A3SD-01A	1
TCGA-THCA	THCA	TCGA-FK-A3SE	TCGA-FK-A3SE-01A	3
TCGA-THCA	THCA	TCGA-FK-A3SG	TCGA-FK-A3SG-01A	5
TCGA-THCA	THCA	TCGA-FK-A3SH	TCGA-FK-A3SH-01A	5
TCGA-THCA	THCA	TCGA-FK-A4UB	TCGA-FK-A4UB-01A	5
TCGA-LGG	LGG	TCGA-FN-7833	TCGA-FN-7833-01A	G-CIMP-high
TCGA-STAD	STAD	TCGA-FP-7735	TCGA-FP-7735-01A	GI.CIN
TCGA-STAD	STAD	TCGA-FP-7829	TCGA-FP-7829-01A	GI.CIN
TCGA-STAD	STAD	TCGA-FP-7916	TCGA-FP-7916-01A	GI.EBV
TCGA-STAD	STAD	TCGA-FP-7998	TCGA-FP-7998-01A	GI.EBV
TCGA-STAD	STAD	TCGA-FP-8099	TCGA-FP-8099-01A	GI.CIN
TCGA-STAD	STAD	TCGA-FP-8209	TCGA-FP-8209-01A	GI.GS
TCGA-STAD	STAD	TCGA-FP-8210	TCGA-FP-8210-01A	GI.GS
TCGA-STAD	STAD	TCGA-FP-8211	TCGA-FP-8211-01A	GI.CIN
TCGA-STAD	STAD	TCGA-FP-8631	TCGA-FP-8631-01A	GI.CIN
TCGA-STAD	STAD	TCGA-FP-A4BF	TCGA-FP-A4BF-01A	GI.CIN
TCGA-STAD	STAD	TCGA-FP-A8CX	TCGA-FP-A8CX-01A	GI.CIN
TCGA-STAD	STAD	TCGA-FP-A9TM	TCGA-FP-A9TM-01A	GI.CIN
TCGA-SKCM	SKCM	TCGA-FR-A2OS	TCGA-FR-A2OS-01A	Triple WT
TCGA-SKCM	SKCM	TCGA-FR-A3R1	TCGA-FR-A3R1-01A	NF1 Any Mutants
TCGA-SKCM	SKCM	TCGA-FR-A3YN	TCGA-FR-A3YN-06A	RAS Hotspot Mutants
TCGA-SKCM	SKCM	TCGA-FR-A3YO	TCGA-FR-A3YO-06A	BRAF Hotspot Mutants
TCGA-SKCM	SKCM	TCGA-FR-A44A	TCGA-FR-A44A-06A	BRAF Hotspot Mutants
TCGA-SKCM	SKCM	TCGA-FS-A1YW	TCGA-FS-A1YW-06A	RAS Hotspot Mutants
TCGA-SKCM	SKCM	TCGA-FS-A1YX	TCGA-FS-A1YX-06A	BRAF Hotspot Mutants
TCGA-SKCM	SKCM	TCGA-FS-A1YY	TCGA-FS-A1YY-06A	BRAF Hotspot Mutants
TCGA-SKCM	SKCM	TCGA-FS-A1Z0	TCGA-FS-A1Z0-06A	RAS Hotspot Mutants
TCGA-SKCM	SKCM	TCGA-FS-A1Z3	TCGA-FS-A1Z3-06A	RAS Hotspot Mutants
TCGA-SKCM	SKCM	TCGA-FS-A1Z4	TCGA-FS-A1Z4-06A	Triple WT
TCGA-SKCM	SKCM	TCGA-FS-A1Z7	TCGA-FS-A1Z7-06A	BRAF Hotspot Mutants
TCGA-SKCM	SKCM	TCGA-FS-A1ZA	TCGA-FS-A1ZA-06A	NF1 Any Mutants
TCGA-SKCM	SKCM	TCGA-FS-A1ZB	TCGA-FS-A1ZB-06A	RAS Hotspot Mutants
TCGA-SKCM	SKCM	TCGA-FS-A1ZC	TCGA-FS-A1ZC-06A	BRAF Hotspot Mutants
TCGA-SKCM	SKCM	TCGA-FS-A1ZD	TCGA-FS-A1ZD-06A	BRAF Hotspot Mutants
TCGA-SKCM	SKCM	TCGA-FS-A1ZE	TCGA-FS-A1ZE-06A	RAS Hotspot Mutants
TCGA-SKCM	SKCM	TCGA-FS-A1ZF	TCGA-FS-A1ZF-06A	BRAF Hotspot Mutants
TCGA-SKCM	SKCM	TCGA-FS-A1ZG	TCGA-FS-A1ZG-06A	Triple WT
TCGA-SKCM	SKCM	TCGA-FS-A1ZH	TCGA-FS-A1ZH-06A	BRAF Hotspot Mutants
TCGA-SKCM	SKCM	TCGA-FS-A1ZJ	TCGA-FS-A1ZJ-06A	Triple WT
TCGA-SKCM	SKCM	TCGA-FS-A1ZK	TCGA-FS-A1ZK-06A	RAS Hotspot Mutants
TCGA-SKCM	SKCM	TCGA-FS-A1ZM	TCGA-FS-A1ZM-06A	BRAF Hotspot Mutants
TCGA-SKCM	SKCM	TCGA-FS-A1ZN	TCGA-FS-A1ZN-01A	BRAF Hotspot Mutants
TCGA-SKCM	SKCM	TCGA-FS-A1ZP	TCGA-FS-A1ZP-06A	RAS Hotspot Mutants
TCGA-SKCM	SKCM	TCGA-FS-A1ZQ	TCGA-FS-A1ZQ-06A	RAS Hotspot Mutants
TCGA-SKCM	SKCM	TCGA-FS-A1ZR	TCGA-FS-A1ZR-06A	BRAF Hotspot Mutants
TCGA-SKCM	SKCM	TCGA-FS-A1ZS	TCGA-FS-A1ZS-06A	BRAF Hotspot Mutants
TCGA-SKCM	SKCM	TCGA-FS-A1ZT	TCGA-FS-A1ZT-06A	RAS Hotspot Mutants
TCGA-SKCM	SKCM	TCGA-FS-A1ZU	TCGA-FS-A1ZU-06A	Triple WT
TCGA-SKCM	SKCM	TCGA-FS-A1ZW	TCGA-FS-A1ZW-06A	RAS Hotspot Mutants
TCGA-SKCM	SKCM	TCGA-FS-A1ZY	TCGA-FS-A1ZY-06A	RAS Hotspot Mutants
TCGA-SKCM	SKCM	TCGA-FS-A1ZZ	TCGA-FS-A1ZZ-06A	NF1 Any Mutants
TCGA-SKCM	SKCM	TCGA-FS-A4F0	TCGA-FS-A4F0-06A	Triple WT
TCGA-SKCM	SKCM	TCGA-FS-A4F2	TCGA-FS-A4F2-06A	-
TCGA-SKCM	SKCM	TCGA-FS-A4F4	TCGA-FS-A4F4-06A	NF1 Any Mutants
TCGA-SKCM	SKCM	TCGA-FS-A4F5	TCGA-FS-A4F5-06A	RAS Hotspot Mutants
TCGA-SKCM	SKCM	TCGA-FS-A4F8	TCGA-FS-A4F8-06A	BRAF Hotspot Mutants
TCGA-SKCM	SKCM	TCGA-FS-A4F9	TCGA-FS-A4F9-06A	RAS Hotspot Mutants
TCGA-SKCM	SKCM	TCGA-FS-A4FB	TCGA-FS-A4FB-06A	BRAF Hotspot Mutants
TCGA-SKCM	SKCM	TCGA-FS-A4FC	TCGA-FS-A4FC-06A	RAS Hotspot Mutants
TCGA-SKCM	SKCM	TCGA-FS-A4FD	TCGA-FS-A4FD-06A	RAS Hotspot Mutants
TCGA-BLCA	BLCA	TCGA-FT-A3EE	TCGA-FT-A3EE-01A	1
TCGA-LIHC	LIHC	TCGA-FV-A23B	TCGA-FV-A23B-01A	iCluster:2
TCGA-LIHC	LIHC	TCGA-FV-A2QQ	TCGA-FV-A2QQ-01A	iCluster:2
TCGA-LIHC	LIHC	TCGA-FV-A2QR	TCGA-FV-A2QR-01A	iCluster:3
TCGA-LIHC	LIHC	TCGA-FV-A3I1	TCGA-FV-A3I1-01A	iCluster:3
TCGA-LIHC	LIHC	TCGA-FV-A495	TCGA-FV-A495-01A	iCluster:2
TCGA-LIHC	LIHC	TCGA-FV-A496	TCGA-FV-A496-01A	iCluster:2
TCGA-LIHC	LIHC	TCGA-FV-A4ZP	TCGA-FV-A4ZP-01A	iCluster:1
TCGA-LIHC	LIHC	TCGA-FV-A4ZQ	TCGA-FV-A4ZQ-01A	iCluster:2
TCGA-SKCM	SKCM	TCGA-FW-A3I3	TCGA-FW-A3I3-06A	NF1 Any Mutants
TCGA-SKCM	SKCM	TCGA-FW-A3R5	TCGA-FW-A3R5-06A	-
TCGA-SKCM	SKCM	TCGA-FW-A3TU	TCGA-FW-A3TU-06A	NF1 Any Mutants
TCGA-SKCM	SKCM	TCGA-FW-A3TV	TCGA-FW-A3TV-06A	BRAF Hotspot Mutants
TCGA-SKCM	SKCM	TCGA-FW-A5DX	TCGA-FW-A5DX-01A	BRAF Hotspot Mutants
TCGA-THCA	THCA	TCGA-FY-A2QD	TCGA-FY-A2QD-01A	1
TCGA-THCA	THCA	TCGA-FY-A3BL	TCGA-FY-A3BL-01A	3
TCGA-THCA	THCA	TCGA-FY-A3I4	TCGA-FY-A3I4-01A	3
TCGA-THCA	THCA	TCGA-FY-A3I5	TCGA-FY-A3I5-01B	1
TCGA-THCA	THCA	TCGA-FY-A3NM	TCGA-FY-A3NM-01A	1
TCGA-THCA	THCA	TCGA-FY-A3NN	TCGA-FY-A3NN-01A	3
TCGA-THCA	THCA	TCGA-FY-A3NP	TCGA-FY-A3NP-01A	1
TCGA-THCA	THCA	TCGA-FY-A3ON	TCGA-FY-A3ON-01A	3
TCGA-THCA	THCA	TCGA-FY-A3R6	TCGA-FY-A3R6-01A	2
TCGA-THCA	THCA	TCGA-FY-A3R7	TCGA-FY-A3R7-01A	2
TCGA-THCA	THCA	TCGA-FY-A3R8	TCGA-FY-A3R8-01A	4
TCGA-THCA	THCA	TCGA-FY-A3R9	TCGA-FY-A3R9-01A	1
TCGA-THCA	THCA	TCGA-FY-A3RA	TCGA-FY-A3RA-01A	3
TCGA-THCA	THCA	TCGA-FY-A3TY	TCGA-FY-A3TY-01A	2
TCGA-THCA	THCA	TCGA-FY-A3W9	TCGA-FY-A3W9-01A	1
TCGA-THCA	THCA	TCGA-FY-A3WA	TCGA-FY-A3WA-01A	1
TCGA-THCA	THCA	TCGA-FY-A3YR	TCGA-FY-A3YR-01A	4
TCGA-THCA	THCA	TCGA-FY-A40K	TCGA-FY-A40K-01A	5
TCGA-THCA	THCA	TCGA-FY-A40L	TCGA-FY-A40L-01A	4
TCGA-THCA	THCA	TCGA-FY-A40M	TCGA-FY-A40M-01A	1
TCGA-THCA	THCA	TCGA-FY-A40N	TCGA-FY-A40N-01A	2
TCGA-THCA	THCA	TCGA-FY-A4B0	TCGA-FY-A4B0-01A	1
TCGA-THCA	THCA	TCGA-FY-A4B3	TCGA-FY-A4B3-01A	3
TCGA-THCA	THCA	TCGA-FY-A4B4	TCGA-FY-A4B4-01A	3
TCGA-BLCA	BLCA	TCGA-G2-A2EC	TCGA-G2-A2EC-01A	2
TCGA-BLCA	BLCA	TCGA-G2-A2EF	TCGA-G2-A2EF-01A	4
TCGA-BLCA	BLCA	TCGA-G2-A2EJ	TCGA-G2-A2EJ-01A	3
TCGA-BLCA	BLCA	TCGA-G2-A2EK	TCGA-G2-A2EK-01A	2
TCGA-BLCA	BLCA	TCGA-G2-A2EO	TCGA-G2-A2EO-01A	2
TCGA-BLCA	BLCA	TCGA-G2-A2ES	TCGA-G2-A2ES-01A	3
TCGA-BLCA	BLCA	TCGA-G2-A3IB	TCGA-G2-A3IB-01A	3
TCGA-BLCA	BLCA	TCGA-G2-A3IE	TCGA-G2-A3IE-01A	1
TCGA-BLCA	BLCA	TCGA-G2-A3VY	TCGA-G2-A3VY-01A	1
TCGA-LIHC	LIHC	TCGA-G3-A25S	TCGA-G3-A25S-01A	iCluster:3
TCGA-LIHC	LIHC	TCGA-G3-A25T	TCGA-G3-A25T-01A	iCluster:1
TCGA-LIHC	LIHC	TCGA-G3-A25U	TCGA-G3-A25U-01A	iCluster:3
TCGA-LIHC	LIHC	TCGA-G3-A25V	TCGA-G3-A25V-01A	iCluster:2
TCGA-LIHC	LIHC	TCGA-G3-A25X	TCGA-G3-A25X-01A	iCluster:1
TCGA-LIHC	LIHC	TCGA-G3-A25Y	TCGA-G3-A25Y-01A	iCluster:1
TCGA-LIHC	LIHC	TCGA-G3-A25Z	TCGA-G3-A25Z-01A	iCluster:3
TCGA-LIHC	LIHC	TCGA-G3-A3CH	TCGA-G3-A3CH-01A	iCluster:1
TCGA-LIHC	LIHC	TCGA-G3-A3CI	TCGA-G3-A3CI-01A	iCluster:1
TCGA-LIHC	LIHC	TCGA-G3-A3CJ	TCGA-G3-A3CJ-01A	iCluster:2
TCGA-LIHC	LIHC	TCGA-G3-A3CK	TCGA-G3-A3CK-01A	iCluster:2
TCGA-LIHC	LIHC	TCGA-G3-A5SI	TCGA-G3-A5SI-01A	iCluster:2
TCGA-LIHC	LIHC	TCGA-G3-A5SJ	TCGA-G3-A5SJ-01A	iCluster:3
TCGA-LIHC	LIHC	TCGA-G3-A5SL	TCGA-G3-A5SL-01A	iCluster:2
TCGA-LIHC	LIHC	TCGA-G3-A5SM	TCGA-G3-A5SM-01A	iCluster:2
TCGA-LIHC	LIHC	TCGA-G3-A6UC	TCGA-G3-A6UC-01A	iCluster:3
TCGA-LIHC	LIHC	TCGA-G3-A7M5	TCGA-G3-A7M5-01A	iCluster:3
TCGA-LIHC	LIHC	TCGA-G3-A7M6	TCGA-G3-A7M6-01A	iCluster:3
TCGA-LIHC	LIHC	TCGA-G3-A7M7	TCGA-G3-A7M7-01A	iCluster:2
TCGA-LIHC	LIHC	TCGA-G3-A7M8	TCGA-G3-A7M8-01A	iCluster:2
TCGA-LIHC	LIHC	TCGA-G3-A7M9	TCGA-G3-A7M9-01A	iCluster:1
TCGA-COAD	COAD	TCGA-G4-6293	TCGA-G4-6293-01A	GI.GS
TCGA-COAD	COAD	TCGA-G4-6294	TCGA-G4-6294-01A	GI.CIN
TCGA-COAD	COAD	TCGA-G4-6295	TCGA-G4-6295-01A	GI.CIN
TCGA-COAD	COAD	TCGA-G4-6297	TCGA-G4-6297-01A	GI.CIN
TCGA-COAD	COAD	TCGA-G4-6298	TCGA-G4-6298-01A	GI.CIN
TCGA-COAD	COAD	TCGA-G4-6299	TCGA-G4-6299-01A	GI.CIN
TCGA-COAD	COAD	TCGA-G4-6302	TCGA-G4-6302-01A	GI.MSI
TCGA-COAD	COAD	TCGA-G4-6303	TCGA-G4-6303-01A	GI.CIN
TCGA-COAD	COAD	TCGA-G4-6304	TCGA-G4-6304-01A	GI.MSI
TCGA-COAD	COAD	TCGA-G4-6306	TCGA-G4-6306-01A	GI.CIN
TCGA-COAD	COAD	TCGA-G4-6307	TCGA-G4-6307-01A	GI.CIN
TCGA-COAD	COAD	TCGA-G4-6309	TCGA-G4-6309-01A	GI.MSI
TCGA-COAD	COAD	TCGA-G4-6311	TCGA-G4-6311-01A	GI.CIN
TCGA-COAD	COAD	TCGA-G4-6315	TCGA-G4-6315-01A	GI.CIN
TCGA-COAD	COAD	TCGA-G4-6317	TCGA-G4-6317-01A	GI.CIN
TCGA-COAD	COAD	TCGA-G4-6317	TCGA-G4-6317-02A	GI.CIN
TCGA-COAD	COAD	TCGA-G4-6320	TCGA-G4-6320-01A	GI.MSI
TCGA-COAD	COAD	TCGA-G4-6321	TCGA-G4-6321-01A	GI.GS
TCGA-COAD	COAD	TCGA-G4-6322	TCGA-G4-6322-01A	GI.CIN
TCGA-COAD	COAD	TCGA-G4-6323	TCGA-G4-6323-01A	GI.GS
TCGA-COAD	COAD	TCGA-G4-6586	TCGA-G4-6586-01A	GI.MSI
TCGA-COAD	COAD	TCGA-G4-6588	TCGA-G4-6588-01A	GI.MSI
TCGA-COAD	COAD	TCGA-G4-6626	TCGA-G4-6626-01A	GI.CIN
TCGA-COAD	COAD	TCGA-G4-6627	TCGA-G4-6627-01A	GI.GS
TCGA-COAD	COAD	TCGA-G4-6628	TCGA-G4-6628-01A	GI.MSI
TCGA-READ	READ	TCGA-G5-6641	TCGA-G5-6641-01A	GI.CIN
TCGA-KIRP	KIRP	TCGA-G7-6789	TCGA-G7-6789-01A	C2b
TCGA-KIRP	KIRP	TCGA-G7-6790	TCGA-G7-6790-01A	C1
TCGA-KIRP	KIRP	TCGA-G7-6792	TCGA-G7-6792-01A	C1
TCGA-KIRP	KIRP	TCGA-G7-6793	TCGA-G7-6793-01A	C2c - CIMP
TCGA-KIRP	KIRP	TCGA-G7-6795	TCGA-G7-6795-01A	C1
TCGA-KIRP	KIRP	TCGA-G7-6796	TCGA-G7-6796-01A	C2a
TCGA-KIRP	KIRP	TCGA-G7-6797	TCGA-G7-6797-01A	C1
TCGA-KIRP	KIRP	TCGA-G7-7501	TCGA-G7-7501-01A	C2a
TCGA-KIRP	KIRP	TCGA-G7-7502	TCGA-G7-7502-01A	C1
TCGA-KIRP	KIRP	TCGA-G7-A4TM	TCGA-G7-A4TM-01A	C1
TCGA-PRAD	PRAD	TCGA-G9-6329	TCGA-G9-6329-01A	1-ERG
TCGA-PRAD	PRAD	TCGA-G9-6333	TCGA-G9-6333-01A	5-SPOP
TCGA-PRAD	PRAD	TCGA-G9-6336	TCGA-G9-6336-01A	1-ERG
TCGA-PRAD	PRAD	TCGA-G9-6342	TCGA-G9-6342-01A	1-ERG
TCGA-PRAD	PRAD	TCGA-G9-6348	TCGA-G9-6348-01A	2-ETV1
TCGA-PRAD	PRAD	TCGA-G9-6351	TCGA-G9-6351-01A	1-ERG
TCGA-PRAD	PRAD	TCGA-G9-6353	TCGA-G9-6353-01A	1-ERG
TCGA-PRAD	PRAD	TCGA-G9-6356	TCGA-G9-6356-01A	1-ERG
TCGA-PRAD	PRAD	TCGA-G9-6361	TCGA-G9-6361-01A	1-ERG
TCGA-PRAD	PRAD	TCGA-G9-6363	TCGA-G9-6363-01A	1-ERG
TCGA-PRAD	PRAD	TCGA-G9-6364	TCGA-G9-6364-01A	1-ERG
TCGA-PRAD	PRAD	TCGA-G9-6365	TCGA-G9-6365-01A	1-ERG
TCGA-PRAD	PRAD	TCGA-G9-6366	TCGA-G9-6366-01A	8-other
TCGA-PRAD	PRAD	TCGA-G9-6367	TCGA-G9-6367-01A	8-other
TCGA-PRAD	PRAD	TCGA-G9-6370	TCGA-G9-6370-01A	8-other
TCGA-PRAD	PRAD	TCGA-G9-6371	TCGA-G9-6371-01A	3-ETV4
TCGA-PRAD	PRAD	TCGA-G9-6377	TCGA-G9-6377-01A	1-ERG
TCGA-PRAD	PRAD	TCGA-G9-6378	TCGA-G9-6378-01A	8-other
TCGA-PRAD	PRAD	TCGA-G9-6384	TCGA-G9-6384-01A	1-ERG
TCGA-PRAD	PRAD	TCGA-G9-6385	TCGA-G9-6385-01A	1-ERG
TCGA-PRAD	PRAD	TCGA-G9-6494	TCGA-G9-6494-01A	2-ETV1
TCGA-PRAD	PRAD	TCGA-G9-6499	TCGA-G9-6499-01A	8-other
TCGA-PRAD	PRAD	TCGA-G9-7510	TCGA-G9-7510-01A	5-SPOP
TCGA-PRAD	PRAD	TCGA-G9-7519	TCGA-G9-7519-01A	8-other
TCGA-PRAD	PRAD	TCGA-G9-7521	TCGA-G9-7521-01A	8-other
TCGA-PRAD	PRAD	TCGA-G9-7522	TCGA-G9-7522-01A	1-ERG
TCGA-PRAD	PRAD	TCGA-G9-7523	TCGA-G9-7523-01A	7-IDH1
TCGA-BLCA	BLCA	TCGA-GC-A3BM	TCGA-GC-A3BM-01A	1
TCGA-BLCA	BLCA	TCGA-GC-A3I6	TCGA-GC-A3I6-01A	3
TCGA-BLCA	BLCA	TCGA-GC-A3OO	TCGA-GC-A3OO-01A	2
TCGA-BLCA	BLCA	TCGA-GC-A3RB	TCGA-GC-A3RB-01A	1
TCGA-BLCA	BLCA	TCGA-GC-A3RC	TCGA-GC-A3RC-01A	3
TCGA-BLCA	BLCA	TCGA-GC-A3RD	TCGA-GC-A3RD-01A	1
TCGA-BLCA	BLCA	TCGA-GC-A3WC	TCGA-GC-A3WC-01A	3
TCGA-BLCA	BLCA	TCGA-GC-A3YS	TCGA-GC-A3YS-01A	3
TCGA-BLCA	BLCA	TCGA-GD-A2C5	TCGA-GD-A2C5-01A	2
TCGA-BLCA	BLCA	TCGA-GD-A3OP	TCGA-GD-A3OP-01A	2
TCGA-BLCA	BLCA	TCGA-GD-A3OQ	TCGA-GD-A3OQ-01A	1
TCGA-BLCA	BLCA	TCGA-GD-A3OS	TCGA-GD-A3OS-01A	4
TCGA-THCA	THCA	TCGA-GE-A2C6	TCGA-GE-A2C6-01A	4
TCGA-SKCM	SKCM	TCGA-GF-A2C7	TCGA-GF-A2C7-01A	BRAF Hotspot Mutants
TCGA-SKCM	SKCM	TCGA-GF-A3OT	TCGA-GF-A3OT-06A	RAS Hotspot Mutants
TCGA-SKCM	SKCM	TCGA-GF-A4EO	TCGA-GF-A4EO-06A	BRAF Hotspot Mutants
TCGA-BRCA	BRCA	TCGA-GI-A2C8	TCGA-GI-A2C8-01A	LumA
TCGA-BRCA	BRCA	TCGA-GI-A2C9	TCGA-GI-A2C9-01A	Basal
TCGA-KIRP	KIRP	TCGA-GL-6846	TCGA-GL-6846-01A	C1
TCGA-KIRP	KIRP	TCGA-GL-7773	TCGA-GL-7773-01A	C1
TCGA-KIRP	KIRP	TCGA-GL-7966	TCGA-GL-7966-01A	C2c - CIMP
TCGA-KIRP	KIRP	TCGA-GL-8500	TCGA-GL-8500-01A	C1
TCGA-KIRP	KIRP	TCGA-GL-A4EM	TCGA-GL-A4EM-01A	C2a
TCGA-KIRP	KIRP	TCGA-GL-A59R	TCGA-GL-A59R-01A	C1
TCGA-KIRP	KIRP	TCGA-GL-A59T	TCGA-GL-A59T-01A	C1
TCGA-BRCA	BRCA	TCGA-GM-A2D9	TCGA-GM-A2D9-01A	LumA
TCGA-BRCA	BRCA	TCGA-GM-A2DA	TCGA-GM-A2DA-01A	LumA
TCGA-BRCA	BRCA	TCGA-GM-A2DB	TCGA-GM-A2DB-01A	Her2
TCGA-BRCA	BRCA	TCGA-GM-A2DC	TCGA-GM-A2DC-01A	LumA
TCGA-BRCA	BRCA	TCGA-GM-A2DD	TCGA-GM-A2DD-01A	Normal
TCGA-BRCA	BRCA	TCGA-GM-A2DF	TCGA-GM-A2DF-01A	Basal
TCGA-BRCA	BRCA	TCGA-GM-A2DH	TCGA-GM-A2DH-01A	Her2
TCGA-BRCA	BRCA	TCGA-GM-A2DI	TCGA-GM-A2DI-01A	LumA
TCGA-BRCA	BRCA	TCGA-GM-A2DK	TCGA-GM-A2DK-01A	LumA
TCGA-BRCA	BRCA	TCGA-GM-A2DL	TCGA-GM-A2DL-01A	LumA
TCGA-BRCA	BRCA	TCGA-GM-A2DM	TCGA-GM-A2DM-01A	LumA
TCGA-BRCA	BRCA	TCGA-GM-A2DN	TCGA-GM-A2DN-01A	LumA
TCGA-BRCA	BRCA	TCGA-GM-A2DO	TCGA-GM-A2DO-01A	LumB
TCGA-BRCA	BRCA	TCGA-GM-A3NW	TCGA-GM-A3NW-01A	LumA
TCGA-BRCA	BRCA	TCGA-GM-A3NY	TCGA-GM-A3NY-01A	LumA
TCGA-BRCA	BRCA	TCGA-GM-A3XG	TCGA-GM-A3XG-01A	LumA
TCGA-BRCA	BRCA	TCGA-GM-A3XL	TCGA-GM-A3XL-01A	Basal
TCGA-BRCA	BRCA	TCGA-GM-A3XN	TCGA-GM-A3XN-01A	LumA
TCGA-BRCA	BRCA	TCGA-GM-A4E0	TCGA-GM-A4E0-01A	LumA
TCGA-BRCA	BRCA	TCGA-GM-A5PV	TCGA-GM-A5PV-01A	LumA
TCGA-BRCA	BRCA	TCGA-GM-A5PX	TCGA-GM-A5PX-01A	LumA
TCGA-SKCM	SKCM	TCGA-GN-A262	TCGA-GN-A262-06A	BRAF Hotspot Mutants
TCGA-SKCM	SKCM	TCGA-GN-A263	TCGA-GN-A263-01A	BRAF Hotspot Mutants
TCGA-SKCM	SKCM	TCGA-GN-A264	TCGA-GN-A264-06A	Triple WT
TCGA-SKCM	SKCM	TCGA-GN-A265	TCGA-GN-A265-06A	BRAF Hotspot Mutants
TCGA-SKCM	SKCM	TCGA-GN-A266	TCGA-GN-A266-06A	NF1 Any Mutants
TCGA-SKCM	SKCM	TCGA-GN-A267	TCGA-GN-A267-06A	RAS Hotspot Mutants
TCGA-SKCM	SKCM	TCGA-GN-A268	TCGA-GN-A268-06A	RAS Hotspot Mutants
TCGA-SKCM	SKCM	TCGA-GN-A269	TCGA-GN-A269-01A	NF1 Any Mutants
TCGA-SKCM	SKCM	TCGA-GN-A26A	TCGA-GN-A26A-06A	Triple WT
TCGA-SKCM	SKCM	TCGA-GN-A26C	TCGA-GN-A26C-01A	NF1 Any Mutants
TCGA-SKCM	SKCM	TCGA-GN-A26D	TCGA-GN-A26D-06A	Triple WT
TCGA-BLCA	BLCA	TCGA-GU-A42R	TCGA-GU-A42R-01A	1
TCGA-BLCA	BLCA	TCGA-GV-A3JV	TCGA-GV-A3JV-01A	2
TCGA-BLCA	BLCA	TCGA-GV-A3JW	TCGA-GV-A3JW-01A	1
TCGA-BLCA	BLCA	TCGA-GV-A3JX	TCGA-GV-A3JX-01A	2
TCGA-BLCA	BLCA	TCGA-GV-A3JZ	TCGA-GV-A3JZ-01A	2
TCGA-BLCA	BLCA	TCGA-GV-A3QF	TCGA-GV-A3QF-01A	1
TCGA-BLCA	BLCA	TCGA-GV-A3QG	TCGA-GV-A3QG-01A	4
TCGA-BLCA	BLCA	TCGA-GV-A3QH	TCGA-GV-A3QH-01A	1
TCGA-BLCA	BLCA	TCGA-GV-A3QI	TCGA-GV-A3QI-01A	1
TCGA-BLCA	BLCA	TCGA-GV-A3QK	TCGA-GV-A3QK-01B	1
TCGA-BLCA	BLCA	TCGA-GV-A40E	TCGA-GV-A40E-01A	3
TCGA-BLCA	BLCA	TCGA-GV-A40G	TCGA-GV-A40G-01A	1
TCGA-THCA	THCA	TCGA-H2-A26U	TCGA-H2-A26U-01A	4
TCGA-THCA	THCA	TCGA-H2-A2K9	TCGA-H2-A2K9-01A	1
TCGA-THCA	THCA	TCGA-H2-A3RH	TCGA-H2-A3RH-01A	1
TCGA-THCA	THCA	TCGA-H2-A3RI	TCGA-H2-A3RI-01A	3
TCGA-THCA	THCA	TCGA-H2-A421	TCGA-H2-A421-01A	4
TCGA-THCA	THCA	TCGA-H2-A422	TCGA-H2-A422-01A	3
TCGA-BLCA	BLCA	TCGA-H4-A2HO	TCGA-H4-A2HO-01A	1
TCGA-BLCA	BLCA	TCGA-H4-A2HQ	TCGA-H4-A2HQ-01A	1
TCGA-UCEC	UCEC	TCGA-H5-A2HR	TCGA-H5-A2HR-01A	CN HIGH
TCGA-HNSC	HNSC	TCGA-H7-7774	TCGA-H7-7774-01A	Atypical
TCGA-PRAD	PRAD	TCGA-H9-7775	TCGA-H9-7775-01A	4-FLI1
TCGA-PRAD	PRAD	TCGA-HC-7075	TCGA-HC-7075-01A	8-other
TCGA-PRAD	PRAD	TCGA-HC-7077	TCGA-HC-7077-01A	1-ERG
TCGA-PRAD	PRAD	TCGA-HC-7078	TCGA-HC-7078-01A	8-other
TCGA-PRAD	PRAD	TCGA-HC-7079	TCGA-HC-7079-01A	4-FLI1
TCGA-PRAD	PRAD	TCGA-HC-7080	TCGA-HC-7080-01A	5-SPOP
TCGA-PRAD	PRAD	TCGA-HC-7081	TCGA-HC-7081-01A	1-ERG
TCGA-PRAD	PRAD	TCGA-HC-7209	TCGA-HC-7209-01A	1-ERG
TCGA-PRAD	PRAD	TCGA-HC-7210	TCGA-HC-7210-01A	6-FOXA1
TCGA-PRAD	PRAD	TCGA-HC-7211	TCGA-HC-7211-01A	1-ERG
TCGA-PRAD	PRAD	TCGA-HC-7212	TCGA-HC-7212-01A	1-ERG
TCGA-PRAD	PRAD	TCGA-HC-7213	TCGA-HC-7213-01A	1-ERG
TCGA-PRAD	PRAD	TCGA-HC-7230	TCGA-HC-7230-01A	1-ERG
TCGA-PRAD	PRAD	TCGA-HC-7231	TCGA-HC-7231-01A	1-ERG
TCGA-PRAD	PRAD	TCGA-HC-7232	TCGA-HC-7232-01A	1-ERG
TCGA-PRAD	PRAD	TCGA-HC-7233	TCGA-HC-7233-01A	8-other
TCGA-PRAD	PRAD	TCGA-HC-7736	TCGA-HC-7736-01A	8-other
TCGA-PRAD	PRAD	TCGA-HC-7737	TCGA-HC-7737-01A	8-other
TCGA-PRAD	PRAD	TCGA-HC-7740	TCGA-HC-7740-01A	8-other
TCGA-PRAD	PRAD	TCGA-HC-7742	TCGA-HC-7742-01A	8-other
TCGA-PRAD	PRAD	TCGA-HC-7744	TCGA-HC-7744-01A	1-ERG
TCGA-PRAD	PRAD	TCGA-HC-7747	TCGA-HC-7747-01A	1-ERG
TCGA-PRAD	PRAD	TCGA-HC-7748	TCGA-HC-7748-01A	1-ERG
TCGA-PRAD	PRAD	TCGA-HC-7749	TCGA-HC-7749-01A	3-ETV4
TCGA-PRAD	PRAD	TCGA-HC-7750	TCGA-HC-7750-01A	8-other
TCGA-PRAD	PRAD	TCGA-HC-7818	TCGA-HC-7818-01A	1-ERG
TCGA-PRAD	PRAD	TCGA-HC-7820	TCGA-HC-7820-01A	1-ERG
TCGA-PRAD	PRAD	TCGA-HC-7821	TCGA-HC-7821-01A	1-ERG
TCGA-PRAD	PRAD	TCGA-HC-8213	TCGA-HC-8213-01A	1-ERG
TCGA-PRAD	PRAD	TCGA-HC-8216	TCGA-HC-8216-01A	8-other
TCGA-PRAD	PRAD	TCGA-HC-8256	TCGA-HC-8256-01A	8-other
TCGA-PRAD	PRAD	TCGA-HC-8257	TCGA-HC-8257-01A	1-ERG
TCGA-PRAD	PRAD	TCGA-HC-8258	TCGA-HC-8258-01A	5-SPOP
TCGA-PRAD	PRAD	TCGA-HC-8260	TCGA-HC-8260-01A	1-ERG
TCGA-PRAD	PRAD	TCGA-HC-8261	TCGA-HC-8261-01A	5-SPOP
TCGA-PRAD	PRAD	TCGA-HC-8262	TCGA-HC-8262-01A	1-ERG
TCGA-PRAD	PRAD	TCGA-HC-8265	TCGA-HC-8265-01A	6-FOXA1
TCGA-PRAD	PRAD	TCGA-HC-8266	TCGA-HC-8266-01A	8-other
TCGA-PRAD	PRAD	TCGA-HC-A48F	TCGA-HC-A48F-01A	1-ERG
TCGA-PRAD	PRAD	TCGA-HC-A4ZV	TCGA-HC-A4ZV-01A	8-other
TCGA-PRAD	PRAD	TCGA-HC-A631	TCGA-HC-A631-01A	2-ETV1
TCGA-PRAD	PRAD	TCGA-HC-A632	TCGA-HC-A632-01A	1-ERG
TCGA-PRAD	PRAD	TCGA-HC-A76W	TCGA-HC-A76W-01A	3-ETV4
TCGA-PRAD	PRAD	TCGA-HC-A76X	TCGA-HC-A76X-01A	1-ERG
TCGA-PRAD	PRAD	TCGA-HC-A8CY	TCGA-HC-A8CY-01A	2-ETV1
TCGA-PRAD	PRAD	TCGA-HC-A8D0	TCGA-HC-A8D0-01A	1-ERG
TCGA-PRAD	PRAD	TCGA-HC-A8D1	TCGA-HC-A8D1-01A	1-ERG
TCGA-HNSC	HNSC	TCGA-HD-7229	TCGA-HD-7229-01A	Basal
TCGA-HNSC	HNSC	TCGA-HD-7753	TCGA-HD-7753-01A	Basal
TCGA-HNSC	HNSC	TCGA-HD-7754	TCGA-HD-7754-01A	Atypical
TCGA-HNSC	HNSC	TCGA-HD-7831	TCGA-HD-7831-01A	Mesenchymal
TCGA-HNSC	HNSC	TCGA-HD-7832	TCGA-HD-7832-01A	Basal
TCGA-KIRP	KIRP	TCGA-HE-7128	TCGA-HE-7128-01A	C1
TCGA-KIRP	KIRP	TCGA-HE-7129	TCGA-HE-7129-01A	C1
TCGA-KIRP	KIRP	TCGA-HE-A5NF	TCGA-HE-A5NF-01A	C1
TCGA-KIRP	KIRP	TCGA-HE-A5NH	TCGA-HE-A5NH-01A	C1
TCGA-KIRP	KIRP	TCGA-HE-A5NI	TCGA-HE-A5NI-01A	C1
TCGA-KIRP	KIRP	TCGA-HE-A5NJ	TCGA-HE-A5NJ-01A	C1
TCGA-KIRP	KIRP	TCGA-HE-A5NL	TCGA-HE-A5NL-01A	C1
TCGA-STAD	STAD	TCGA-HF-7132	TCGA-HF-7132-01A	GI.MSI
TCGA-STAD	STAD	TCGA-HF-7133	TCGA-HF-7133-01A	GI.CIN
TCGA-STAD	STAD	TCGA-HF-7136	TCGA-HF-7136-01A	GI.CIN
TCGA-STAD	STAD	TCGA-HF-A5NB	TCGA-HF-A5NB-01A	GI.MSI
TCGA-PRAD	PRAD	TCGA-HI-7168	TCGA-HI-7168-01A	3-ETV4
TCGA-PRAD	PRAD	TCGA-HI-7170	TCGA-HI-7170-01A	8-other
TCGA-PRAD	PRAD	TCGA-HI-7171	TCGA-HI-7171-01A	1-ERG
TCGA-BRCA	BRCA	TCGA-HN-A2NL	TCGA-HN-A2NL-01A	Basal
TCGA-BRCA	BRCA	TCGA-HN-A2OB	TCGA-HN-A2OB-01A	LumA
TCGA-LIHC	LIHC	TCGA-HP-A5MZ	TCGA-HP-A5MZ-01A	iCluster:1
TCGA-LIHC	LIHC	TCGA-HP-A5N0	TCGA-HP-A5N0-01A	iCluster:2
TCGA-BLCA	BLCA	TCGA-HQ-A2OE	TCGA-HQ-A2OE-01A	1
TCGA-SKCM	SKCM	TCGA-HR-A5NC	TCGA-HR-A5NC-01A	-
TCGA-LGG	LGG	TCGA-HT-7467	TCGA-HT-7467-01A	Codel
TCGA-LGG	LGG	TCGA-HT-7468	TCGA-HT-7468-01A	Codel
TCGA-LGG	LGG	TCGA-HT-7469	TCGA-HT-7469-01A	PA-like
TCGA-LGG	LGG	TCGA-HT-7470	TCGA-HT-7470-01A	G-CIMP-high
TCGA-LGG	LGG	TCGA-HT-7471	TCGA-HT-7471-01A	Codel
TCGA-LGG	LGG	TCGA-HT-7472	TCGA-HT-7472-01A	G-CIMP-high
TCGA-LGG	LGG	TCGA-HT-7473	TCGA-HT-7473-01A	G-CIMP-high
TCGA-LGG	LGG	TCGA-HT-7474	TCGA-HT-7474-01A	G-CIMP-high
TCGA-LGG	LGG	TCGA-HT-7475	TCGA-HT-7475-01A	G-CIMP-high
TCGA-LGG	LGG	TCGA-HT-7476	TCGA-HT-7476-01A	G-CIMP-high
TCGA-LGG	LGG	TCGA-HT-7477	TCGA-HT-7477-01B	G-CIMP-high
TCGA-LGG	LGG	TCGA-HT-7478	TCGA-HT-7478-01A	G-CIMP-high
TCGA-LGG	LGG	TCGA-HT-7479	TCGA-HT-7479-01A	G-CIMP-high
TCGA-LGG	LGG	TCGA-HT-7480	TCGA-HT-7480-01A	Codel
TCGA-LGG	LGG	TCGA-HT-7481	TCGA-HT-7481-01A	Codel
TCGA-LGG	LGG	TCGA-HT-7482	TCGA-HT-7482-01A	G-CIMP-high
TCGA-LGG	LGG	TCGA-HT-7483	TCGA-HT-7483-01A	G-CIMP-high
TCGA-LGG	LGG	TCGA-HT-7485	TCGA-HT-7485-01A	G-CIMP-high
TCGA-LGG	LGG	TCGA-HT-7601	TCGA-HT-7601-01A	G-CIMP-high
TCGA-LGG	LGG	TCGA-HT-7602	TCGA-HT-7602-01A	G-CIMP-high
TCGA-LGG	LGG	TCGA-HT-7603	TCGA-HT-7603-01A	G-CIMP-high
TCGA-LGG	LGG	TCGA-HT-7604	TCGA-HT-7604-01A	G-CIMP-high
TCGA-LGG	LGG	TCGA-HT-7605	TCGA-HT-7605-01A	Codel
TCGA-LGG	LGG	TCGA-HT-7606	TCGA-HT-7606-01A	G-CIMP-high
TCGA-LGG	LGG	TCGA-HT-7607	TCGA-HT-7607-01A	Codel
TCGA-LGG	LGG	TCGA-HT-7608	TCGA-HT-7608-01A	Codel
TCGA-LGG	LGG	TCGA-HT-7609	TCGA-HT-7609-01A	G-CIMP-high
TCGA-LGG	LGG	TCGA-HT-7610	TCGA-HT-7610-01A	G-CIMP-high
TCGA-LGG	LGG	TCGA-HT-7611	TCGA-HT-7611-01A	G-CIMP-high
TCGA-LGG	LGG	TCGA-HT-7616	TCGA-HT-7616-01A	Codel
TCGA-LGG	LGG	TCGA-HT-7620	TCGA-HT-7620-01A	Codel
TCGA-LGG	LGG	TCGA-HT-7676	TCGA-HT-7676-01A	G-CIMP-high
TCGA-LGG	LGG	TCGA-HT-7677	TCGA-HT-7677-01A	Codel
TCGA-LGG	LGG	TCGA-HT-7680	TCGA-HT-7680-01A	PA-like
TCGA-LGG	LGG	TCGA-HT-7681	TCGA-HT-7681-01A	Codel
TCGA-LGG	LGG	TCGA-HT-7684	TCGA-HT-7684-01A	G-CIMP-high
TCGA-LGG	LGG	TCGA-HT-7686	TCGA-HT-7686-01A	G-CIMP-high
TCGA-LGG	LGG	TCGA-HT-7687	TCGA-HT-7687-01A	Codel
TCGA-LGG	LGG	TCGA-HT-7688	TCGA-HT-7688-01A	G-CIMP-high
TCGA-LGG	LGG	TCGA-HT-7689	TCGA-HT-7689-01A	G-CIMP-high
TCGA-LGG	LGG	TCGA-HT-7690	TCGA-HT-7690-01A	G-CIMP-high
TCGA-LGG	LGG	TCGA-HT-7691	TCGA-HT-7691-01A	PA-like
TCGA-LGG	LGG	TCGA-HT-7692	TCGA-HT-7692-01A	Codel
TCGA-LGG	LGG	TCGA-HT-7693	TCGA-HT-7693-01A	G-CIMP-high
TCGA-LGG	LGG	TCGA-HT-7694	TCGA-HT-7694-01A	Codel
TCGA-LGG	LGG	TCGA-HT-7695	TCGA-HT-7695-01A	Codel
TCGA-LGG	LGG	TCGA-HT-7854	TCGA-HT-7854-01A	PA-like
TCGA-LGG	LGG	TCGA-HT-7855	TCGA-HT-7855-01A	G-CIMP-high
TCGA-LGG	LGG	TCGA-HT-7856	TCGA-HT-7856-01A	Codel
TCGA-LGG	LGG	TCGA-HT-7857	TCGA-HT-7857-01A	PA-like
TCGA-LGG	LGG	TCGA-HT-7858	TCGA-HT-7858-01A	G-CIMP-high
TCGA-LGG	LGG	TCGA-HT-7860	TCGA-HT-7860-01A	Classic-like
TCGA-LGG	LGG	TCGA-HT-7873	TCGA-HT-7873-01B	G-CIMP-high
TCGA-LGG	LGG	TCGA-HT-7874	TCGA-HT-7874-01A	Codel
TCGA-LGG	LGG	TCGA-HT-7875	TCGA-HT-7875-01A	Codel
TCGA-LGG	LGG	TCGA-HT-7877	TCGA-HT-7877-01A	Codel
TCGA-LGG	LGG	TCGA-HT-7879	TCGA-HT-7879-01A	G-CIMP-high
TCGA-LGG	LGG	TCGA-HT-7880	TCGA-HT-7880-01A	G-CIMP-high
TCGA-LGG	LGG	TCGA-HT-7881	TCGA-HT-7881-01A	Codel
TCGA-LGG	LGG	TCGA-HT-7882	TCGA-HT-7882-01A	Mesenchymal-like
TCGA-LGG	LGG	TCGA-HT-7884	TCGA-HT-7884-01B	G-CIMP-high
TCGA-LGG	LGG	TCGA-HT-7902	TCGA-HT-7902-01A	G-CIMP-high
TCGA-LGG	LGG	TCGA-HT-8010	TCGA-HT-8010-01A	Codel
TCGA-LGG	LGG	TCGA-HT-8011	TCGA-HT-8011-01A	Mesenchymal-like
TCGA-LGG	LGG	TCGA-HT-8012	TCGA-HT-8012-01A	Codel
TCGA-LGG	LGG	TCGA-HT-8013	TCGA-HT-8013-01A	G-CIMP-high
TCGA-LGG	LGG	TCGA-HT-8015	TCGA-HT-8015-01A	PA-like
TCGA-LGG	LGG	TCGA-HT-8015	TCGA-HT-8015-01B	PA-like
TCGA-LGG	LGG	TCGA-HT-8018	TCGA-HT-8018-01A	G-CIMP-high
TCGA-LGG	LGG	TCGA-HT-8019	TCGA-HT-8019-01A	PA-like
TCGA-LGG	LGG	TCGA-HT-8104	TCGA-HT-8104-01A	Classic-like
TCGA-LGG	LGG	TCGA-HT-8105	TCGA-HT-8105-01A	Codel
TCGA-LGG	LGG	TCGA-HT-8106	TCGA-HT-8106-01A	G-CIMP-high
TCGA-LGG	LGG	TCGA-HT-8107	TCGA-HT-8107-01A	PA-like
TCGA-LGG	LGG	TCGA-HT-8108	TCGA-HT-8108-01A	G-CIMP-high
TCGA-LGG	LGG	TCGA-HT-8109	TCGA-HT-8109-01A	Codel
TCGA-LGG	LGG	TCGA-HT-8110	TCGA-HT-8110-01A	Mesenchymal-like
TCGA-LGG	LGG	TCGA-HT-8111	TCGA-HT-8111-01A	G-CIMP-high
TCGA-LGG	LGG	TCGA-HT-8113	TCGA-HT-8113-01A	Codel
TCGA-LGG	LGG	TCGA-HT-8114	TCGA-HT-8114-01A	G-CIMP-high
TCGA-LGG	LGG	TCGA-HT-8558	TCGA-HT-8558-01A	PA-like
TCGA-LGG	LGG	TCGA-HT-8563	TCGA-HT-8563-01A	G-CIMP-high
TCGA-LGG	LGG	TCGA-HT-8564	TCGA-HT-8564-01A	PA-like
TCGA-LGG	LGG	TCGA-HT-A4DS	TCGA-HT-A4DS-01A	Mesenchymal-like
TCGA-LGG	LGG	TCGA-HT-A4DV	TCGA-HT-A4DV-01A	Codel
TCGA-LGG	LGG	TCGA-HT-A5R5	TCGA-HT-A5R5-01A	G-CIMP-high
TCGA-LGG	LGG	TCGA-HT-A5R7	TCGA-HT-A5R7-01A	G-CIMP-high
TCGA-LGG	LGG	TCGA-HT-A5R9	TCGA-HT-A5R9-01A	Codel
TCGA-LGG	LGG	TCGA-HT-A5RA	TCGA-HT-A5RA-01A	Mesenchymal-like
TCGA-LGG	LGG	TCGA-HT-A5RB	TCGA-HT-A5RB-01A	G-CIMP-high
TCGA-LGG	LGG	TCGA-HT-A5RC	TCGA-HT-A5RC-01A	Classic-like
TCGA-LGG	LGG	TCGA-HT-A614	TCGA-HT-A614-01A	G-CIMP-high
TCGA-LGG	LGG	TCGA-HT-A615	TCGA-HT-A615-01A	Codel
TCGA-LGG	LGG	TCGA-HT-A616	TCGA-HT-A616-01A	G-CIMP-high
TCGA-LGG	LGG	TCGA-HT-A617	TCGA-HT-A617-01A	Classic-like
TCGA-LGG	LGG	TCGA-HT-A618	TCGA-HT-A618-01A	G-CIMP-high
TCGA-LGG	LGG	TCGA-HT-A619	TCGA-HT-A619-01A	Codel
TCGA-LGG	LGG	TCGA-HT-A61A	TCGA-HT-A61A-01A	G-CIMP-high
TCGA-LGG	LGG	TCGA-HT-A61B	TCGA-HT-A61B-01A	G-CIMP-high
TCGA-LGG	LGG	TCGA-HT-A61C	TCGA-HT-A61C-01A	Mesenchymal-like
TCGA-LGG	LGG	TCGA-HT-A74H	TCGA-HT-A74H-01A	Mesenchymal-like
TCGA-LGG	LGG	TCGA-HT-A74J	TCGA-HT-A74J-01A	G-CIMP-high
TCGA-LGG	LGG	TCGA-HT-A74K	TCGA-HT-A74K-01A	Codel
TCGA-LGG	LGG	TCGA-HT-A74L	TCGA-HT-A74L-01A	Codel
TCGA-LGG	LGG	TCGA-HT-A74O	TCGA-HT-A74O-01A	G-CIMP-high
TCGA-STAD	STAD	TCGA-HU-8249	TCGA-HU-8249-01A	GI.CIN
TCGA-STAD	STAD	TCGA-HU-8602	TCGA-HU-8602-01A	GI.MSI
TCGA-STAD	STAD	TCGA-HU-8604	TCGA-HU-8604-01A	GI.CIN
TCGA-STAD	STAD	TCGA-HU-8608	TCGA-HU-8608-01A	GI.EBV
TCGA-STAD	STAD	TCGA-HU-8610	TCGA-HU-8610-01A	GI.GS
TCGA-STAD	STAD	TCGA-HU-A4G2	TCGA-HU-A4G2-01A	GI.EBV
TCGA-STAD	STAD	TCGA-HU-A4G3	TCGA-HU-A4G3-01A	GI.GS
TCGA-STAD	STAD	TCGA-HU-A4G6	TCGA-HU-A4G6-01A	GI.EBV
TCGA-STAD	STAD	TCGA-HU-A4G8	TCGA-HU-A4G8-01A	GI.MSI
TCGA-STAD	STAD	TCGA-HU-A4G9	TCGA-HU-A4G9-01A	GI.MSI
TCGA-STAD	STAD	TCGA-HU-A4GC	TCGA-HU-A4GC-01A	GI.CIN
TCGA-STAD	STAD	TCGA-HU-A4GD	TCGA-HU-A4GD-01A	GI.CIN
TCGA-STAD	STAD	TCGA-HU-A4GF	TCGA-HU-A4GF-01A	GI.CIN
TCGA-STAD	STAD	TCGA-HU-A4GH	TCGA-HU-A4GH-01A	GI.HM-SNV
TCGA-STAD	STAD	TCGA-HU-A4GN	TCGA-HU-A4GN-01A	GI.MSI
TCGA-STAD	STAD	TCGA-HU-A4GP	TCGA-HU-A4GP-01A	GI.CIN
TCGA-STAD	STAD	TCGA-HU-A4GQ	TCGA-HU-A4GQ-01A	GI.MSI
TCGA-STAD	STAD	TCGA-HU-A4GT	TCGA-HU-A4GT-01A	GI.MSI
TCGA-STAD	STAD	TCGA-HU-A4GU	TCGA-HU-A4GU-01A	GI.MSI
TCGA-STAD	STAD	TCGA-HU-A4GX	TCGA-HU-A4GX-01A	GI.MSI
TCGA-STAD	STAD	TCGA-HU-A4GY	TCGA-HU-A4GY-01A	GI.CIN
TCGA-STAD	STAD	TCGA-HU-A4H0	TCGA-HU-A4H0-01A	GI.EBV
TCGA-STAD	STAD	TCGA-HU-A4H2	TCGA-HU-A4H2-01A	GI.CIN
TCGA-STAD	STAD	TCGA-HU-A4H3	TCGA-HU-A4H3-01A	GI.MSI
TCGA-STAD	STAD	TCGA-HU-A4H4	TCGA-HU-A4H4-01A	GI.MSI
TCGA-STAD	STAD	TCGA-HU-A4H5	TCGA-HU-A4H5-01A	GI.CIN
TCGA-STAD	STAD	TCGA-HU-A4H6	TCGA-HU-A4H6-01A	GI.CIN
TCGA-STAD	STAD	TCGA-HU-A4H8	TCGA-HU-A4H8-01A	GI.MSI
TCGA-STAD	STAD	TCGA-HU-A4HD	TCGA-HU-A4HD-01A	GI.CIN
TCGA-LGG	LGG	TCGA-HW-7486	TCGA-HW-7486-01A	Codel
TCGA-LGG	LGG	TCGA-HW-7487	TCGA-HW-7487-01A	Codel
TCGA-LGG	LGG	TCGA-HW-7489	TCGA-HW-7489-01A	G-CIMP-high
TCGA-LGG	LGG	TCGA-HW-7490	TCGA-HW-7490-01A	G-CIMP-high
TCGA-LGG	LGG	TCGA-HW-7491	TCGA-HW-7491-01A	Codel
TCGA-LGG	LGG	TCGA-HW-7495	TCGA-HW-7495-01A	Codel
TCGA-LGG	LGG	TCGA-HW-8319	TCGA-HW-8319-01A	G-CIMP-high
TCGA-LGG	LGG	TCGA-HW-8320	TCGA-HW-8320-01A	G-CIMP-high
TCGA-LGG	LGG	TCGA-HW-8321	TCGA-HW-8321-01A	G-CIMP-high
TCGA-LGG	LGG	TCGA-HW-8322	TCGA-HW-8322-01A	Codel
TCGA-LGG	LGG	TCGA-HW-A5KJ	TCGA-HW-A5KJ-01A	Codel
TCGA-LGG	LGG	TCGA-HW-A5KK	TCGA-HW-A5KK-01A	Mesenchymal-like
TCGA-LGG	LGG	TCGA-HW-A5KL	TCGA-HW-A5KL-01A	G-CIMP-high
TCGA-LGG	LGG	TCGA-HW-A5KM	TCGA-HW-A5KM-01A	G-CIMP-high
TCGA-KIRP	KIRP	TCGA-IA-A40U	TCGA-IA-A40U-01A	C1
TCGA-KIRP	KIRP	TCGA-IA-A40X	TCGA-IA-A40X-01A	C2a
TCGA-KIRP	KIRP	TCGA-IA-A40Y	TCGA-IA-A40Y-01A	C2b
TCGA-ESCA	ESCA	TCGA-IC-A6RE	TCGA-IC-A6RE-01A	GI.HM-SNV
TCGA-ESCA	ESCA	TCGA-IG-A3I8	TCGA-IG-A3I8-01A	GI.ESCC
TCGA-ESCA	ESCA	TCGA-IG-A3QL	TCGA-IG-A3QL-01A	GI.ESCC
TCGA-ESCA	ESCA	TCGA-IG-A3Y9	TCGA-IG-A3Y9-01A	GI.ESCC
TCGA-ESCA	ESCA	TCGA-IG-A3YA	TCGA-IG-A3YA-01A	GI.ESCC
TCGA-ESCA	ESCA	TCGA-IG-A3YB	TCGA-IG-A3YB-01A	GI.ESCC
TCGA-ESCA	ESCA	TCGA-IG-A3YC	TCGA-IG-A3YC-01A	GI.ESCC
TCGA-ESCA	ESCA	TCGA-IG-A4P3	TCGA-IG-A4P3-01A	GI.ESCC
TCGA-ESCA	ESCA	TCGA-IG-A4QS	TCGA-IG-A4QS-01A	GI.CIN
TCGA-ESCA	ESCA	TCGA-IG-A50L	TCGA-IG-A50L-01A	GI.ESCC
TCGA-ESCA	ESCA	TCGA-IG-A51D	TCGA-IG-A51D-01A	GI.ESCC
TCGA-ESCA	ESCA	TCGA-IG-A5B8	TCGA-IG-A5B8-01A	GI.ESCC
TCGA-ESCA	ESCA	TCGA-IG-A5S3	TCGA-IG-A5S3-01A	GI.ESCC
TCGA-ESCA	ESCA	TCGA-IG-A625	TCGA-IG-A625-01A	GI.ESCC
TCGA-ESCA	ESCA	TCGA-IG-A6QS	TCGA-IG-A6QS-01A	GI.ESCC
TCGA-ESCA	ESCA	TCGA-IG-A8O2	TCGA-IG-A8O2-01A	GI.ESCC
TCGA-ESCA	ESCA	TCGA-IG-A97H	TCGA-IG-A97H-01A	GI.ESCC
TCGA-ESCA	ESCA	TCGA-IG-A97I	TCGA-IG-A97I-01A	GI.ESCC
TCGA-SKCM	SKCM	TCGA-IH-A3EA	TCGA-IH-A3EA-01A	BRAF Hotspot Mutants
TCGA-LGG	LGG	TCGA-IK-7675	TCGA-IK-7675-01A	G-CIMP-high
TCGA-LGG	LGG	TCGA-IK-8125	TCGA-IK-8125-01A	Codel
TCGA-THCA	THCA	TCGA-IM-A3EB	TCGA-IM-A3EB-01A	4
TCGA-THCA	THCA	TCGA-IM-A3ED	TCGA-IM-A3ED-01A	3
TCGA-THCA	THCA	TCGA-IM-A3U2	TCGA-IM-A3U2-01A	4
TCGA-THCA	THCA	TCGA-IM-A3U3	TCGA-IM-A3U3-01A	4
TCGA-THCA	THCA	TCGA-IM-A41Y	TCGA-IM-A41Y-01A	3
TCGA-THCA	THCA	TCGA-IM-A41Z	TCGA-IM-A41Z-01A	1
TCGA-THCA	THCA	TCGA-IM-A420	TCGA-IM-A420-01A	4
TCGA-THCA	THCA	TCGA-IM-A4EB	TCGA-IM-A4EB-01A	4
TCGA-STAD	STAD	TCGA-IN-7806	TCGA-IN-7806-01A	GI.CIN
TCGA-STAD	STAD	TCGA-IN-7808	TCGA-IN-7808-01A	GI.CIN
TCGA-STAD	STAD	TCGA-IN-8462	TCGA-IN-8462-01A	GI.CIN
TCGA-STAD	STAD	TCGA-IN-8663	TCGA-IN-8663-01A	GI.CIN
TCGA-STAD	STAD	TCGA-IN-A6RI	TCGA-IN-A6RI-01A	GI.CIN
TCGA-STAD	STAD	TCGA-IN-A6RJ	TCGA-IN-A6RJ-01A	GI.CIN
TCGA-STAD	STAD	TCGA-IN-A6RL	TCGA-IN-A6RL-01A	GI.HM-SNV
TCGA-STAD	STAD	TCGA-IN-A6RN	TCGA-IN-A6RN-01A	GI.CIN
TCGA-STAD	STAD	TCGA-IN-A6RO	TCGA-IN-A6RO-01A	GI.CIN
TCGA-STAD	STAD	TCGA-IN-A6RR	TCGA-IN-A6RR-01A	GI.CIN
TCGA-STAD	STAD	TCGA-IN-A6RS	TCGA-IN-A6RS-01A	GI.CIN
TCGA-STAD	STAD	TCGA-IN-A7NR	TCGA-IN-A7NR-01A	GI.CIN
TCGA-STAD	STAD	TCGA-IN-A7NT	TCGA-IN-A7NT-01A	GI.CIN
TCGA-STAD	STAD	TCGA-IN-A7NU	TCGA-IN-A7NU-01A	GI.CIN
TCGA-STAD	STAD	TCGA-IN-AB1V	TCGA-IN-AB1V-01A	GI.CIN
TCGA-STAD	STAD	TCGA-IN-AB1X	TCGA-IN-AB1X-01A	GI.CIN
TCGA-STAD	STAD	TCGA-IP-7968	TCGA-IP-7968-01A	GI.CIN
TCGA-HNSC	HNSC	TCGA-IQ-7630	TCGA-IQ-7630-01A	Basal
TCGA-HNSC	HNSC	TCGA-IQ-7631	TCGA-IQ-7631-01A	Mesenchymal
TCGA-HNSC	HNSC	TCGA-IQ-7632	TCGA-IQ-7632-01A	Basal
TCGA-KIRP	KIRP	TCGA-IZ-8195	TCGA-IZ-8195-01A	C1
TCGA-KIRP	KIRP	TCGA-IZ-8196	TCGA-IZ-8196-01A	C1
TCGA-KIRP	KIRP	TCGA-IZ-A6M8	TCGA-IZ-A6M8-01A	C1
TCGA-KIRP	KIRP	TCGA-IZ-A6M9	TCGA-IZ-A6M9-01A	C1
TCGA-PRAD	PRAD	TCGA-J4-8198	TCGA-J4-8198-01A	1-ERG
TCGA-PRAD	PRAD	TCGA-J4-8200	TCGA-J4-8200-01A	8-other
TCGA-PRAD	PRAD	TCGA-J4-A67T	TCGA-J4-A67T-01A	1-ERG
TCGA-PRAD	PRAD	TCGA-J4-A6G1	TCGA-J4-A6G1-01A	1-ERG
TCGA-PRAD	PRAD	TCGA-J4-A6G3	TCGA-J4-A6G3-01A	5-SPOP
TCGA-PRAD	PRAD	TCGA-J4-A6M7	TCGA-J4-A6M7-01A	1-ERG
TCGA-PRAD	PRAD	TCGA-J4-A83I	TCGA-J4-A83I-01A	1-ERG
TCGA-PRAD	PRAD	TCGA-J4-A83K	TCGA-J4-A83K-01A	1-ERG
TCGA-PRAD	PRAD	TCGA-J4-A83M	TCGA-J4-A83M-01A	2-ETV1
TCGA-PRAD	PRAD	TCGA-J4-A83N	TCGA-J4-A83N-01A	1-ERG
TCGA-KIRP	KIRP	TCGA-J7-6720	TCGA-J7-6720-01A	C1
TCGA-KIRP	KIRP	TCGA-J7-8537	TCGA-J7-8537-01A	C2b
TCGA-THCA	THCA	TCGA-J8-A3NZ	TCGA-J8-A3NZ-01A	3
TCGA-THCA	THCA	TCGA-J8-A3O0	TCGA-J8-A3O0-01A	1
TCGA-THCA	THCA	TCGA-J8-A3O1	TCGA-J8-A3O1-01A	3
TCGA-THCA	THCA	TCGA-J8-A3O2	TCGA-J8-A3O2-01A	2
TCGA-THCA	THCA	TCGA-J8-A3YD	TCGA-J8-A3YD-01A	2
TCGA-THCA	THCA	TCGA-J8-A3YE	TCGA-J8-A3YE-01A	3
TCGA-THCA	THCA	TCGA-J8-A3YF	TCGA-J8-A3YF-01A	4
TCGA-THCA	THCA	TCGA-J8-A3YG	TCGA-J8-A3YG-01A	3
TCGA-THCA	THCA	TCGA-J8-A3YH	TCGA-J8-A3YH-01A	5
TCGA-THCA	THCA	TCGA-J8-A42S	TCGA-J8-A42S-01A	2
TCGA-THCA	THCA	TCGA-J8-A4HW	TCGA-J8-A4HW-01A	3
TCGA-THCA	THCA	TCGA-J8-A4HY	TCGA-J8-A4HY-01A	1
TCGA-PRAD	PRAD	TCGA-J9-A52B	TCGA-J9-A52B-01A	1-ERG
TCGA-PRAD	PRAD	TCGA-J9-A8CK	TCGA-J9-A8CK-01A	1-ERG
TCGA-PRAD	PRAD	TCGA-J9-A8CL	TCGA-J9-A8CL-01A	8-other
TCGA-PRAD	PRAD	TCGA-J9-A8CM	TCGA-J9-A8CM-01A	1-ERG
TCGA-PRAD	PRAD	TCGA-J9-A8CN	TCGA-J9-A8CN-01A	8-other
TCGA-PRAD	PRAD	TCGA-J9-A8CP	TCGA-J9-A8CP-01A	6-FOXA1
TCGA-BRCA	BRCA	TCGA-JL-A3YW	TCGA-JL-A3YW-01A	Her2
TCGA-BRCA	BRCA	TCGA-JL-A3YX	TCGA-JL-A3YX-01A	LumA
TCGA-UCEC	UCEC	TCGA-JU-AAVI	TCGA-JU-AAVI-01A	CN HIGH
TCGA-ESCA	ESCA	TCGA-JY-A6F8	TCGA-JY-A6F8-01A	GI.CIN
TCGA-ESCA	ESCA	TCGA-JY-A6FB	TCGA-JY-A6FB-01A	GI.CIN
TCGA-ESCA	ESCA	TCGA-JY-A6FD	TCGA-JY-A6FD-01A	GI.ESCC
TCGA-ESCA	ESCA	TCGA-JY-A6FE	TCGA-JY-A6FE-01A	GI.ESCC
TCGA-ESCA	ESCA	TCGA-JY-A6FG	TCGA-JY-A6FG-01A	GI.ESCC
TCGA-ESCA	ESCA	TCGA-JY-A6FH	TCGA-JY-A6FH-01A	GI.CIN
TCGA-ESCA	ESCA	TCGA-JY-A938	TCGA-JY-A938-01A	GI.CIN
TCGA-ESCA	ESCA	TCGA-JY-A93C	TCGA-JY-A93C-01A	GI.CIN
TCGA-ESCA	ESCA	TCGA-JY-A93D	TCGA-JY-A93D-01A	GI.CIN
TCGA-ESCA	ESCA	TCGA-JY-A93E	TCGA-JY-A93E-01A	GI.CIN
TCGA-ESCA	ESCA	TCGA-JY-A93F	TCGA-JY-A93F-01A	GI.ESCC
TCGA-BLCA	BLCA	TCGA-K4-A3WS	TCGA-K4-A3WS-01A	2
TCGA-BLCA	BLCA	TCGA-K4-A3WU	TCGA-K4-A3WU-01B	2
TCGA-BLCA	BLCA	TCGA-K4-A3WV	TCGA-K4-A3WV-01A	3
TCGA-UCEC	UCEC	TCGA-K6-A3WQ	TCGA-K6-A3WQ-01A	CN HIGH
TCGA-LIHC	LIHC	TCGA-K7-A5RF	TCGA-K7-A5RF-01A	iCluster:2
TCGA-LIHC	LIHC	TCGA-K7-A5RG	TCGA-K7-A5RG-01A	iCluster:2
TCGA-LIHC	LIHC	TCGA-K7-A6G5	TCGA-K7-A6G5-01A	iCluster:2
TCGA-STAD	STAD	TCGA-KB-A6F7	TCGA-KB-A6F7-01A	GI.CIN
TCGA-STAD	STAD	TCGA-KB-A93J	TCGA-KB-A93J-01A	GI.CIN
TCGA-PRAD	PRAD	TCGA-KC-A4BL	TCGA-KC-A4BL-01A	8-other
TCGA-PRAD	PRAD	TCGA-KC-A4BN	TCGA-KC-A4BN-01A	1-ERG
TCGA-PRAD	PRAD	TCGA-KC-A4BR	TCGA-KC-A4BR-01A	1-ERG
TCGA-PRAD	PRAD	TCGA-KC-A4BV	TCGA-KC-A4BV-01A	1-ERG
TCGA-PRAD	PRAD	TCGA-KC-A7F3	TCGA-KC-A7F3-01A	8-other
TCGA-PRAD	PRAD	TCGA-KC-A7F6	TCGA-KC-A7F6-01A	1-ERG
TCGA-PRAD	PRAD	TCGA-KC-A7FA	TCGA-KC-A7FA-01A	8-other
TCGA-PRAD	PRAD	TCGA-KC-A7FD	TCGA-KC-A7FD-01A	3-ETV4
TCGA-PRAD	PRAD	TCGA-KC-A7FE	TCGA-KC-A7FE-01A	8-other
TCGA-ESCA	ESCA	TCGA-KH-A6WC	TCGA-KH-A6WC-01A	GI.ESCC
TCGA-PRAD	PRAD	TCGA-KK-A59X	TCGA-KK-A59X-01A	5-SPOP
TCGA-PRAD	PRAD	TCGA-KK-A59Y	TCGA-KK-A59Y-01A	1-ERG
TCGA-PRAD	PRAD	TCGA-KK-A59Z	TCGA-KK-A59Z-01A	5-SPOP
TCGA-PRAD	PRAD	TCGA-KK-A6DY	TCGA-KK-A6DY-01A	1-ERG
TCGA-PRAD	PRAD	TCGA-KK-A6E0	TCGA-KK-A6E0-01A	5-SPOP
TCGA-PRAD	PRAD	TCGA-KK-A6E1	TCGA-KK-A6E1-01A	1-ERG
TCGA-PRAD	PRAD	TCGA-KK-A6E2	TCGA-KK-A6E2-01A	1-ERG
TCGA-PRAD	PRAD	TCGA-KK-A6E5	TCGA-KK-A6E5-01A	8-other
TCGA-PRAD	PRAD	TCGA-KK-A6E6	TCGA-KK-A6E6-01A	1-ERG
TCGA-PRAD	PRAD	TCGA-KK-A7AP	TCGA-KK-A7AP-01A	2-ETV1
TCGA-PRAD	PRAD	TCGA-KK-A7AU	TCGA-KK-A7AU-01A	1-ERG
TCGA-PRAD	PRAD	TCGA-KK-A7AV	TCGA-KK-A7AV-01A	8-other
TCGA-PRAD	PRAD	TCGA-KK-A7B1	TCGA-KK-A7B1-01A	1-ERG
TCGA-PRAD	PRAD	TCGA-KK-A7B3	TCGA-KK-A7B3-01A	2-ETV1
TCGA-PRAD	PRAD	TCGA-KK-A7B4	TCGA-KK-A7B4-01A	1-ERG
TCGA-PRAD	PRAD	TCGA-KK-A8I4	TCGA-KK-A8I4-01A	1-ERG
TCGA-PRAD	PRAD	TCGA-KK-A8I5	TCGA-KK-A8I5-01A	1-ERG
TCGA-PRAD	PRAD	TCGA-KK-A8I6	TCGA-KK-A8I6-01A	1-ERG
TCGA-PRAD	PRAD	TCGA-KK-A8I8	TCGA-KK-A8I8-01A	1-ERG
TCGA-PRAD	PRAD	TCGA-KK-A8I9	TCGA-KK-A8I9-01A	5-SPOP
TCGA-PRAD	PRAD	TCGA-KK-A8IA	TCGA-KK-A8IA-01A	1-ERG
TCGA-PRAD	PRAD	TCGA-KK-A8IB	TCGA-KK-A8IB-01A	6-FOXA1
TCGA-PRAD	PRAD	TCGA-KK-A8IC	TCGA-KK-A8IC-01A	1-ERG
TCGA-PRAD	PRAD	TCGA-KK-A8ID	TCGA-KK-A8ID-01A	8-other
TCGA-PRAD	PRAD	TCGA-KK-A8IF	TCGA-KK-A8IF-01A	5-SPOP
TCGA-PRAD	PRAD	TCGA-KK-A8IG	TCGA-KK-A8IG-01A	6-FOXA1
TCGA-PRAD	PRAD	TCGA-KK-A8IH	TCGA-KK-A8IH-01A	1-ERG
TCGA-PRAD	PRAD	TCGA-KK-A8II	TCGA-KK-A8II-01A	1-ERG
TCGA-PRAD	PRAD	TCGA-KK-A8IJ	TCGA-KK-A8IJ-01A	8-other
TCGA-PRAD	PRAD	TCGA-KK-A8IK	TCGA-KK-A8IK-01A	5-SPOP
TCGA-PRAD	PRAD	TCGA-KK-A8IL	TCGA-KK-A8IL-01A	8-other
TCGA-KICH	KICH	TCGA-KL-8323	TCGA-KL-8323-01A	Eosin.0
TCGA-KICH	KICH	TCGA-KL-8324	TCGA-KL-8324-01A	Eosin.0
TCGA-KICH	KICH	TCGA-KL-8325	TCGA-KL-8325-01A	Eosin.0
TCGA-KICH	KICH	TCGA-KL-8326	TCGA-KL-8326-01A	Eosin.1
TCGA-KICH	KICH	TCGA-KL-8327	TCGA-KL-8327-01A	Eosin.0
TCGA-KICH	KICH	TCGA-KL-8328	TCGA-KL-8328-01A	Eosin.0
TCGA-KICH	KICH	TCGA-KL-8329	TCGA-KL-8329-01A	Eosin.0
TCGA-KICH	KICH	TCGA-KL-8330	TCGA-KL-8330-01A	Eosin.1
TCGA-KICH	KICH	TCGA-KL-8331	TCGA-KL-8331-01A	Eosin.0
TCGA-KICH	KICH	TCGA-KL-8332	TCGA-KL-8332-01A	Eosin.0
TCGA-KICH	KICH	TCGA-KL-8333	TCGA-KL-8333-01A	Eosin.0
TCGA-KICH	KICH	TCGA-KL-8334	TCGA-KL-8334-01A	Eosin.0
TCGA-KICH	KICH	TCGA-KL-8335	TCGA-KL-8335-01A	Eosin.0
TCGA-KICH	KICH	TCGA-KL-8336	TCGA-KL-8336-01A	Eosin.0
TCGA-KICH	KICH	TCGA-KL-8337	TCGA-KL-8337-01A	Eosin.0
TCGA-KICH	KICH	TCGA-KL-8338	TCGA-KL-8338-01A	Eosin.0
TCGA-KICH	KICH	TCGA-KL-8339	TCGA-KL-8339-01A	Eosin.1
TCGA-KICH	KICH	TCGA-KL-8340	TCGA-KL-8340-01A	Eosin.0
TCGA-KICH	KICH	TCGA-KL-8341	TCGA-KL-8341-01A	Eosin.0
TCGA-KICH	KICH	TCGA-KL-8342	TCGA-KL-8342-01A	Eosin.0
TCGA-KICH	KICH	TCGA-KL-8343	TCGA-KL-8343-01A	Eosin.1
TCGA-KICH	KICH	TCGA-KL-8344	TCGA-KL-8344-01A	Eosin.1
TCGA-KICH	KICH	TCGA-KL-8345	TCGA-KL-8345-01A	Eosin.0
TCGA-KICH	KICH	TCGA-KL-8346	TCGA-KL-8346-01A	Eosin.0
TCGA-KICH	KICH	TCGA-KM-8438	TCGA-KM-8438-01A	Eosin.0
TCGA-KICH	KICH	TCGA-KM-8439	TCGA-KM-8439-01A	Eosin.1
TCGA-KICH	KICH	TCGA-KM-8440	TCGA-KM-8440-01A	Eosin.0
TCGA-KICH	KICH	TCGA-KM-8441	TCGA-KM-8441-01A	Eosin.1
TCGA-KICH	KICH	TCGA-KM-8442	TCGA-KM-8442-01A	Eosin.0
TCGA-KICH	KICH	TCGA-KM-8443	TCGA-KM-8443-01A	Eosin.1
TCGA-KICH	KICH	TCGA-KM-8476	TCGA-KM-8476-01A	Eosin.0
TCGA-KICH	KICH	TCGA-KM-8477	TCGA-KM-8477-01A	Eosin.1
TCGA-KICH	KICH	TCGA-KM-8639	TCGA-KM-8639-01A	Eosin.1
TCGA-KICH	KICH	TCGA-KN-8418	TCGA-KN-8418-01A	Eosin.0
TCGA-KICH	KICH	TCGA-KN-8419	TCGA-KN-8419-01A	Eosin.1
TCGA-KICH	KICH	TCGA-KN-8421	TCGA-KN-8421-01A	Eosin.1
TCGA-KICH	KICH	TCGA-KN-8422	TCGA-KN-8422-01A	Eosin.0
TCGA-KICH	KICH	TCGA-KN-8423	TCGA-KN-8423-01A	Eosin.0
TCGA-KICH	KICH	TCGA-KN-8424	TCGA-KN-8424-01A	Eosin.0
TCGA-KICH	KICH	TCGA-KN-8425	TCGA-KN-8425-01A	Eosin.0
TCGA-KICH	KICH	TCGA-KN-8426	TCGA-KN-8426-01A	Eosin.0
TCGA-KICH	KICH	TCGA-KN-8427	TCGA-KN-8427-01A	Eosin.1
TCGA-KICH	KICH	TCGA-KN-8428	TCGA-KN-8428-01A	Eosin.1
TCGA-KICH	KICH	TCGA-KN-8429	TCGA-KN-8429-01A	Eosin.0
TCGA-KICH	KICH	TCGA-KN-8430	TCGA-KN-8430-01A	Eosin.0
TCGA-KICH	KICH	TCGA-KN-8431	TCGA-KN-8431-01A	Eosin.0
TCGA-KICH	KICH	TCGA-KN-8432	TCGA-KN-8432-01A	Eosin.0
TCGA-KICH	KICH	TCGA-KN-8433	TCGA-KN-8433-01A	Eosin.0
TCGA-KICH	KICH	TCGA-KN-8434	TCGA-KN-8434-01A	Eosin.0
TCGA-KICH	KICH	TCGA-KN-8435	TCGA-KN-8435-01A	Eosin.1
TCGA-KICH	KICH	TCGA-KN-8436	TCGA-KN-8436-01A	Eosin.1
TCGA-KICH	KICH	TCGA-KN-8437	TCGA-KN-8437-01A	Eosin.1
TCGA-KICH	KICH	TCGA-KO-8403	TCGA-KO-8403-01A	Eosin.0
TCGA-KICH	KICH	TCGA-KO-8404	TCGA-KO-8404-01A	Eosin.0
TCGA-KICH	KICH	TCGA-KO-8405	TCGA-KO-8405-01A	Eosin.0
TCGA-KICH	KICH	TCGA-KO-8406	TCGA-KO-8406-01A	Eosin.0
TCGA-KICH	KICH	TCGA-KO-8407	TCGA-KO-8407-01A	Eosin.0
TCGA-KICH	KICH	TCGA-KO-8408	TCGA-KO-8408-01A	Eosin.1
TCGA-KICH	KICH	TCGA-KO-8409	TCGA-KO-8409-01A	Eosin.1
TCGA-KICH	KICH	TCGA-KO-8410	TCGA-KO-8410-01A	Eosin.0
TCGA-KICH	KICH	TCGA-KO-8411	TCGA-KO-8411-01A	Eosin.0
TCGA-KICH	KICH	TCGA-KO-8413	TCGA-KO-8413-01A	Eosin.0
TCGA-KICH	KICH	TCGA-KO-8414	TCGA-KO-8414-01A	Eosin.0
TCGA-KICH	KICH	TCGA-KO-8415	TCGA-KO-8415-01A	Eosin.0
TCGA-KICH	KICH	TCGA-KO-8416	TCGA-KO-8416-01A	Eosin.0
TCGA-KICH	KICH	TCGA-KO-8417	TCGA-KO-8417-01A	Eosin.0
TCGA-UCEC	UCEC	TCGA-KP-A3VZ	TCGA-KP-A3VZ-01A	CN HIGH
TCGA-UCEC	UCEC	TCGA-KP-A3W0	TCGA-KP-A3W0-01A	CN LOW
TCGA-UCEC	UCEC	TCGA-KP-A3W1	TCGA-KP-A3W1-01A	CN HIGH
TCGA-UCEC	UCEC	TCGA-KP-A3W3	TCGA-KP-A3W3-01A	CN HIGH
TCGA-UCEC	UCEC	TCGA-KP-A3W4	TCGA-KP-A3W4-01A	CN HIGH
TCGA-LIHC	LIHC	TCGA-KR-A7K0	TCGA-KR-A7K0-01A	iCluster:2
TCGA-LIHC	LIHC	TCGA-KR-A7K7	TCGA-KR-A7K7-01A	iCluster:3
TCGA-LIHC	LIHC	TCGA-KR-A7K8	TCGA-KR-A7K8-01A	iCluster:2
TCGA-THCA	THCA	TCGA-KS-A41F	TCGA-KS-A41F-01A	5
TCGA-THCA	THCA	TCGA-KS-A41I	TCGA-KS-A41I-01A	1
TCGA-THCA	THCA	TCGA-KS-A41J	TCGA-KS-A41J-01A	3
TCGA-THCA	THCA	TCGA-KS-A41L	TCGA-KS-A41L-01A	1
TCGA-THCA	THCA	TCGA-KS-A4I1	TCGA-KS-A4I1-01A	5
TCGA-THCA	THCA	TCGA-KS-A4I3	TCGA-KS-A4I3-01A	3
TCGA-THCA	THCA	TCGA-KS-A4I5	TCGA-KS-A4I5-01A	5
TCGA-THCA	THCA	TCGA-KS-A4I7	TCGA-KS-A4I7-01A	5
TCGA-THCA	THCA	TCGA-KS-A4I9	TCGA-KS-A4I9-01A	3
TCGA-THCA	THCA	TCGA-KS-A4IB	TCGA-KS-A4IB-01A	3
TCGA-THCA	THCA	TCGA-KS-A4IC	TCGA-KS-A4IC-01A	5
TCGA-THCA	THCA	TCGA-KS-A4ID	TCGA-KS-A4ID-01A	1
TCGA-LGG	LGG	TCGA-KT-A74X	TCGA-KT-A74X-01A	Codel
TCGA-LGG	LGG	TCGA-KT-A7W1	TCGA-KT-A7W1-01A	Classic-like
TCGA-KIRP	KIRP	TCGA-KV-A6GD	TCGA-KV-A6GD-01A	C2a
TCGA-KIRP	KIRP	TCGA-KV-A6GE	TCGA-KV-A6GE-01A	C1
TCGA-ESCA	ESCA	TCGA-L5-A43C	TCGA-L5-A43C-01A	GI.CIN
TCGA-ESCA	ESCA	TCGA-L5-A43H	TCGA-L5-A43H-01A	GI.ESCC
TCGA-ESCA	ESCA	TCGA-L5-A43I	TCGA-L5-A43I-01A	GI.CIN
TCGA-ESCA	ESCA	TCGA-L5-A43J	TCGA-L5-A43J-01A	GI.ESCC
TCGA-ESCA	ESCA	TCGA-L5-A4OE	TCGA-L5-A4OE-01A	GI.CIN
TCGA-ESCA	ESCA	TCGA-L5-A4OF	TCGA-L5-A4OF-01A	GI.GS
TCGA-ESCA	ESCA	TCGA-L5-A4OG	TCGA-L5-A4OG-01A	GI.CIN
TCGA-ESCA	ESCA	TCGA-L5-A4OH	TCGA-L5-A4OH-01A	GI.CIN
TCGA-ESCA	ESCA	TCGA-L5-A4OI	TCGA-L5-A4OI-01A	GI.MSI
TCGA-ESCA	ESCA	TCGA-L5-A4OJ	TCGA-L5-A4OJ-01A	GI.CIN
TCGA-ESCA	ESCA	TCGA-L5-A4OM	TCGA-L5-A4OM-01A	GI.ESCC
TCGA-ESCA	ESCA	TCGA-L5-A4ON	TCGA-L5-A4ON-01A	GI.CIN
TCGA-ESCA	ESCA	TCGA-L5-A4OO	TCGA-L5-A4OO-01A	GI.CIN
TCGA-ESCA	ESCA	TCGA-L5-A4OP	TCGA-L5-A4OP-01A	GI.CIN
TCGA-ESCA	ESCA	TCGA-L5-A4OQ	TCGA-L5-A4OQ-01A	GI.CIN
TCGA-ESCA	ESCA	TCGA-L5-A4OR	TCGA-L5-A4OR-01A	GI.CIN
TCGA-ESCA	ESCA	TCGA-L5-A4OS	TCGA-L5-A4OS-01A	GI.CIN
TCGA-ESCA	ESCA	TCGA-L5-A4OT	TCGA-L5-A4OT-01A	GI.CIN
TCGA-ESCA	ESCA	TCGA-L5-A4OU	TCGA-L5-A4OU-01A	GI.CIN
TCGA-ESCA	ESCA	TCGA-L5-A4OW	TCGA-L5-A4OW-01A	GI.CIN
TCGA-ESCA	ESCA	TCGA-L5-A4OX	TCGA-L5-A4OX-01A	GI.CIN
TCGA-ESCA	ESCA	TCGA-L5-A88S	TCGA-L5-A88S-01A	GI.ESCC
TCGA-ESCA	ESCA	TCGA-L5-A88V	TCGA-L5-A88V-01A	GI.CIN
TCGA-ESCA	ESCA	TCGA-L5-A88W	TCGA-L5-A88W-01A	GI.ESCC
TCGA-ESCA	ESCA	TCGA-L5-A88Y	TCGA-L5-A88Y-01A	GI.CIN
TCGA-ESCA	ESCA	TCGA-L5-A88Z	TCGA-L5-A88Z-01A	GI.ESCC
TCGA-ESCA	ESCA	TCGA-L5-A891	TCGA-L5-A891-01A	GI.CIN
TCGA-ESCA	ESCA	TCGA-L5-A8NE	TCGA-L5-A8NE-01A	GI.CIN
TCGA-ESCA	ESCA	TCGA-L5-A8NF	TCGA-L5-A8NF-01A	GI.CIN
TCGA-ESCA	ESCA	TCGA-L5-A8NG	TCGA-L5-A8NG-01A	GI.CIN
TCGA-ESCA	ESCA	TCGA-L5-A8NH	TCGA-L5-A8NH-01A	GI.CIN
TCGA-ESCA	ESCA	TCGA-L5-A8NI	TCGA-L5-A8NI-01A	GI.CIN
TCGA-ESCA	ESCA	TCGA-L5-A8NJ	TCGA-L5-A8NJ-01A	GI.CIN
TCGA-ESCA	ESCA	TCGA-L5-A8NK	TCGA-L5-A8NK-01A	GI.ESCC
TCGA-ESCA	ESCA	TCGA-L5-A8NL	TCGA-L5-A8NL-01A	GI.CIN
TCGA-ESCA	ESCA	TCGA-L5-A8NM	TCGA-L5-A8NM-01A	GI.MSI
TCGA-ESCA	ESCA	TCGA-L5-A8NN	TCGA-L5-A8NN-01A	GI.CIN
TCGA-ESCA	ESCA	TCGA-L5-A8NQ	TCGA-L5-A8NQ-01A	GI.ESCC
TCGA-ESCA	ESCA	TCGA-L5-A8NR	TCGA-L5-A8NR-01A	GI.CIN
TCGA-ESCA	ESCA	TCGA-L5-A8NS	TCGA-L5-A8NS-01A	GI.HM-SNV
TCGA-ESCA	ESCA	TCGA-L5-A8NT	TCGA-L5-A8NT-01A	GI.CIN
TCGA-ESCA	ESCA	TCGA-L5-A8NU	TCGA-L5-A8NU-01A	GI.CIN
TCGA-ESCA	ESCA	TCGA-L5-A8NV	TCGA-L5-A8NV-01A	GI.CIN
TCGA-ESCA	ESCA	TCGA-L5-A8NW	TCGA-L5-A8NW-01A	GI.CIN
TCGA-THCA	THCA	TCGA-L6-A4EQ	TCGA-L6-A4EQ-01A	5
TCGA-THCA	THCA	TCGA-L6-A4ET	TCGA-L6-A4ET-01A	5
TCGA-THCA	THCA	TCGA-L6-A4EU	TCGA-L6-A4EU-01A	4
TCGA-ESCA	ESCA	TCGA-L7-A56G	TCGA-L7-A56G-01A	GI.ESCC
TCGA-ESCA	ESCA	TCGA-L7-A6VZ	TCGA-L7-A6VZ-01A	GI.CIN
TCGA-BRCA	BRCA	TCGA-LD-A66U	TCGA-LD-A66U-01A	LumA
TCGA-BRCA	BRCA	TCGA-LD-A74U	TCGA-LD-A74U-01A	LumA
TCGA-BRCA	BRCA	TCGA-LD-A7W5	TCGA-LD-A7W5-01A	LumA
TCGA-BRCA	BRCA	TCGA-LD-A7W6	TCGA-LD-A7W6-01A	LumA
TCGA-BRCA	BRCA	TCGA-LD-A9QF	TCGA-LD-A9QF-01A	Normal
TCGA-LIHC	LIHC	TCGA-LG-A6GG	TCGA-LG-A6GG-01A	iCluster:3
TCGA-BRCA	BRCA	TCGA-LL-A440	TCGA-LL-A440-01A	LumA
TCGA-BRCA	BRCA	TCGA-LL-A441	TCGA-LL-A441-01A	Normal
TCGA-BRCA	BRCA	TCGA-LL-A442	TCGA-LL-A442-01A	LumA
TCGA-BRCA	BRCA	TCGA-LL-A50Y	TCGA-LL-A50Y-01A	LumA
TCGA-BRCA	BRCA	TCGA-LL-A5YL	TCGA-LL-A5YL-01A	LumA
TCGA-BRCA	BRCA	TCGA-LL-A5YM	TCGA-LL-A5YM-01A	LumB
TCGA-BRCA	BRCA	TCGA-LL-A5YN	TCGA-LL-A5YN-01A	LumA
TCGA-BRCA	BRCA	TCGA-LL-A5YO	TCGA-LL-A5YO-01A	Her2
TCGA-BRCA	BRCA	TCGA-LL-A5YP	TCGA-LL-A5YP-01A	Basal
TCGA-BRCA	BRCA	TCGA-LL-A6FP	TCGA-LL-A6FP-01A	LumA
TCGA-BRCA	BRCA	TCGA-LL-A6FQ	TCGA-LL-A6FQ-01A	LumA
TCGA-BRCA	BRCA	TCGA-LL-A6FR	TCGA-LL-A6FR-01A	Basal
TCGA-BRCA	BRCA	TCGA-LL-A73Y	TCGA-LL-A73Y-01A	Basal
TCGA-BRCA	BRCA	TCGA-LL-A73Z	TCGA-LL-A73Z-01A	Normal
TCGA-BRCA	BRCA	TCGA-LL-A740	TCGA-LL-A740-01A	LumA
TCGA-BRCA	BRCA	TCGA-LL-A7SZ	TCGA-LL-A7SZ-01A	LumA
TCGA-BRCA	BRCA	TCGA-LL-A7T0	TCGA-LL-A7T0-01A	LumB
TCGA-BRCA	BRCA	TCGA-LL-A8F5	TCGA-LL-A8F5-01A	Basal
TCGA-BRCA	BRCA	TCGA-LL-A9Q3	TCGA-LL-A9Q3-01A	LumA
TCGA-ESCA	ESCA	TCGA-LN-A49K	TCGA-LN-A49K-01A	GI.ESCC
TCGA-ESCA	ESCA	TCGA-LN-A49L	TCGA-LN-A49L-01A	GI.ESCC
TCGA-ESCA	ESCA	TCGA-LN-A49M	TCGA-LN-A49M-01A	GI.ESCC
TCGA-ESCA	ESCA	TCGA-LN-A49N	TCGA-LN-A49N-01A	GI.ESCC
TCGA-ESCA	ESCA	TCGA-LN-A49O	TCGA-LN-A49O-01A	GI.ESCC
TCGA-ESCA	ESCA	TCGA-LN-A49P	TCGA-LN-A49P-01A	GI.ESCC
TCGA-ESCA	ESCA	TCGA-LN-A49R	TCGA-LN-A49R-01A	GI.ESCC
TCGA-ESCA	ESCA	TCGA-LN-A49S	TCGA-LN-A49S-01A	GI.ESCC
TCGA-ESCA	ESCA	TCGA-LN-A49U	TCGA-LN-A49U-01A	GI.ESCC
TCGA-ESCA	ESCA	TCGA-LN-A49W	TCGA-LN-A49W-01A	GI.ESCC
TCGA-ESCA	ESCA	TCGA-LN-A49X	TCGA-LN-A49X-01A	GI.ESCC
TCGA-ESCA	ESCA	TCGA-LN-A49Y	TCGA-LN-A49Y-01A	GI.ESCC
TCGA-ESCA	ESCA	TCGA-LN-A4A1	TCGA-LN-A4A1-01A	GI.ESCC
TCGA-ESCA	ESCA	TCGA-LN-A4A2	TCGA-LN-A4A2-01A	GI.ESCC
TCGA-ESCA	ESCA	TCGA-LN-A4A3	TCGA-LN-A4A3-01A	GI.ESCC
TCGA-ESCA	ESCA	TCGA-LN-A4A4	TCGA-LN-A4A4-01A	GI.ESCC
TCGA-ESCA	ESCA	TCGA-LN-A4A5	TCGA-LN-A4A5-01A	GI.ESCC
TCGA-ESCA	ESCA	TCGA-LN-A4A6	TCGA-LN-A4A6-01A	GI.ESCC
TCGA-ESCA	ESCA	TCGA-LN-A4A8	TCGA-LN-A4A8-01A	GI.ESCC
TCGA-ESCA	ESCA	TCGA-LN-A4A9	TCGA-LN-A4A9-01A	GI.ESCC
TCGA-ESCA	ESCA	TCGA-LN-A4MQ	TCGA-LN-A4MQ-01A	GI.ESCC
TCGA-ESCA	ESCA	TCGA-LN-A4MR	TCGA-LN-A4MR-01A	GI.ESCC
TCGA-ESCA	ESCA	TCGA-LN-A5U5	TCGA-LN-A5U5-01A	GI.ESCC
TCGA-ESCA	ESCA	TCGA-LN-A5U6	TCGA-LN-A5U6-01A	GI.ESCC
TCGA-ESCA	ESCA	TCGA-LN-A5U7	TCGA-LN-A5U7-01A	GI.ESCC
TCGA-ESCA	ESCA	TCGA-LN-A7HV	TCGA-LN-A7HV-01A	GI.ESCC
TCGA-ESCA	ESCA	TCGA-LN-A7HW	TCGA-LN-A7HW-01A	GI.ESCC
TCGA-ESCA	ESCA	TCGA-LN-A7HX	TCGA-LN-A7HX-01A	GI.ESCC
TCGA-ESCA	ESCA	TCGA-LN-A7HY	TCGA-LN-A7HY-01A	GI.ESCC
TCGA-ESCA	ESCA	TCGA-LN-A7HZ	TCGA-LN-A7HZ-01A	GI.ESCC
TCGA-ESCA	ESCA	TCGA-LN-A8HZ	TCGA-LN-A8HZ-01A	GI.ESCC
TCGA-ESCA	ESCA	TCGA-LN-A8I0	TCGA-LN-A8I0-01A	GI.ESCC
TCGA-ESCA	ESCA	TCGA-LN-A8I1	TCGA-LN-A8I1-01A	GI.ESCC
TCGA-ESCA	ESCA	TCGA-LN-A9FO	TCGA-LN-A9FO-01A	GI.ESCC
TCGA-ESCA	ESCA	TCGA-LN-A9FP	TCGA-LN-A9FP-01A	GI.ESCC
TCGA-ESCA	ESCA	TCGA-LN-A9FQ	TCGA-LN-A9FQ-01A	GI.ESCC
TCGA-ESCA	ESCA	TCGA-LN-A9FR	TCGA-LN-A9FR-01A	GI.ESCC
TCGA-BRCA	BRCA	TCGA-LQ-A4E4	TCGA-LQ-A4E4-01A	LumA
TCGA-PRAD	PRAD	TCGA-M7-A71Y	TCGA-M7-A71Y-01A	2-ETV1
TCGA-PRAD	PRAD	TCGA-M7-A720	TCGA-M7-A720-01A	1-ERG
TCGA-PRAD	PRAD	TCGA-M7-A721	TCGA-M7-A721-01A	8-other
TCGA-PRAD	PRAD	TCGA-M7-A725	TCGA-M7-A725-01A	3-ETV4
TCGA-ESCA	ESCA	TCGA-M9-A5M8	TCGA-M9-A5M8-01A	GI.CIN
TCGA-KIRP	KIRP	TCGA-MH-A55W	TCGA-MH-A55W-01A	C1
TCGA-KIRP	KIRP	TCGA-MH-A55Z	TCGA-MH-A55Z-01A	C1
TCGA-KIRP	KIRP	TCGA-MH-A560	TCGA-MH-A560-01A	C2a
TCGA-KIRP	KIRP	TCGA-MH-A561	TCGA-MH-A561-01A	C1
TCGA-KIRP	KIRP	TCGA-MH-A562	TCGA-MH-A562-01A	C1
TCGA-LIHC	LIHC	TCGA-MI-A75C	TCGA-MI-A75C-01A	iCluster:2
TCGA-LIHC	LIHC	TCGA-MI-A75E	TCGA-MI-A75E-01A	iCluster:2
TCGA-LIHC	LIHC	TCGA-MI-A75G	TCGA-MI-A75G-01A	iCluster:3
TCGA-LIHC	LIHC	TCGA-MI-A75H	TCGA-MI-A75H-01A	iCluster:3
TCGA-LIHC	LIHC	TCGA-MI-A75I	TCGA-MI-A75I-01A	iCluster:3
TCGA-THCA	THCA	TCGA-MK-A4N6	TCGA-MK-A4N6-01A	4
TCGA-THCA	THCA	TCGA-MK-A4N7	TCGA-MK-A4N7-01A	5
TCGA-THCA	THCA	TCGA-MK-A4N9	TCGA-MK-A4N9-01A	5
TCGA-LIHC	LIHC	TCGA-MR-A520	TCGA-MR-A520-01A	iCluster:2
TCGA-BRCA	BRCA	TCGA-MS-A51U	TCGA-MS-A51U-01A	LumA
TCGA-STAD	STAD	TCGA-MX-A5UG	TCGA-MX-A5UG-01A	GI.GS
TCGA-STAD	STAD	TCGA-MX-A5UJ	TCGA-MX-A5UJ-01A	GI.MSI
TCGA-STAD	STAD	TCGA-MX-A5UJ	TCGA-MX-A5UJ-01B	GI.MSI
TCGA-STAD	STAD	TCGA-MX-A663	TCGA-MX-A663-01A	GI.CIN
TCGA-STAD	STAD	TCGA-MX-A666	TCGA-MX-A666-01A	GI.CIN
TCGA-UCS	UCS	TCGA-N5-A4R8	TCGA-N5-A4R8-01A	1
TCGA-UCS	UCS	TCGA-N5-A4RA	TCGA-N5-A4RA-01A	1
TCGA-UCS	UCS	TCGA-N5-A4RD	TCGA-N5-A4RD-01A	1
TCGA-UCS	UCS	TCGA-N5-A4RF	TCGA-N5-A4RF-01A	2
TCGA-UCS	UCS	TCGA-N5-A4RJ	TCGA-N5-A4RJ-01A	2
TCGA-UCS	UCS	TCGA-N5-A4RM	TCGA-N5-A4RM-01A	2
TCGA-UCS	UCS	TCGA-N5-A4RN	TCGA-N5-A4RN-01A	2
TCGA-UCS	UCS	TCGA-N5-A4RO	TCGA-N5-A4RO-01A	1
TCGA-UCS	UCS	TCGA-N5-A4RS	TCGA-N5-A4RS-01A	2
TCGA-UCS	UCS	TCGA-N5-A4RT	TCGA-N5-A4RT-01A	2
TCGA-UCS	UCS	TCGA-N5-A4RU	TCGA-N5-A4RU-01A	2
TCGA-UCS	UCS	TCGA-N5-A4RV	TCGA-N5-A4RV-01A	2
TCGA-UCS	UCS	TCGA-N5-A59E	TCGA-N5-A59E-01A	1
TCGA-UCS	UCS	TCGA-N5-A59F	TCGA-N5-A59F-01A	2
TCGA-UCS	UCS	TCGA-N6-A4V9	TCGA-N6-A4V9-01A	2
TCGA-UCS	UCS	TCGA-N6-A4VC	TCGA-N6-A4VC-01A	2
TCGA-UCS	UCS	TCGA-N6-A4VD	TCGA-N6-A4VD-01A	2
TCGA-UCS	UCS	TCGA-N6-A4VE	TCGA-N6-A4VE-01A	2
TCGA-UCS	UCS	TCGA-N6-A4VF	TCGA-N6-A4VF-01A	2
TCGA-UCS	UCS	TCGA-N6-A4VG	TCGA-N6-A4VG-01A	2
TCGA-UCS	UCS	TCGA-N7-A4Y0	TCGA-N7-A4Y0-01A	2
TCGA-UCS	UCS	TCGA-N7-A4Y5	TCGA-N7-A4Y5-01A	1
TCGA-UCS	UCS	TCGA-N7-A4Y8	TCGA-N7-A4Y8-01A	1
TCGA-UCS	UCS	TCGA-N7-A59B	TCGA-N7-A59B-01A	2
TCGA-UCS	UCS	TCGA-N8-A4PI	TCGA-N8-A4PI-01A	2
TCGA-UCS	UCS	TCGA-N8-A4PL	TCGA-N8-A4PL-01A	2
TCGA-UCS	UCS	TCGA-N8-A4PM	TCGA-N8-A4PM-01A	2
TCGA-UCS	UCS	TCGA-N8-A4PN	TCGA-N8-A4PN-01A	1
TCGA-UCS	UCS	TCGA-N8-A4PO	TCGA-N8-A4PO-01A	2
TCGA-UCS	UCS	TCGA-N8-A4PP	TCGA-N8-A4PP-01A	2
TCGA-UCS	UCS	TCGA-N8-A4PQ	TCGA-N8-A4PQ-01A	1
TCGA-UCS	UCS	TCGA-N8-A56S	TCGA-N8-A56S-01A	1
TCGA-UCS	UCS	TCGA-N9-A4PZ	TCGA-N9-A4PZ-01A	2
TCGA-UCS	UCS	TCGA-N9-A4Q1	TCGA-N9-A4Q1-01A	1
TCGA-UCS	UCS	TCGA-N9-A4Q3	TCGA-N9-A4Q3-01A	2
TCGA-UCS	UCS	TCGA-N9-A4Q4	TCGA-N9-A4Q4-01A	1
TCGA-UCS	UCS	TCGA-N9-A4Q7	TCGA-N9-A4Q7-01A	2
TCGA-UCS	UCS	TCGA-N9-A4Q8	TCGA-N9-A4Q8-01A	2
TCGA-UCS	UCS	TCGA-NA-A4QV	TCGA-NA-A4QV-01A	2
TCGA-UCS	UCS	TCGA-NA-A4QW	TCGA-NA-A4QW-01A	1
TCGA-UCS	UCS	TCGA-NA-A4QX	TCGA-NA-A4QX-01A	1
TCGA-UCS	UCS	TCGA-NA-A4QY	TCGA-NA-A4QY-01A	2
TCGA-UCS	UCS	TCGA-NA-A4R0	TCGA-NA-A4R0-01A	2
TCGA-UCS	UCS	TCGA-NA-A4R1	TCGA-NA-A4R1-01A	2
TCGA-UCS	UCS	TCGA-NA-A5I1	TCGA-NA-A5I1-01A	2
TCGA-UCS	UCS	TCGA-ND-A4W6	TCGA-ND-A4W6-01A	1
TCGA-UCS	UCS	TCGA-ND-A4WA	TCGA-ND-A4WA-01A	2
TCGA-UCS	UCS	TCGA-ND-A4WC	TCGA-ND-A4WC-01A	2
TCGA-UCS	UCS	TCGA-ND-A4WF	TCGA-ND-A4WF-01A	1
TCGA-UCS	UCS	TCGA-NF-A4WU	TCGA-NF-A4WU-01A	2
TCGA-UCS	UCS	TCGA-NF-A4WX	TCGA-NF-A4WX-01A	2
TCGA-UCS	UCS	TCGA-NF-A4X2	TCGA-NF-A4X2-01A	2
TCGA-UCS	UCS	TCGA-NF-A5CP	TCGA-NF-A5CP-01A	2
TCGA-UCS	UCS	TCGA-NG-A4VU	TCGA-NG-A4VU-01A	1
TCGA-UCS	UCS	TCGA-NG-A4VW	TCGA-NG-A4VW-01A	2
TCGA-COAD	COAD	TCGA-NH-A50T	TCGA-NH-A50T-01A	GI.CIN
TCGA-COAD	COAD	TCGA-NH-A50U	TCGA-NH-A50U-01A	GI.CIN
TCGA-COAD	COAD	TCGA-NH-A50V	TCGA-NH-A50V-01A	GI.CIN
TCGA-COAD	COAD	TCGA-NH-A50V	TCGA-NH-A50V-01B	GI.CIN
TCGA-COAD	COAD	TCGA-NH-A5IV	TCGA-NH-A5IV-01A	GI.MSI
TCGA-COAD	COAD	TCGA-NH-A6GA	TCGA-NH-A6GA-01A	GI.CIN
TCGA-COAD	COAD	TCGA-NH-A6GB	TCGA-NH-A6GB-01A	GI.CIN
TCGA-COAD	COAD	TCGA-NH-A6GC	TCGA-NH-A6GC-01A	GI.CIN
TCGA-COAD	COAD	TCGA-NH-A6GC	TCGA-NH-A6GC-06A	GI.CIN
TCGA-COAD	COAD	TCGA-NH-A6GC	TCGA-NH-A6GC-06Z	GI.CIN
TCGA-COAD	COAD	TCGA-NH-A8F7	TCGA-NH-A8F7-01A	GI.CIN
TCGA-COAD	COAD	TCGA-NH-A8F7	TCGA-NH-A8F7-06A	GI.CIN
TCGA-COAD	COAD	TCGA-NH-A8F8	TCGA-NH-A8F8-01A	GI.CIN
TCGA-LIHC	LIHC	TCGA-NI-A4U2	TCGA-NI-A4U2-01A	iCluster:2
TCGA-LIHC	LIHC	TCGA-O8-A75V	TCGA-O8-A75V-01A	iCluster:2
TCGA-BRCA	BRCA	TCGA-OK-A5Q2	TCGA-OK-A5Q2-01A	LumA
TCGA-BRCA	BRCA	TCGA-OL-A5D6	TCGA-OL-A5D6-01A	Normal
TCGA-BRCA	BRCA	TCGA-OL-A5D7	TCGA-OL-A5D7-01A	Basal
TCGA-BRCA	BRCA	TCGA-OL-A5D8	TCGA-OL-A5D8-01A	LumA
TCGA-BRCA	BRCA	TCGA-OL-A5DA	TCGA-OL-A5DA-01A	LumA
TCGA-BRCA	BRCA	TCGA-OL-A5RU	TCGA-OL-A5RU-01A	LumA
TCGA-BRCA	BRCA	TCGA-OL-A5RV	TCGA-OL-A5RV-01A	LumA
TCGA-BRCA	BRCA	TCGA-OL-A5RW	TCGA-OL-A5RW-01A	Basal
TCGA-BRCA	BRCA	TCGA-OL-A5RX	TCGA-OL-A5RX-01A	LumA
TCGA-BRCA	BRCA	TCGA-OL-A5RY	TCGA-OL-A5RY-01A	Normal
TCGA-BRCA	BRCA	TCGA-OL-A5RZ	TCGA-OL-A5RZ-01A	Her2
TCGA-BRCA	BRCA	TCGA-OL-A5S0	TCGA-OL-A5S0-01A	Basal
TCGA-BRCA	BRCA	TCGA-OL-A66H	TCGA-OL-A66H-01A	LumA
TCGA-BRCA	BRCA	TCGA-OL-A66I	TCGA-OL-A66I-01A	Basal
TCGA-BRCA	BRCA	TCGA-OL-A66J	TCGA-OL-A66J-01A	LumA
TCGA-BRCA	BRCA	TCGA-OL-A66K	TCGA-OL-A66K-01A	LumA
TCGA-BRCA	BRCA	TCGA-OL-A66L	TCGA-OL-A66L-01A	LumA
TCGA-BRCA	BRCA	TCGA-OL-A66N	TCGA-OL-A66N-01A	LumA
TCGA-BRCA	BRCA	TCGA-OL-A66O	TCGA-OL-A66O-01A	LumA
TCGA-BRCA	BRCA	TCGA-OL-A66P	TCGA-OL-A66P-01A	Her2
TCGA-BRCA	BRCA	TCGA-OL-A6VO	TCGA-OL-A6VO-01A	Basal
TCGA-BRCA	BRCA	TCGA-OL-A6VQ	TCGA-OL-A6VQ-01A	LumA
TCGA-BRCA	BRCA	TCGA-OL-A6VR	TCGA-OL-A6VR-01A	LumA
TCGA-BRCA	BRCA	TCGA-OL-A97C	TCGA-OL-A97C-01A	Normal
TCGA-ACC	ACC	TCGA-OR-A5J1	TCGA-OR-A5J1-01A	CIMP-high
TCGA-ACC	ACC	TCGA-OR-A5J2	TCGA-OR-A5J2-01A	CIMP-low
TCGA-ACC	ACC	TCGA-OR-A5J3	TCGA-OR-A5J3-01A	CIMP-intermediate
TCGA-ACC	ACC	TCGA-OR-A5J4	TCGA-OR-A5J4-01A	CIMP-high
TCGA-ACC	ACC	TCGA-OR-A5J5	TCGA-OR-A5J5-01A	CIMP-intermediate
TCGA-ACC	ACC	TCGA-OR-A5J6	TCGA-OR-A5J6-01A	CIMP-low
TCGA-ACC	ACC	TCGA-OR-A5J7	TCGA-OR-A5J7-01A	CIMP-high
TCGA-ACC	ACC	TCGA-OR-A5J8	TCGA-OR-A5J8-01A	CIMP-intermediate
TCGA-ACC	ACC	TCGA-OR-A5J9	TCGA-OR-A5J9-01A	CIMP-high
TCGA-ACC	ACC	TCGA-OR-A5JA	TCGA-OR-A5JA-01A	CIMP-high
TCGA-ACC	ACC	TCGA-OR-A5JB	TCGA-OR-A5JB-01A	CIMP-low
TCGA-ACC	ACC	TCGA-OR-A5JC	TCGA-OR-A5JC-01A	CIMP-intermediate
TCGA-ACC	ACC	TCGA-OR-A5JD	TCGA-OR-A5JD-01A	CIMP-low
TCGA-ACC	ACC	TCGA-OR-A5JE	TCGA-OR-A5JE-01A	CIMP-high
TCGA-ACC	ACC	TCGA-OR-A5JF	TCGA-OR-A5JF-01A	CIMP-intermediate
TCGA-ACC	ACC	TCGA-OR-A5JG	TCGA-OR-A5JG-01A	CIMP-high
TCGA-ACC	ACC	TCGA-OR-A5JI	TCGA-OR-A5JI-01A	CIMP-intermediate
TCGA-ACC	ACC	TCGA-OR-A5JJ	TCGA-OR-A5JJ-01A	CIMP-intermediate
TCGA-ACC	ACC	TCGA-OR-A5JK	TCGA-OR-A5JK-01A	CIMP-low
TCGA-ACC	ACC	TCGA-OR-A5JL	TCGA-OR-A5JL-01A	CIMP-low
TCGA-ACC	ACC	TCGA-OR-A5JM	TCGA-OR-A5JM-01A	CIMP-high
TCGA-ACC	ACC	TCGA-OR-A5JO	TCGA-OR-A5JO-01A	CIMP-low
TCGA-ACC	ACC	TCGA-OR-A5JP	TCGA-OR-A5JP-01A	CIMP-high
TCGA-ACC	ACC	TCGA-OR-A5JQ	TCGA-OR-A5JQ-01A	CIMP-low
TCGA-ACC	ACC	TCGA-OR-A5JR	TCGA-OR-A5JR-01A	CIMP-low
TCGA-ACC	ACC	TCGA-OR-A5JS	TCGA-OR-A5JS-01A	CIMP-intermediate
TCGA-ACC	ACC	TCGA-OR-A5JT	TCGA-OR-A5JT-01A	CIMP-low
TCGA-ACC	ACC	TCGA-OR-A5JV	TCGA-OR-A5JV-01A	CIMP-low
TCGA-ACC	ACC	TCGA-OR-A5JW	TCGA-OR-A5JW-01A	CIMP-intermediate
TCGA-ACC	ACC	TCGA-OR-A5JX	TCGA-OR-A5JX-01A	CIMP-low
TCGA-ACC	ACC	TCGA-OR-A5JY	TCGA-OR-A5JY-01A	CIMP-high
TCGA-ACC	ACC	TCGA-OR-A5JZ	TCGA-OR-A5JZ-01A	CIMP-low
TCGA-ACC	ACC	TCGA-OR-A5K0	TCGA-OR-A5K0-01A	CIMP-high
TCGA-ACC	ACC	TCGA-OR-A5K1	TCGA-OR-A5K1-01A	CIMP-low
TCGA-ACC	ACC	TCGA-OR-A5K2	TCGA-OR-A5K2-01A	CIMP-high
TCGA-ACC	ACC	TCGA-OR-A5K3	TCGA-OR-A5K3-01A	CIMP-intermediate
TCGA-ACC	ACC	TCGA-OR-A5K4	TCGA-OR-A5K4-01A	CIMP-low
TCGA-ACC	ACC	TCGA-OR-A5K5	TCGA-OR-A5K5-01A	CIMP-high
TCGA-ACC	ACC	TCGA-OR-A5K6	TCGA-OR-A5K6-01A	CIMP-intermediate
TCGA-ACC	ACC	TCGA-OR-A5K8	TCGA-OR-A5K8-01A	CIMP-intermediate
TCGA-ACC	ACC	TCGA-OR-A5K9	TCGA-OR-A5K9-01A	CIMP-high
TCGA-ACC	ACC	TCGA-OR-A5KO	TCGA-OR-A5KO-01A	CIMP-intermediate
TCGA-ACC	ACC	TCGA-OR-A5KT	TCGA-OR-A5KT-01A	CIMP-low
TCGA-ACC	ACC	TCGA-OR-A5KU	TCGA-OR-A5KU-01A	CIMP-intermediate
TCGA-ACC	ACC	TCGA-OR-A5KV	TCGA-OR-A5KV-01A	CIMP-low
TCGA-ACC	ACC	TCGA-OR-A5KW	TCGA-OR-A5KW-01A	CIMP-low
TCGA-ACC	ACC	TCGA-OR-A5KX	TCGA-OR-A5KX-01A	CIMP-high
TCGA-ACC	ACC	TCGA-OR-A5KY	TCGA-OR-A5KY-01A	CIMP-intermediate
TCGA-ACC	ACC	TCGA-OR-A5KZ	TCGA-OR-A5KZ-01A	CIMP-intermediate
TCGA-ACC	ACC	TCGA-OR-A5L3	TCGA-OR-A5L3-01A	CIMP-low
TCGA-ACC	ACC	TCGA-OR-A5L4	TCGA-OR-A5L4-01A	CIMP-low
TCGA-ACC	ACC	TCGA-OR-A5L5	TCGA-OR-A5L5-01A	CIMP-low
TCGA-ACC	ACC	TCGA-OR-A5L6	TCGA-OR-A5L6-01A	CIMP-intermediate
TCGA-ACC	ACC	TCGA-OR-A5L8	TCGA-OR-A5L8-01A	CIMP-low
TCGA-ACC	ACC	TCGA-OR-A5L9	TCGA-OR-A5L9-01A	CIMP-low
TCGA-ACC	ACC	TCGA-OR-A5LA	TCGA-OR-A5LA-01A	CIMP-low
TCGA-ACC	ACC	TCGA-OR-A5LB	TCGA-OR-A5LB-01A	CIMP-intermediate
TCGA-ACC	ACC	TCGA-OR-A5LC	TCGA-OR-A5LC-01A	CIMP-intermediate
TCGA-ACC	ACC	TCGA-OR-A5LD	TCGA-OR-A5LD-01A	CIMP-high
TCGA-ACC	ACC	TCGA-OR-A5LE	TCGA-OR-A5LE-01A	CIMP-high
TCGA-ACC	ACC	TCGA-OR-A5LG	TCGA-OR-A5LG-01A	CIMP-low
TCGA-ACC	ACC	TCGA-OR-A5LH	TCGA-OR-A5LH-01A	CIMP-low
TCGA-ACC	ACC	TCGA-OR-A5LJ	TCGA-OR-A5LJ-01A	CIMP-intermediate
TCGA-ACC	ACC	TCGA-OR-A5LK	TCGA-OR-A5LK-01A	CIMP-intermediate
TCGA-ACC	ACC	TCGA-OR-A5LL	TCGA-OR-A5LL-01A	CIMP-low
TCGA-ACC	ACC	TCGA-OR-A5LM	TCGA-OR-A5LM-01A	CIMP-intermediate
TCGA-ACC	ACC	TCGA-OR-A5LN	TCGA-OR-A5LN-01A	CIMP-low
TCGA-ACC	ACC	TCGA-OR-A5LO	TCGA-OR-A5LO-01A	CIMP-high
TCGA-ACC	ACC	TCGA-OR-A5LP	TCGA-OR-A5LP-01A	CIMP-low
TCGA-ACC	ACC	TCGA-OR-A5LR	TCGA-OR-A5LR-01A	CIMP-low
TCGA-ACC	ACC	TCGA-OR-A5LS	TCGA-OR-A5LS-01A	CIMP-intermediate
TCGA-ACC	ACC	TCGA-OR-A5LT	TCGA-OR-A5LT-01A	CIMP-intermediate
TCGA-ACC	ACC	TCGA-OU-A5PI	TCGA-OU-A5PI-01A	CIMP-intermediate
TCGA-GBM	GBM	TCGA-OX-A56R	TCGA-OX-A56R-01A	Mesenchymal-like
TCGA-KIRP	KIRP	TCGA-P4-A5E6	TCGA-P4-A5E6-01A	C2a
TCGA-KIRP	KIRP	TCGA-P4-A5E7	TCGA-P4-A5E7-01A	C1
TCGA-KIRP	KIRP	TCGA-P4-A5E8	TCGA-P4-A5E8-01A	C2c - CIMP
TCGA-KIRP	KIRP	TCGA-P4-A5EA	TCGA-P4-A5EA-01A	C2c - CIMP
TCGA-KIRP	KIRP	TCGA-P4-A5EB	TCGA-P4-A5EB-01A	C1
TCGA-KIRP	KIRP	TCGA-P4-A5ED	TCGA-P4-A5ED-01A	C2a
TCGA-KIRP	KIRP	TCGA-P4-A5ED	TCGA-P4-A5ED-01B	C2a
TCGA-LGG	LGG	TCGA-P5-A5ET	TCGA-P5-A5ET-01A	Codel
TCGA-LGG	LGG	TCGA-P5-A5EU	TCGA-P5-A5EU-01A	G-CIMP-low
TCGA-LGG	LGG	TCGA-P5-A5EV	TCGA-P5-A5EV-01A	G-CIMP-high
TCGA-LGG	LGG	TCGA-P5-A5EW	TCGA-P5-A5EW-01A	G-CIMP-high
TCGA-LGG	LGG	TCGA-P5-A5EX	TCGA-P5-A5EX-01A	Codel
TCGA-LGG	LGG	TCGA-P5-A5EY	TCGA-P5-A5EY-01A	PA-like
TCGA-LGG	LGG	TCGA-P5-A5EZ	TCGA-P5-A5EZ-01A	G-CIMP-high
TCGA-LGG	LGG	TCGA-P5-A5F0	TCGA-P5-A5F0-01A	Codel
TCGA-LGG	LGG	TCGA-P5-A5F1	TCGA-P5-A5F1-01A	G-CIMP-high
TCGA-LGG	LGG	TCGA-P5-A5F2	TCGA-P5-A5F2-01A	G-CIMP-high
TCGA-LGG	LGG	TCGA-P5-A5F4	TCGA-P5-A5F4-01A	G-CIMP-high
TCGA-LGG	LGG	TCGA-P5-A5F6	TCGA-P5-A5F6-01A	PA-like
TCGA-LGG	LGG	TCGA-P5-A72U	TCGA-P5-A72U-01A	Classic-like
TCGA-LGG	LGG	TCGA-P5-A72W	TCGA-P5-A72W-01A	G-CIMP-high
TCGA-LGG	LGG	TCGA-P5-A72X	TCGA-P5-A72X-01A	G-CIMP-high
TCGA-LGG	LGG	TCGA-P5-A72Z	TCGA-P5-A72Z-01A	Codel
TCGA-LGG	LGG	TCGA-P5-A730	TCGA-P5-A730-01A	Codel
TCGA-LGG	LGG	TCGA-P5-A731	TCGA-P5-A731-01A	G-CIMP-high
TCGA-LGG	LGG	TCGA-P5-A733	TCGA-P5-A733-01A	G-CIMP-high
TCGA-LGG	LGG	TCGA-P5-A735	TCGA-P5-A735-01A	G-CIMP-high
TCGA-LGG	LGG	TCGA-P5-A736	TCGA-P5-A736-01A	G-CIMP-high
TCGA-LGG	LGG	TCGA-P5-A737	TCGA-P5-A737-01A	Codel
TCGA-LGG	LGG	TCGA-P5-A77W	TCGA-P5-A77W-01A	Codel
TCGA-LGG	LGG	TCGA-P5-A77X	TCGA-P5-A77X-01A	Codel
TCGA-LGG	LGG	TCGA-P5-A780	TCGA-P5-A780-01A	G-CIMP-high
TCGA-LGG	LGG	TCGA-P5-A781	TCGA-P5-A781-01A	Codel
TCGA-ACC	ACC	TCGA-P6-A5OF	TCGA-P6-A5OF-01A	CIMP-intermediate
TCGA-PCPG	PCPG	TCGA-P7-A5NY	TCGA-P7-A5NY-01A	Kinase signaling
TCGA-PCPG	PCPG	TCGA-P8-A5KC	TCGA-P8-A5KC-01A	Wnt-altered
TCGA-PCPG	PCPG	TCGA-P8-A5KD	TCGA-P8-A5KD-01A	Kinase signaling
TCGA-PCPG	PCPG	TCGA-P8-A6RX	TCGA-P8-A6RX-01A	Pseudohypoxia
TCGA-PCPG	PCPG	TCGA-P8-A6RY	TCGA-P8-A6RY-01A	Pseudohypoxia
TCGA-ACC	ACC	TCGA-PA-A5YG	TCGA-PA-A5YG-01A	CIMP-low
TCGA-LIHC	LIHC	TCGA-PD-A5DF	TCGA-PD-A5DF-01A	iCluster:3
TCGA-BRCA	BRCA	TCGA-PE-A5DC	TCGA-PE-A5DC-01A	LumA
TCGA-BRCA	BRCA	TCGA-PE-A5DD	TCGA-PE-A5DD-01A	LumA
TCGA-BRCA	BRCA	TCGA-PE-A5DE	TCGA-PE-A5DE-01A	LumA
TCGA-UCEC	UCEC	TCGA-PG-A5BC	TCGA-PG-A5BC-01A	CN HIGH
TCGA-UCEC	UCEC	TCGA-PG-A6IB	TCGA-PG-A6IB-01A	MSI
TCGA-UCEC	UCEC	TCGA-PG-A7D5	TCGA-PG-A7D5-01A	CN HIGH
TCGA-UCEC	UCEC	TCGA-PG-A914	TCGA-PG-A914-01A	CN HIGH
TCGA-UCEC	UCEC	TCGA-PG-A915	TCGA-PG-A915-01A	CN HIGH
TCGA-UCEC	UCEC	TCGA-PG-A916	TCGA-PG-A916-01A	CN LOW
TCGA-UCEC	UCEC	TCGA-PG-A917	TCGA-PG-A917-01A	MSI
TCGA-KIRP	KIRP	TCGA-PJ-A5Z8	TCGA-PJ-A5Z8-01A	C2a
TCGA-KIRP	KIRP	TCGA-PJ-A5Z9	TCGA-PJ-A5Z9-01A	C1
TCGA-ACC	ACC	TCGA-PK-A5H8	TCGA-PK-A5H8-01A	CIMP-intermediate
TCGA-ACC	ACC	TCGA-PK-A5H9	TCGA-PK-A5H9-01A	CIMP-low
TCGA-ACC	ACC	TCGA-PK-A5HA	TCGA-PK-A5HA-01A	CIMP-high
TCGA-ACC	ACC	TCGA-PK-A5HB	TCGA-PK-A5HB-01A	CIMP-high
TCGA-BRCA	BRCA	TCGA-PL-A8LV	TCGA-PL-A8LV-01A	Basal
TCGA-BRCA	BRCA	TCGA-PL-A8LX	TCGA-PL-A8LX-01A	LumA
TCGA-BRCA	BRCA	TCGA-PL-A8LY	TCGA-PL-A8LY-01A	Normal
TCGA-BRCA	BRCA	TCGA-PL-A8LZ	TCGA-PL-A8LZ-01A	Basal
TCGA-PCPG	PCPG	TCGA-PR-A5PF	TCGA-PR-A5PF-01A	Wnt-altered
TCGA-PCPG	PCPG	TCGA-PR-A5PG	TCGA-PR-A5PG-01A	Kinase signaling
TCGA-PCPG	PCPG	TCGA-PR-A5PH	TCGA-PR-A5PH-01A	Wnt-altered
TCGA-KIRP	KIRP	TCGA-Q2-A5QZ	TCGA-Q2-A5QZ-01A	C2b
TCGA-ESCA	ESCA	TCGA-Q9-A6FU	TCGA-Q9-A6FU-01A	GI.ESCC
TCGA-ESCA	ESCA	TCGA-Q9-A6FW	TCGA-Q9-A6FW-01A	GI.CIN
TCGA-LIHC	LIHC	TCGA-QA-A7B7	TCGA-QA-A7B7-01A	iCluster:3
TCGA-UCEC	UCEC	TCGA-QF-A5YS	TCGA-QF-A5YS-01A	POLE
TCGA-UCEC	UCEC	TCGA-QF-A5YT	TCGA-QF-A5YT-01A	CN LOW
TCGA-COAD	COAD	TCGA-QG-A5YV	TCGA-QG-A5YV-01A	GI.CIN
TCGA-COAD	COAD	TCGA-QG-A5YW	TCGA-QG-A5YW-01A	GI.CIN
TCGA-COAD	COAD	TCGA-QG-A5YX	TCGA-QG-A5YX-01A	GI.CIN
TCGA-COAD	COAD	TCGA-QG-A5Z1	TCGA-QG-A5Z1-01A	GI.CIN
TCGA-COAD	COAD	TCGA-QG-A5Z2	TCGA-QG-A5Z2-01A	GI.MSI
TCGA-LGG	LGG	TCGA-QH-A65R	TCGA-QH-A65R-01A	Codel
TCGA-LGG	LGG	TCGA-QH-A65S	TCGA-QH-A65S-01A	G-CIMP-high
TCGA-LGG	LGG	TCGA-QH-A65V	TCGA-QH-A65V-01A	Codel
TCGA-LGG	LGG	TCGA-QH-A65X	TCGA-QH-A65X-01A	Codel
TCGA-LGG	LGG	TCGA-QH-A65Z	TCGA-QH-A65Z-01A	Codel
TCGA-LGG	LGG	TCGA-QH-A6CS	TCGA-QH-A6CS-01A	PA-like
TCGA-LGG	LGG	TCGA-QH-A6CU	TCGA-QH-A6CU-01A	Codel
TCGA-LGG	LGG	TCGA-QH-A6CV	TCGA-QH-A6CV-01A	Classic-like
TCGA-LGG	LGG	TCGA-QH-A6CW	TCGA-QH-A6CW-01A	G-CIMP-high
TCGA-LGG	LGG	TCGA-QH-A6CX	TCGA-QH-A6CX-01A	Mesenchymal-like
TCGA-LGG	LGG	TCGA-QH-A6CY	TCGA-QH-A6CY-01A	Codel
TCGA-LGG	LGG	TCGA-QH-A6CZ	TCGA-QH-A6CZ-01A	Codel
TCGA-LGG	LGG	TCGA-QH-A6X3	TCGA-QH-A6X3-01A	G-CIMP-high
TCGA-LGG	LGG	TCGA-QH-A6X4	TCGA-QH-A6X4-01A	Codel
TCGA-LGG	LGG	TCGA-QH-A6X5	TCGA-QH-A6X5-01A	Codel
TCGA-LGG	LGG	TCGA-QH-A6X8	TCGA-QH-A6X8-01A	Codel
TCGA-LGG	LGG	TCGA-QH-A6X9	TCGA-QH-A6X9-01A	G-CIMP-high
TCGA-LGG	LGG	TCGA-QH-A6XA	TCGA-QH-A6XA-01A	G-CIMP-high
TCGA-LGG	LGG	TCGA-QH-A6XC	TCGA-QH-A6XC-01A	Classic-like
TCGA-LGG	LGG	TCGA-QH-A86X	TCGA-QH-A86X-01A	Codel
TCGA-LGG	LGG	TCGA-QH-A870	TCGA-QH-A870-01A	G-CIMP-high
TCGA-COAD	COAD	TCGA-QL-A97D	TCGA-QL-A97D-01A	GI.CIN
TCGA-UCS	UCS	TCGA-QM-A5NM	TCGA-QM-A5NM-01A	2
TCGA-UCS	UCS	TCGA-QN-A5NN	TCGA-QN-A5NN-01A	2
TCGA-PCPG	PCPG	TCGA-QR-A6GO	TCGA-QR-A6GO-01A	Kinase signaling
TCGA-PCPG	PCPG	TCGA-QR-A6GR	TCGA-QR-A6GR-01A	Cortical admixture
TCGA-PCPG	PCPG	TCGA-QR-A6GS	TCGA-QR-A6GS-01A	Kinase signaling
TCGA-PCPG	PCPG	TCGA-QR-A6GU	TCGA-QR-A6GU-01A	Pseudohypoxia
TCGA-PCPG	PCPG	TCGA-QR-A6GW	TCGA-QR-A6GW-01A	Kinase signaling
TCGA-PCPG	PCPG	TCGA-QR-A6GX	TCGA-QR-A6GX-01A	Pseudohypoxia
TCGA-PCPG	PCPG	TCGA-QR-A6GY	TCGA-QR-A6GY-01A	Wnt-altered
TCGA-PCPG	PCPG	TCGA-QR-A6GZ	TCGA-QR-A6GZ-01A	Pseudohypoxia
TCGA-PCPG	PCPG	TCGA-QR-A6H0	TCGA-QR-A6H0-01A	Pseudohypoxia
TCGA-PCPG	PCPG	TCGA-QR-A6H1	TCGA-QR-A6H1-01A	Kinase signaling
TCGA-PCPG	PCPG	TCGA-QR-A6H2	TCGA-QR-A6H2-01A	Wnt-altered
TCGA-PCPG	PCPG	TCGA-QR-A6H3	TCGA-QR-A6H3-01A	Pseudohypoxia
TCGA-PCPG	PCPG	TCGA-QR-A6H5	TCGA-QR-A6H5-01A	Pseudohypoxia
TCGA-PCPG	PCPG	TCGA-QR-A6H6	TCGA-QR-A6H6-01A	Pseudohypoxia
TCGA-PCPG	PCPG	TCGA-QR-A6ZZ	TCGA-QR-A6ZZ-01A	Pseudohypoxia
TCGA-PCPG	PCPG	TCGA-QR-A700	TCGA-QR-A700-01A	Wnt-altered
TCGA-PCPG	PCPG	TCGA-QR-A702	TCGA-QR-A702-01A	Kinase signaling
TCGA-PCPG	PCPG	TCGA-QR-A703	TCGA-QR-A703-01A	Pseudohypoxia
TCGA-PCPG	PCPG	TCGA-QR-A705	TCGA-QR-A705-01A	Pseudohypoxia
TCGA-PCPG	PCPG	TCGA-QR-A706	TCGA-QR-A706-01A	Pseudohypoxia
TCGA-PCPG	PCPG	TCGA-QR-A707	TCGA-QR-A707-01A	Kinase signaling
TCGA-PCPG	PCPG	TCGA-QR-A708	TCGA-QR-A708-01A	Wnt-altered
TCGA-PCPG	PCPG	TCGA-QR-A70A	TCGA-QR-A70A-01A	Pseudohypoxia
TCGA-PCPG	PCPG	TCGA-QR-A70C	TCGA-QR-A70C-01A	Wnt-altered
TCGA-PCPG	PCPG	TCGA-QR-A70E	TCGA-QR-A70E-01A	Pseudohypoxia
TCGA-PCPG	PCPG	TCGA-QR-A70G	TCGA-QR-A70G-01B	Cortical admixture
TCGA-PCPG	PCPG	TCGA-QR-A70H	TCGA-QR-A70H-01A	Wnt-altered
TCGA-PCPG	PCPG	TCGA-QR-A70I	TCGA-QR-A70I-01A	Pseudohypoxia
TCGA-PCPG	PCPG	TCGA-QR-A70J	TCGA-QR-A70J-01A	Pseudohypoxia
TCGA-PCPG	PCPG	TCGA-QR-A70K	TCGA-QR-A70K-01A	Kinase signaling
TCGA-PCPG	PCPG	TCGA-QR-A70M	TCGA-QR-A70M-01A	Kinase signaling
TCGA-PCPG	PCPG	TCGA-QR-A70N	TCGA-QR-A70N-01A	Pseudohypoxia
TCGA-PCPG	PCPG	TCGA-QR-A70O	TCGA-QR-A70O-01A	Kinase signaling
TCGA-PCPG	PCPG	TCGA-QR-A70P	TCGA-QR-A70P-01A	Pseudohypoxia
TCGA-PCPG	PCPG	TCGA-QR-A70R	TCGA-QR-A70R-01A	Wnt-altered
TCGA-PCPG	PCPG	TCGA-QR-A70T	TCGA-QR-A70T-01A	Pseudohypoxia
TCGA-PCPG	PCPG	TCGA-QR-A70U	TCGA-QR-A70U-01A	Kinase signaling
TCGA-PCPG	PCPG	TCGA-QR-A70V	TCGA-QR-A70V-01A	Kinase signaling
TCGA-PCPG	PCPG	TCGA-QR-A70W	TCGA-QR-A70W-01A	Kinase signaling
TCGA-PCPG	PCPG	TCGA-QR-A70X	TCGA-QR-A70X-01A	Cortical admixture
TCGA-PCPG	PCPG	TCGA-QR-A7IN	TCGA-QR-A7IN-01A	Pseudohypoxia
TCGA-PCPG	PCPG	TCGA-QR-A7IP	TCGA-QR-A7IP-01A	Pseudohypoxia
TCGA-UCEC	UCEC	TCGA-QS-A5YQ	TCGA-QS-A5YQ-01A	POLE
TCGA-UCEC	UCEC	TCGA-QS-A5YR	TCGA-QS-A5YR-01A	MSI
TCGA-UCEC	UCEC	TCGA-QS-A744	TCGA-QS-A744-01A	CN LOW
TCGA-UCEC	UCEC	TCGA-QS-A8F1	TCGA-QS-A8F1-01A	CN HIGH
TCGA-PCPG	PCPG	TCGA-QT-A5XJ	TCGA-QT-A5XJ-01A	Pseudohypoxia
TCGA-PCPG	PCPG	TCGA-QT-A5XK	TCGA-QT-A5XK-01A	Kinase signaling
TCGA-PCPG	PCPG	TCGA-QT-A5XL	TCGA-QT-A5XL-01A	Pseudohypoxia
TCGA-PCPG	PCPG	TCGA-QT-A5XM	TCGA-QT-A5XM-01A	Kinase signaling
TCGA-PCPG	PCPG	TCGA-QT-A5XN	TCGA-QT-A5XN-01A	Kinase signaling
TCGA-PCPG	PCPG	TCGA-QT-A5XO	TCGA-QT-A5XO-01A	Kinase signaling
TCGA-PCPG	PCPG	TCGA-QT-A5XP	TCGA-QT-A5XP-01A	Kinase signaling
TCGA-PCPG	PCPG	TCGA-QT-A69Q	TCGA-QT-A69Q-01A	Wnt-altered
TCGA-PCPG	PCPG	TCGA-QT-A7U0	TCGA-QT-A7U0-01A	Pseudohypoxia
TCGA-PRAD	PRAD	TCGA-QU-A6IP	TCGA-QU-A6IP-01A	1-ERG
TCGA-STAD	STAD	TCGA-R5-A7O7	TCGA-R5-A7O7-01A	GI.CIN
TCGA-STAD	STAD	TCGA-R5-A7ZE	TCGA-R5-A7ZE-01B	GI.CIN
TCGA-STAD	STAD	TCGA-R5-A7ZF	TCGA-R5-A7ZF-01A	GI.CIN
TCGA-STAD	STAD	TCGA-R5-A7ZI	TCGA-R5-A7ZI-01A	GI.MSI
TCGA-STAD	STAD	TCGA-R5-A7ZR	TCGA-R5-A7ZR-01A	GI.CIN
TCGA-STAD	STAD	TCGA-R5-A805	TCGA-R5-A805-01A	GI.CIN
TCGA-ESCA	ESCA	TCGA-R6-A6DN	TCGA-R6-A6DN-01B	GI.CIN
TCGA-ESCA	ESCA	TCGA-R6-A6DQ	TCGA-R6-A6DQ-01B	GI.CIN
TCGA-ESCA	ESCA	TCGA-R6-A6KZ	TCGA-R6-A6KZ-01A	GI.CIN
TCGA-ESCA	ESCA	TCGA-R6-A6L4	TCGA-R6-A6L4-01A	GI.CIN
TCGA-ESCA	ESCA	TCGA-R6-A6L6	TCGA-R6-A6L6-01B	GI.CIN
TCGA-ESCA	ESCA	TCGA-R6-A6XG	TCGA-R6-A6XG-01B	GI.CIN
TCGA-ESCA	ESCA	TCGA-R6-A6XQ	TCGA-R6-A6XQ-01B	GI.CIN
TCGA-ESCA	ESCA	TCGA-R6-A6Y2	TCGA-R6-A6Y2-01B	GI.CIN
TCGA-ESCA	ESCA	TCGA-R6-A8W5	TCGA-R6-A8W5-01B	GI.CIN
TCGA-ESCA	ESCA	TCGA-R6-A8W8	TCGA-R6-A8W8-01B	GI.CIN
TCGA-ESCA	ESCA	TCGA-R6-A8WC	TCGA-R6-A8WC-01A	GI.CIN
TCGA-ESCA	ESCA	TCGA-R6-A8WG	TCGA-R6-A8WG-01A	GI.CIN
TCGA-LGG	LGG	TCGA-R8-A6MK	TCGA-R8-A6MK-01A	Codel
TCGA-LGG	LGG	TCGA-R8-A6ML	TCGA-R8-A6ML-01A	Codel
TCGA-LGG	LGG	TCGA-R8-A6MO	TCGA-R8-A6MO-01A	Codel
TCGA-LGG	LGG	TCGA-R8-A6YH	TCGA-R8-A6YH-01A	G-CIMP-high
TCGA-LGG	LGG	TCGA-R8-A73M	TCGA-R8-A73M-01A	Codel
TCGA-LIHC	LIHC	TCGA-RC-A6M3	TCGA-RC-A6M3-01A	iCluster:1
TCGA-LIHC	LIHC	TCGA-RC-A6M4	TCGA-RC-A6M4-01A	iCluster:3
TCGA-LIHC	LIHC	TCGA-RC-A6M5	TCGA-RC-A6M5-01A	iCluster:1
TCGA-LIHC	LIHC	TCGA-RC-A6M6	TCGA-RC-A6M6-01A	iCluster:1
TCGA-LIHC	LIHC	TCGA-RC-A7S9	TCGA-RC-A7S9-01A	iCluster:1
TCGA-LIHC	LIHC	TCGA-RC-A7SB	TCGA-RC-A7SB-01A	iCluster:3
TCGA-LIHC	LIHC	TCGA-RC-A7SF	TCGA-RC-A7SF-01A	iCluster:3
TCGA-LIHC	LIHC	TCGA-RC-A7SK	TCGA-RC-A7SK-01A	iCluster:3
TCGA-STAD	STAD	TCGA-RD-A7BS	TCGA-RD-A7BS-01A	GI.GS
TCGA-STAD	STAD	TCGA-RD-A7BW	TCGA-RD-A7BW-01A	GI.CIN
TCGA-STAD	STAD	TCGA-RD-A7C1	TCGA-RD-A7C1-01A	GI.CIN
TCGA-STAD	STAD	TCGA-RD-A8MV	TCGA-RD-A8MV-01A	GI.CIN
TCGA-STAD	STAD	TCGA-RD-A8MW	TCGA-RD-A8MW-01A	GI.CIN
TCGA-STAD	STAD	TCGA-RD-A8N0	TCGA-RD-A8N0-01A	GI.GS
TCGA-STAD	STAD	TCGA-RD-A8N1	TCGA-RD-A8N1-01A	GI.CIN
TCGA-STAD	STAD	TCGA-RD-A8N2	TCGA-RD-A8N2-01A	GI.GS
TCGA-STAD	STAD	TCGA-RD-A8N4	TCGA-RD-A8N4-01A	GI.GS
TCGA-STAD	STAD	TCGA-RD-A8N5	TCGA-RD-A8N5-01A	GI.CIN
TCGA-STAD	STAD	TCGA-RD-A8N6	TCGA-RD-A8N6-01A	GI.CIN
TCGA-STAD	STAD	TCGA-RD-A8N9	TCGA-RD-A8N9-01A	GI.CIN
TCGA-STAD	STAD	TCGA-RD-A8NB	TCGA-RD-A8NB-01A	GI.MSI
TCGA-ESCA	ESCA	TCGA-RE-A7BO	TCGA-RE-A7BO-01A	GI.CIN
TCGA-LIHC	LIHC	TCGA-RG-A7D4	TCGA-RG-A7D4-01A	iCluster:3
TCGA-GBM	GBM	TCGA-RR-A6KA	TCGA-RR-A6KA-01A	Mesenchymal-like
TCGA-GBM	GBM	TCGA-RR-A6KB	TCGA-RR-A6KB-01A	Mesenchymal-like
TCGA-GBM	GBM	TCGA-RR-A6KC	TCGA-RR-A6KC-01A	Classic-like
TCGA-PCPG	PCPG	TCGA-RT-A6Y9	TCGA-RT-A6Y9-01A	Pseudohypoxia
TCGA-PCPG	PCPG	TCGA-RT-A6YA	TCGA-RT-A6YA-01A	Kinase signaling
TCGA-PCPG	PCPG	TCGA-RT-A6YC	TCGA-RT-A6YC-01A	Kinase signaling
TCGA-COAD	COAD	TCGA-RU-A8FL	TCGA-RU-A8FL-01A	GI.CIN
TCGA-PCPG	PCPG	TCGA-RW-A67V	TCGA-RW-A67V-01A	Wnt-altered
TCGA-PCPG	PCPG	TCGA-RW-A67W	TCGA-RW-A67W-01A	Kinase signaling
TCGA-PCPG	PCPG	TCGA-RW-A67X	TCGA-RW-A67X-01A	Pseudohypoxia
TCGA-PCPG	PCPG	TCGA-RW-A67Y	TCGA-RW-A67Y-01A	Kinase signaling
TCGA-PCPG	PCPG	TCGA-RW-A680	TCGA-RW-A680-01A	Pseudohypoxia
TCGA-PCPG	PCPG	TCGA-RW-A681	TCGA-RW-A681-01A	Pseudohypoxia
TCGA-PCPG	PCPG	TCGA-RW-A684	TCGA-RW-A684-01A	Kinase signaling
TCGA-PCPG	PCPG	TCGA-RW-A685	TCGA-RW-A685-01A	Cortical admixture
TCGA-PCPG	PCPG	TCGA-RW-A686	TCGA-RW-A686-01A	Wnt-altered
TCGA-PCPG	PCPG	TCGA-RW-A688	TCGA-RW-A688-01A	Kinase signaling
TCGA-PCPG	PCPG	TCGA-RW-A689	TCGA-RW-A689-01A	Kinase signaling
TCGA-PCPG	PCPG	TCGA-RW-A68A	TCGA-RW-A68A-01A	Kinase signaling
TCGA-PCPG	PCPG	TCGA-RW-A68B	TCGA-RW-A68B-01A	Kinase signaling
TCGA-PCPG	PCPG	TCGA-RW-A68C	TCGA-RW-A68C-01A	Pseudohypoxia
TCGA-PCPG	PCPG	TCGA-RW-A68D	TCGA-RW-A68D-01A	Pseudohypoxia
TCGA-PCPG	PCPG	TCGA-RW-A68F	TCGA-RW-A68F-01A	Pseudohypoxia
TCGA-PCPG	PCPG	TCGA-RW-A68G	TCGA-RW-A68G-01A	Cortical admixture
TCGA-PCPG	PCPG	TCGA-RW-A7CZ	TCGA-RW-A7CZ-01A	Pseudohypoxia
TCGA-PCPG	PCPG	TCGA-RW-A7D0	TCGA-RW-A7D0-01A	Kinase signaling
TCGA-PCPG	PCPG	TCGA-RW-A8AZ	TCGA-RW-A8AZ-01A	Wnt-altered
TCGA-PCPG	PCPG	TCGA-RX-A8JQ	TCGA-RX-A8JQ-01A	Kinase signaling
TCGA-LGG	LGG	TCGA-RY-A83X	TCGA-RY-A83X-01A	Codel
TCGA-LGG	LGG	TCGA-RY-A83Y	TCGA-RY-A83Y-01A	Codel
TCGA-LGG	LGG	TCGA-RY-A83Z	TCGA-RY-A83Z-01A	G-CIMP-low
TCGA-LGG	LGG	TCGA-RY-A840	TCGA-RY-A840-01A	Codel
TCGA-LGG	LGG	TCGA-RY-A843	TCGA-RY-A843-01A	G-CIMP-high
TCGA-LGG	LGG	TCGA-RY-A845	TCGA-RY-A845-01A	G-CIMP-high
TCGA-LGG	LGG	TCGA-RY-A847	TCGA-RY-A847-01A	Codel
TCGA-BRCA	BRCA	TCGA-S3-A6ZF	TCGA-S3-A6ZF-01A	LumB
TCGA-BRCA	BRCA	TCGA-S3-A6ZG	TCGA-S3-A6ZG-01A	LumA
TCGA-BRCA	BRCA	TCGA-S3-A6ZH	TCGA-S3-A6ZH-01A	LumA
TCGA-BRCA	BRCA	TCGA-S3-AA0Z	TCGA-S3-AA0Z-01A	Basal
TCGA-BRCA	BRCA	TCGA-S3-AA10	TCGA-S3-AA10-01A	Basal
TCGA-BRCA	BRCA	TCGA-S3-AA11	TCGA-S3-AA11-01A	LumA
TCGA-BRCA	BRCA	TCGA-S3-AA12	TCGA-S3-AA12-01A	LumA
TCGA-BRCA	BRCA	TCGA-S3-AA14	TCGA-S3-AA14-01A	LumA
TCGA-BRCA	BRCA	TCGA-S3-AA15	TCGA-S3-AA15-01A	Basal
TCGA-BRCA	BRCA	TCGA-S3-AA17	TCGA-S3-AA17-01A	LumB
TCGA-PCPG	PCPG	TCGA-S7-A7WL	TCGA-S7-A7WL-01A	Kinase signaling
TCGA-PCPG	PCPG	TCGA-S7-A7WM	TCGA-S7-A7WM-01A	Kinase signaling
TCGA-PCPG	PCPG	TCGA-S7-A7WN	TCGA-S7-A7WN-01A	Kinase signaling
TCGA-PCPG	PCPG	TCGA-S7-A7WO	TCGA-S7-A7WO-01A	Cortical admixture
TCGA-PCPG	PCPG	TCGA-S7-A7WP	TCGA-S7-A7WP-01A	Pseudohypoxia
TCGA-PCPG	PCPG	TCGA-S7-A7WQ	TCGA-S7-A7WQ-01A	Pseudohypoxia
TCGA-PCPG	PCPG	TCGA-S7-A7WR	TCGA-S7-A7WR-01A	Kinase signaling
TCGA-PCPG	PCPG	TCGA-S7-A7WT	TCGA-S7-A7WT-01A	Wnt-altered
TCGA-PCPG	PCPG	TCGA-S7-A7WU	TCGA-S7-A7WU-01A	Pseudohypoxia
TCGA-PCPG	PCPG	TCGA-S7-A7WV	TCGA-S7-A7WV-01A	Cortical admixture
TCGA-PCPG	PCPG	TCGA-S7-A7WW	TCGA-S7-A7WW-01A	Cortical admixture
TCGA-PCPG	PCPG	TCGA-S7-A7WX	TCGA-S7-A7WX-01A	Kinase signaling
TCGA-PCPG	PCPG	TCGA-S7-A7X0	TCGA-S7-A7X0-01A	Pseudohypoxia
TCGA-PCPG	PCPG	TCGA-S7-A7X1	TCGA-S7-A7X1-01A	Pseudohypoxia
TCGA-PCPG	PCPG	TCGA-S7-A7X2	TCGA-S7-A7X2-01A	Kinase signaling
TCGA-ESCA	ESCA	TCGA-S8-A6BV	TCGA-S8-A6BV-01A	GI.CIN
TCGA-ESCA	ESCA	TCGA-S8-A6BW	TCGA-S8-A6BW-01A	GI.ESCC
TCGA-LGG	LGG	TCGA-S9-A6TS	TCGA-S9-A6TS-01A	G-CIMP-high
TCGA-LGG	LGG	TCGA-S9-A6TU	TCGA-S9-A6TU-01A	G-CIMP-high
TCGA-LGG	LGG	TCGA-S9-A6TV	TCGA-S9-A6TV-01A	G-CIMP-high
TCGA-LGG	LGG	TCGA-S9-A6TW	TCGA-S9-A6TW-01A	Codel
TCGA-LGG	LGG	TCGA-S9-A6TX	TCGA-S9-A6TX-01A	Codel
TCGA-LGG	LGG	TCGA-S9-A6TY	TCGA-S9-A6TY-01A	Codel
TCGA-LGG	LGG	TCGA-S9-A6TZ	TCGA-S9-A6TZ-01A	G-CIMP-high
TCGA-LGG	LGG	TCGA-S9-A6U0	TCGA-S9-A6U0-01A	Mesenchymal-like
TCGA-LGG	LGG	TCGA-S9-A6U1	TCGA-S9-A6U1-01A	G-CIMP-high
TCGA-LGG	LGG	TCGA-S9-A6U2	TCGA-S9-A6U2-01A	Codel
TCGA-LGG	LGG	TCGA-S9-A6U5	TCGA-S9-A6U5-01A	Codel
TCGA-LGG	LGG	TCGA-S9-A6U6	TCGA-S9-A6U6-01A	G-CIMP-high
TCGA-LGG	LGG	TCGA-S9-A6U8	TCGA-S9-A6U8-01A	G-CIMP-high
TCGA-LGG	LGG	TCGA-S9-A6U9	TCGA-S9-A6U9-01A	G-CIMP-high
TCGA-LGG	LGG	TCGA-S9-A6UA	TCGA-S9-A6UA-01A	PA-like
TCGA-LGG	LGG	TCGA-S9-A6UB	TCGA-S9-A6UB-01A	Codel
TCGA-LGG	LGG	TCGA-S9-A6WD	TCGA-S9-A6WD-01A	Codel
TCGA-LGG	LGG	TCGA-S9-A6WE	TCGA-S9-A6WE-01A	Codel
TCGA-LGG	LGG	TCGA-S9-A6WG	TCGA-S9-A6WG-01A	G-CIMP-high
TCGA-LGG	LGG	TCGA-S9-A6WH	TCGA-S9-A6WH-01A	Codel
TCGA-LGG	LGG	TCGA-S9-A6WI	TCGA-S9-A6WI-01A	G-CIMP-high
TCGA-LGG	LGG	TCGA-S9-A6WL	TCGA-S9-A6WL-01A	Codel
TCGA-LGG	LGG	TCGA-S9-A6WM	TCGA-S9-A6WM-01A	Mesenchymal-like
TCGA-LGG	LGG	TCGA-S9-A6WN	TCGA-S9-A6WN-01A	Codel
TCGA-LGG	LGG	TCGA-S9-A6WO	TCGA-S9-A6WO-01A	G-CIMP-high
TCGA-LGG	LGG	TCGA-S9-A6WP	TCGA-S9-A6WP-01A	Codel
TCGA-LGG	LGG	TCGA-S9-A6WQ	TCGA-S9-A6WQ-01A	G-CIMP-high
TCGA-LGG	LGG	TCGA-S9-A7IQ	TCGA-S9-A7IQ-01A	Codel
TCGA-LGG	LGG	TCGA-S9-A7IS	TCGA-S9-A7IS-01A	G-CIMP-low
TCGA-LGG	LGG	TCGA-S9-A7IX	TCGA-S9-A7IX-01A	Mesenchymal-like
TCGA-LGG	LGG	TCGA-S9-A7IY	TCGA-S9-A7IY-01A	Codel
TCGA-LGG	LGG	TCGA-S9-A7IZ	TCGA-S9-A7IZ-01A	G-CIMP-high
TCGA-LGG	LGG	TCGA-S9-A7J0	TCGA-S9-A7J0-01A	G-CIMP-high
TCGA-LGG	LGG	TCGA-S9-A7J1	TCGA-S9-A7J1-01A	Codel
TCGA-LGG	LGG	TCGA-S9-A7J2	TCGA-S9-A7J2-01A	Codel
TCGA-LGG	LGG	TCGA-S9-A7J3	TCGA-S9-A7J3-01A	Codel
TCGA-LGG	LGG	TCGA-S9-A7QW	TCGA-S9-A7QW-01A	G-CIMP-high
TCGA-LGG	LGG	TCGA-S9-A7QX	TCGA-S9-A7QX-01A	G-CIMP-high
TCGA-LGG	LGG	TCGA-S9-A7QY	TCGA-S9-A7QY-01A	Codel
TCGA-LGG	LGG	TCGA-S9-A7QZ	TCGA-S9-A7QZ-01A	Codel
TCGA-LGG	LGG	TCGA-S9-A7R1	TCGA-S9-A7R1-01A	Codel
TCGA-LGG	LGG	TCGA-S9-A7R2	TCGA-S9-A7R2-01A	Mesenchymal-like
TCGA-LGG	LGG	TCGA-S9-A7R3	TCGA-S9-A7R3-01A	G-CIMP-high
TCGA-LGG	LGG	TCGA-S9-A7R4	TCGA-S9-A7R4-01A	G-CIMP-high
TCGA-LGG	LGG	TCGA-S9-A7R7	TCGA-S9-A7R7-01A	G-CIMP-high
TCGA-LGG	LGG	TCGA-S9-A7R8	TCGA-S9-A7R8-01A	G-CIMP-high
TCGA-LGG	LGG	TCGA-S9-A89V	TCGA-S9-A89V-01A	PA-like
TCGA-LGG	LGG	TCGA-S9-A89Z	TCGA-S9-A89Z-01A	G-CIMP-high
TCGA-PCPG	PCPG	TCGA-SA-A6C2	TCGA-SA-A6C2-01A	Pseudohypoxia
TCGA-UCEC	UCEC	TCGA-SJ-A6ZI	TCGA-SJ-A6ZI-01A	POLE
TCGA-UCEC	UCEC	TCGA-SJ-A6ZJ	TCGA-SJ-A6ZJ-01A	CN LOW
TCGA-UCEC	UCEC	TCGA-SL-A6J9	TCGA-SL-A6J9-01A	CN HIGH
TCGA-UCEC	UCEC	TCGA-SL-A6JA	TCGA-SL-A6JA-01A	MSI
TCGA-PCPG	PCPG	TCGA-SP-A6QC	TCGA-SP-A6QC-01A	Kinase signaling
TCGA-PCPG	PCPG	TCGA-SP-A6QD	TCGA-SP-A6QD-01A	Pseudohypoxia
TCGA-PCPG	PCPG	TCGA-SP-A6QF	TCGA-SP-A6QF-01A	Kinase signaling
TCGA-PCPG	PCPG	TCGA-SP-A6QG	TCGA-SP-A6QG-01A	Pseudohypoxia
TCGA-PCPG	PCPG	TCGA-SP-A6QH	TCGA-SP-A6QH-01A	Pseudohypoxia
TCGA-PCPG	PCPG	TCGA-SP-A6QI	TCGA-SP-A6QI-01A	Kinase signaling
TCGA-PCPG	PCPG	TCGA-SP-A6QJ	TCGA-SP-A6QJ-01A	Kinase signaling
TCGA-PCPG	PCPG	TCGA-SP-A6QK	TCGA-SP-A6QK-01A	Cortical admixture
TCGA-PCPG	PCPG	TCGA-SQ-A6I4	TCGA-SQ-A6I4-01A	Cortical admixture
TCGA-PCPG	PCPG	TCGA-SQ-A6I6	TCGA-SQ-A6I6-01A	Kinase signaling
TCGA-PCPG	PCPG	TCGA-SR-A6MP	TCGA-SR-A6MP-01A	Kinase signaling
TCGA-PCPG	PCPG	TCGA-SR-A6MR	TCGA-SR-A6MR-01A	Pseudohypoxia
TCGA-PCPG	PCPG	TCGA-SR-A6MS	TCGA-SR-A6MS-01A	Wnt-altered
TCGA-PCPG	PCPG	TCGA-SR-A6MT	TCGA-SR-A6MT-01A	Pseudohypoxia
TCGA-PCPG	PCPG	TCGA-SR-A6MU	TCGA-SR-A6MU-01A	Cortical admixture
TCGA-PCPG	PCPG	TCGA-SR-A6MV	TCGA-SR-A6MV-01A	Pseudohypoxia
TCGA-PCPG	PCPG	TCGA-SR-A6MX	TCGA-SR-A6MX-01A	Pseudohypoxia
TCGA-PCPG	PCPG	TCGA-SR-A6MY	TCGA-SR-A6MY-01A	Kinase signaling
TCGA-PCPG	PCPG	TCGA-SR-A6MZ	TCGA-SR-A6MZ-01A	Cortical admixture
TCGA-PCPG	PCPG	TCGA-SR-A6N0	TCGA-SR-A6N0-01A	Cortical admixture
TCGA-COAD	COAD	TCGA-SS-A7HO	TCGA-SS-A7HO-01A	GI.CIN
TCGA-PRAD	PRAD	TCGA-SU-A7E7	TCGA-SU-A7E7-01A	2-ETV1
TCGA-STAD	STAD	TCGA-SW-A7EA	TCGA-SW-A7EA-01A	GI.MSI
TCGA-STAD	STAD	TCGA-SW-A7EB	TCGA-SW-A7EB-01A	GI.CIN
TCGA-COAD	COAD	TCGA-T9-A92H	TCGA-T9-A92H-01A	GI.CIN
TCGA-PRAD	PRAD	TCGA-TK-A8OK	TCGA-TK-A8OK-01A	8-other
TCGA-LGG	LGG	TCGA-TM-A7C3	TCGA-TM-A7C3-01A	Classic-like
TCGA-LGG	LGG	TCGA-TM-A7C4	TCGA-TM-A7C4-01A	G-CIMP-high
TCGA-LGG	LGG	TCGA-TM-A7C5	TCGA-TM-A7C5-01A	Codel
TCGA-LGG	LGG	TCGA-TM-A7CA	TCGA-TM-A7CA-01A	G-CIMP-high
TCGA-LGG	LGG	TCGA-TM-A7CF	TCGA-TM-A7CF-01A	G-CIMP-high
TCGA-LGG	LGG	TCGA-TM-A7CF	TCGA-TM-A7CF-02A	G-CIMP-high
TCGA-LGG	LGG	TCGA-TM-A7CF	TCGA-TM-A7CF-02Z	G-CIMP-high
TCGA-LGG	LGG	TCGA-TM-A84B	TCGA-TM-A84B-01A	Mesenchymal-like
TCGA-LGG	LGG	TCGA-TM-A84C	TCGA-TM-A84C-01A	PA-like
TCGA-LGG	LGG	TCGA-TM-A84F	TCGA-TM-A84F-01A	G-CIMP-high
TCGA-LGG	LGG	TCGA-TM-A84G	TCGA-TM-A84G-01A	Codel
TCGA-LGG	LGG	TCGA-TM-A84H	TCGA-TM-A84H-01A	G-CIMP-high
TCGA-LGG	LGG	TCGA-TM-A84I	TCGA-TM-A84I-01A	G-CIMP-low
TCGA-LGG	LGG	TCGA-TM-A84J	TCGA-TM-A84J-01A	PA-like
TCGA-LGG	LGG	TCGA-TM-A84L	TCGA-TM-A84L-01A	G-CIMP-high
TCGA-LGG	LGG	TCGA-TM-A84M	TCGA-TM-A84M-01A	Codel
TCGA-LGG	LGG	TCGA-TM-A84O	TCGA-TM-A84O-01A	Codel
TCGA-LGG	LGG	TCGA-TM-A84Q	TCGA-TM-A84Q-01A	G-CIMP-high
TCGA-LGG	LGG	TCGA-TM-A84R	TCGA-TM-A84R-01A	Codel
TCGA-LGG	LGG	TCGA-TM-A84S	TCGA-TM-A84S-01A	Codel
TCGA-LGG	LGG	TCGA-TM-A84T	TCGA-TM-A84T-01A	G-CIMP-high
TCGA-LGG	LGG	TCGA-TQ-A7RF	TCGA-TQ-A7RF-01A	G-CIMP-high
TCGA-LGG	LGG	TCGA-TQ-A7RG	TCGA-TQ-A7RG-01A	Codel
TCGA-LGG	LGG	TCGA-TQ-A7RH	TCGA-TQ-A7RH-01A	G-CIMP-high
TCGA-LGG	LGG	TCGA-TQ-A7RI	TCGA-TQ-A7RI-01A	Codel
TCGA-LGG	LGG	TCGA-TQ-A7RJ	TCGA-TQ-A7RJ-01A	G-CIMP-high
TCGA-LGG	LGG	TCGA-TQ-A7RK	TCGA-TQ-A7RK-01A	G-CIMP-high
TCGA-LGG	LGG	TCGA-TQ-A7RK	TCGA-TQ-A7RK-02A	G-CIMP-high
TCGA-LGG	LGG	TCGA-TQ-A7RK	TCGA-TQ-A7RK-02B	G-CIMP-high
TCGA-LGG	LGG	TCGA-TQ-A7RK	TCGA-TQ-A7RK-02Z	G-CIMP-high
TCGA-LGG	LGG	TCGA-TQ-A7RM	TCGA-TQ-A7RM-01A	G-CIMP-high
TCGA-LGG	LGG	TCGA-TQ-A7RN	TCGA-TQ-A7RN-01A	Codel
TCGA-LGG	LGG	TCGA-TQ-A7RO	TCGA-TQ-A7RO-01A	Codel
TCGA-LGG	LGG	TCGA-TQ-A7RP	TCGA-TQ-A7RP-01A	Mesenchymal-like
TCGA-LGG	LGG	TCGA-TQ-A7RQ	TCGA-TQ-A7RQ-01A	Codel
TCGA-LGG	LGG	TCGA-TQ-A7RR	TCGA-TQ-A7RR-01A	G-CIMP-high
TCGA-LGG	LGG	TCGA-TQ-A7RS	TCGA-TQ-A7RS-01A	Codel
TCGA-LGG	LGG	TCGA-TQ-A7RU	TCGA-TQ-A7RU-01A	Codel
TCGA-LGG	LGG	TCGA-TQ-A7RV	TCGA-TQ-A7RV-01A	G-CIMP-high
TCGA-LGG	LGG	TCGA-TQ-A7RV	TCGA-TQ-A7RV-02A	G-CIMP-high
TCGA-LGG	LGG	TCGA-TQ-A7RV	TCGA-TQ-A7RV-02Z	G-CIMP-high
TCGA-LGG	LGG	TCGA-TQ-A7RW	TCGA-TQ-A7RW-01A	G-CIMP-high
TCGA-LGG	LGG	TCGA-TQ-A8XE	TCGA-TQ-A8XE-01A	G-CIMP-high
TCGA-LGG	LGG	TCGA-TQ-A8XE	TCGA-TQ-A8XE-02A	G-CIMP-high
TCGA-LGG	LGG	TCGA-TQ-A8XE	TCGA-TQ-A8XE-02Z	G-CIMP-high
TCGA-PCPG	PCPG	TCGA-TT-A6YJ	TCGA-TT-A6YJ-01A	Kinase signaling
TCGA-PCPG	PCPG	TCGA-TT-A6YK	TCGA-TT-A6YK-01A	Pseudohypoxia
TCGA-PCPG	PCPG	TCGA-TT-A6YN	TCGA-TT-A6YN-01A	Kinase signaling
TCGA-PCPG	PCPG	TCGA-TT-A6YO	TCGA-TT-A6YO-01A	Cortical admixture
TCGA-PCPG	PCPG	TCGA-TT-A6YP	TCGA-TT-A6YP-01A	Pseudohypoxia
TCGA-LIHC	LIHC	TCGA-UB-A7MB	TCGA-UB-A7MB-01A	iCluster:2
TCGA-LIHC	LIHC	TCGA-UB-A7MC	TCGA-UB-A7MC-01A	iCluster:3
TCGA-LIHC	LIHC	TCGA-UB-A7MD	TCGA-UB-A7MD-01A	iCluster:3
TCGA-LIHC	LIHC	TCGA-UB-A7ME	TCGA-UB-A7ME-01A	iCluster:1
TCGA-LIHC	LIHC	TCGA-UB-A7MF	TCGA-UB-A7MF-01A	iCluster:1
TCGA-BRCA	BRCA	TCGA-UL-AAZ6	TCGA-UL-AAZ6-01A	LumA
TCGA-BRCA	BRCA	TCGA-UU-A93S	TCGA-UU-A93S-01A	Her2
TCGA-PRAD	PRAD	TCGA-V1-A8MF	TCGA-V1-A8MF-01A	8-other
TCGA-PRAD	PRAD	TCGA-V1-A8MG	TCGA-V1-A8MG-01A	8-other
TCGA-PRAD	PRAD	TCGA-V1-A8MJ	TCGA-V1-A8MJ-01A	2-ETV1
TCGA-PRAD	PRAD	TCGA-V1-A8ML	TCGA-V1-A8ML-01A	8-other
TCGA-PRAD	PRAD	TCGA-V1-A8MU	TCGA-V1-A8MU-01A	8-other
TCGA-PRAD	PRAD	TCGA-V1-A8WL	TCGA-V1-A8WL-01A	8-other
TCGA-PRAD	PRAD	TCGA-V1-A8WN	TCGA-V1-A8WN-01A	4-FLI1
TCGA-PRAD	PRAD	TCGA-V1-A8WS	TCGA-V1-A8WS-01A	1-ERG
TCGA-PRAD	PRAD	TCGA-V1-A8WV	TCGA-V1-A8WV-01A	3-ETV4
TCGA-PRAD	PRAD	TCGA-V1-A8WW	TCGA-V1-A8WW-01A	1-ERG
TCGA-PRAD	PRAD	TCGA-V1-A8X3	TCGA-V1-A8X3-01A	3-ETV4
TCGA-ESCA	ESCA	TCGA-V5-A7RB	TCGA-V5-A7RB-01A	GI.CIN
TCGA-ESCA	ESCA	TCGA-V5-A7RC	TCGA-V5-A7RC-01A	GI.ESCC
TCGA-ESCA	ESCA	TCGA-V5-A7RC	TCGA-V5-A7RC-01B	GI.ESCC
TCGA-ESCA	ESCA	TCGA-V5-A7RC	TCGA-V5-A7RC-06A	GI.ESCC
TCGA-ESCA	ESCA	TCGA-V5-A7RE	TCGA-V5-A7RE-01A	GI.CIN
TCGA-ESCA	ESCA	TCGA-V5-AASV	TCGA-V5-AASV-01A	GI.ESCC
TCGA-ESCA	ESCA	TCGA-V5-AASW	TCGA-V5-AASW-01A	GI.CIN
TCGA-ESCA	ESCA	TCGA-V5-AASX	TCGA-V5-AASX-01A	GI.CIN
TCGA-BRCA	BRCA	TCGA-V7-A7HQ	TCGA-V7-A7HQ-01A	LumA
TCGA-LGG	LGG	TCGA-VM-A8C8	TCGA-VM-A8C8-01A	G-CIMP-high
TCGA-LGG	LGG	TCGA-VM-A8C9	TCGA-VM-A8C9-01A	PA-like
TCGA-LGG	LGG	TCGA-VM-A8CA	TCGA-VM-A8CA-01A	Codel
TCGA-LGG	LGG	TCGA-VM-A8CB	TCGA-VM-A8CB-01A	Codel
TCGA-LGG	LGG	TCGA-VM-A8CD	TCGA-VM-A8CD-01A	Mesenchymal-like
TCGA-LGG	LGG	TCGA-VM-A8CE	TCGA-VM-A8CE-01A	Codel
TCGA-LGG	LGG	TCGA-VM-A8CF	TCGA-VM-A8CF-01A	G-CIMP-high
TCGA-LGG	LGG	TCGA-VM-A8CH	TCGA-VM-A8CH-01A	G-CIMP-high
TCGA-PRAD	PRAD	TCGA-VN-A88I	TCGA-VN-A88I-01A	8-other
TCGA-PRAD	PRAD	TCGA-VN-A88K	TCGA-VN-A88K-01A	1-ERG
TCGA-PRAD	PRAD	TCGA-VN-A88L	TCGA-VN-A88L-01A	1-ERG
TCGA-PRAD	PRAD	TCGA-VN-A88N	TCGA-VN-A88N-01A	8-other
TCGA-PRAD	PRAD	TCGA-VN-A88O	TCGA-VN-A88O-01A	5-SPOP
TCGA-PRAD	PRAD	TCGA-VN-A88P	TCGA-VN-A88P-01A	8-other
TCGA-PRAD	PRAD	TCGA-VN-A88Q	TCGA-VN-A88Q-01A	1-ERG
TCGA-PRAD	PRAD	TCGA-VN-A88R	TCGA-VN-A88R-01A	5-SPOP
TCGA-PRAD	PRAD	TCGA-VP-A872	TCGA-VP-A872-01A	1-ERG
TCGA-PRAD	PRAD	TCGA-VP-A875	TCGA-VP-A875-01A	1-ERG
TCGA-PRAD	PRAD	TCGA-VP-A876	TCGA-VP-A876-01A	1-ERG
TCGA-PRAD	PRAD	TCGA-VP-A878	TCGA-VP-A878-01A	5-SPOP
TCGA-PRAD	PRAD	TCGA-VP-A879	TCGA-VP-A879-01A	1-ERG
TCGA-PRAD	PRAD	TCGA-VP-A87B	TCGA-VP-A87B-01A	5-SPOP
TCGA-PRAD	PRAD	TCGA-VP-A87C	TCGA-VP-A87C-01A	1-ERG
TCGA-PRAD	PRAD	TCGA-VP-A87D	TCGA-VP-A87D-01A	1-ERG
TCGA-PRAD	PRAD	TCGA-VP-A87E	TCGA-VP-A87E-01A	8-other
TCGA-PRAD	PRAD	TCGA-VP-A87H	TCGA-VP-A87H-01A	5-SPOP
TCGA-PRAD	PRAD	TCGA-VP-A87J	TCGA-VP-A87J-01A	2-ETV1
TCGA-PRAD	PRAD	TCGA-VP-A87K	TCGA-VP-A87K-01A	1-ERG
TCGA-STAD	STAD	TCGA-VQ-A8DT	TCGA-VQ-A8DT-01A	GI.GS
TCGA-STAD	STAD	TCGA-VQ-A8DU	TCGA-VQ-A8DU-01A	GI.CIN
TCGA-STAD	STAD	TCGA-VQ-A8DV	TCGA-VQ-A8DV-01A	GI.CIN
TCGA-STAD	STAD	TCGA-VQ-A8DZ	TCGA-VQ-A8DZ-01A	GI.CIN
TCGA-STAD	STAD	TCGA-VQ-A8E0	TCGA-VQ-A8E0-01A	GI.CIN
TCGA-STAD	STAD	TCGA-VQ-A8E2	TCGA-VQ-A8E2-01A	GI.CIN
TCGA-STAD	STAD	TCGA-VQ-A8E3	TCGA-VQ-A8E3-01A	GI.MSI
TCGA-STAD	STAD	TCGA-VQ-A8E7	TCGA-VQ-A8E7-01B	GI.CIN
TCGA-STAD	STAD	TCGA-VQ-A8P2	TCGA-VQ-A8P2-01A	GI.MSI
TCGA-STAD	STAD	TCGA-VQ-A8P3	TCGA-VQ-A8P3-01A	GI.GS
TCGA-STAD	STAD	TCGA-VQ-A8P5	TCGA-VQ-A8P5-01A	GI.CIN
TCGA-STAD	STAD	TCGA-VQ-A8P8	TCGA-VQ-A8P8-01A	GI.GS
TCGA-STAD	STAD	TCGA-VQ-A8PB	TCGA-VQ-A8PB-01A	GI.MSI
TCGA-STAD	STAD	TCGA-VQ-A8PC	TCGA-VQ-A8PC-01A	GI.CIN
TCGA-STAD	STAD	TCGA-VQ-A8PD	TCGA-VQ-A8PD-01A	GI.GS
TCGA-STAD	STAD	TCGA-VQ-A8PE	TCGA-VQ-A8PE-01A	GI.CIN
TCGA-STAD	STAD	TCGA-VQ-A8PF	TCGA-VQ-A8PF-01A	GI.EBV
TCGA-STAD	STAD	TCGA-VQ-A8PH	TCGA-VQ-A8PH-01A	GI.CIN
TCGA-STAD	STAD	TCGA-VQ-A8PJ	TCGA-VQ-A8PJ-01A	GI.CIN
TCGA-STAD	STAD	TCGA-VQ-A8PK	TCGA-VQ-A8PK-01A	GI.CIN
TCGA-STAD	STAD	TCGA-VQ-A8PM	TCGA-VQ-A8PM-01A	GI.CIN
TCGA-STAD	STAD	TCGA-VQ-A8PO	TCGA-VQ-A8PO-01A	GI.MSI
TCGA-STAD	STAD	TCGA-VQ-A8PP	TCGA-VQ-A8PP-01A	GI.MSI
TCGA-STAD	STAD	TCGA-VQ-A8PQ	TCGA-VQ-A8PQ-01A	GI.GS
TCGA-STAD	STAD	TCGA-VQ-A8PU	TCGA-VQ-A8PU-01A	GI.CIN
TCGA-STAD	STAD	TCGA-VQ-A8PX	TCGA-VQ-A8PX-01A	GI.MSI
TCGA-STAD	STAD	TCGA-VQ-A91A	TCGA-VQ-A91A-01A	GI.CIN
TCGA-STAD	STAD	TCGA-VQ-A91D	TCGA-VQ-A91D-01A	GI.MSI
TCGA-STAD	STAD	TCGA-VQ-A91K	TCGA-VQ-A91K-01A	GI.MSI
TCGA-STAD	STAD	TCGA-VQ-A91N	TCGA-VQ-A91N-01A	GI.CIN
TCGA-STAD	STAD	TCGA-VQ-A91Q	TCGA-VQ-A91Q-01A	GI.CIN
TCGA-STAD	STAD	TCGA-VQ-A91S	TCGA-VQ-A91S-01A	GI.CIN
TCGA-STAD	STAD	TCGA-VQ-A91U	TCGA-VQ-A91U-01A	GI.CIN
TCGA-STAD	STAD	TCGA-VQ-A91V	TCGA-VQ-A91V-01A	GI.CIN
TCGA-STAD	STAD	TCGA-VQ-A91W	TCGA-VQ-A91W-01A	GI.EBV
TCGA-STAD	STAD	TCGA-VQ-A91X	TCGA-VQ-A91X-01A	GI.CIN
TCGA-STAD	STAD	TCGA-VQ-A91Y	TCGA-VQ-A91Y-01A	GI.CIN
TCGA-STAD	STAD	TCGA-VQ-A91Z	TCGA-VQ-A91Z-01A	GI.CIN
TCGA-STAD	STAD	TCGA-VQ-A922	TCGA-VQ-A922-01A	GI.CIN
TCGA-STAD	STAD	TCGA-VQ-A923	TCGA-VQ-A923-01A	GI.EBV
TCGA-STAD	STAD	TCGA-VQ-A924	TCGA-VQ-A924-01A	GI.MSI
TCGA-STAD	STAD	TCGA-VQ-A925	TCGA-VQ-A925-01A	GI.CIN
TCGA-STAD	STAD	TCGA-VQ-A927	TCGA-VQ-A927-01A	GI.GS
TCGA-STAD	STAD	TCGA-VQ-A928	TCGA-VQ-A928-01A	GI.GS
TCGA-STAD	STAD	TCGA-VQ-A92D	TCGA-VQ-A92D-01A	GI.CIN
TCGA-STAD	STAD	TCGA-VQ-A94O	TCGA-VQ-A94O-01A	GI.CIN
TCGA-STAD	STAD	TCGA-VQ-A94P	TCGA-VQ-A94P-01A	GI.CIN
TCGA-STAD	STAD	TCGA-VQ-A94R	TCGA-VQ-A94R-01A	GI.CIN
TCGA-STAD	STAD	TCGA-VQ-A94T	TCGA-VQ-A94T-01A	GI.CIN
TCGA-STAD	STAD	TCGA-VQ-A94U	TCGA-VQ-A94U-01A	GI.CIN
TCGA-STAD	STAD	TCGA-VQ-AA64	TCGA-VQ-AA64-01A	GI.CIN
TCGA-STAD	STAD	TCGA-VQ-AA68	TCGA-VQ-AA68-01A	GI.CIN
TCGA-STAD	STAD	TCGA-VQ-AA69	TCGA-VQ-AA69-01A	GI.EBV
TCGA-STAD	STAD	TCGA-VQ-AA6A	TCGA-VQ-AA6A-01A	GI.CIN
TCGA-STAD	STAD	TCGA-VQ-AA6B	TCGA-VQ-AA6B-01A	GI.CIN
TCGA-STAD	STAD	TCGA-VQ-AA6D	TCGA-VQ-AA6D-01A	GI.MSI
TCGA-STAD	STAD	TCGA-VQ-AA6F	TCGA-VQ-AA6F-01A	GI.CIN
TCGA-STAD	STAD	TCGA-VQ-AA6G	TCGA-VQ-AA6G-01A	GI.CIN
TCGA-STAD	STAD	TCGA-VQ-AA6I	TCGA-VQ-AA6I-01A	GI.CIN
TCGA-STAD	STAD	TCGA-VQ-AA6J	TCGA-VQ-AA6J-01A	GI.CIN
TCGA-STAD	STAD	TCGA-VQ-AA6K	TCGA-VQ-AA6K-01A	GI.CIN
TCGA-ESCA	ESCA	TCGA-VR-A8EO	TCGA-VR-A8EO-01A	GI.ESCC
TCGA-ESCA	ESCA	TCGA-VR-A8EP	TCGA-VR-A8EP-01A	GI.ESCC
TCGA-ESCA	ESCA	TCGA-VR-A8EQ	TCGA-VR-A8EQ-01A	GI.CIN
TCGA-ESCA	ESCA	TCGA-VR-A8ER	TCGA-VR-A8ER-01A	GI.ESCC
TCGA-ESCA	ESCA	TCGA-VR-A8ET	TCGA-VR-A8ET-01A	GI.ESCC
TCGA-ESCA	ESCA	TCGA-VR-A8EU	TCGA-VR-A8EU-01A	GI.ESCC
TCGA-ESCA	ESCA	TCGA-VR-A8EW	TCGA-VR-A8EW-01A	GI.ESCC
TCGA-ESCA	ESCA	TCGA-VR-A8EX	TCGA-VR-A8EX-01A	GI.ESCC
TCGA-ESCA	ESCA	TCGA-VR-A8EY	TCGA-VR-A8EY-01A	GI.ESCC
TCGA-ESCA	ESCA	TCGA-VR-A8EZ	TCGA-VR-A8EZ-01A	GI.ESCC
TCGA-ESCA	ESCA	TCGA-VR-AA4D	TCGA-VR-AA4D-01A	GI.CIN
TCGA-ESCA	ESCA	TCGA-VR-AA4G	TCGA-VR-AA4G-01A	GI.ESCC
TCGA-ESCA	ESCA	TCGA-VR-AA7B	TCGA-VR-AA7B-01A	GI.ESCC
TCGA-ESCA	ESCA	TCGA-VR-AA7D	TCGA-VR-AA7D-01A	GI.ESCC
TCGA-ESCA	ESCA	TCGA-VR-AA7I	TCGA-VR-AA7I-01A	GI.ESCC
TCGA-LGG	LGG	TCGA-VV-A829	TCGA-VV-A829-01A	Codel
TCGA-LGG	LGG	TCGA-VV-A86M	TCGA-VV-A86M-01A	G-CIMP-high
TCGA-LGG	LGG	TCGA-VW-A7QS	TCGA-VW-A7QS-01A	Codel
TCGA-LGG	LGG	TCGA-VW-A8FI	TCGA-VW-A8FI-01A	Classic-like
TCGA-PCPG	PCPG	TCGA-W2-A7H5	TCGA-W2-A7H5-01B	Kinase signaling
TCGA-PCPG	PCPG	TCGA-W2-A7H7	TCGA-W2-A7H7-01A	Pseudohypoxia
TCGA-PCPG	PCPG	TCGA-W2-A7HA	TCGA-W2-A7HA-01B	Kinase signaling
TCGA-PCPG	PCPG	TCGA-W2-A7HB	TCGA-W2-A7HB-01A	Kinase signaling
TCGA-PCPG	PCPG	TCGA-W2-A7HC	TCGA-W2-A7HC-01A	Kinase signaling
TCGA-PCPG	PCPG	TCGA-W2-A7HD	TCGA-W2-A7HD-01A	Kinase signaling
TCGA-PCPG	PCPG	TCGA-W2-A7HE	TCGA-W2-A7HE-01A	Cortical admixture
TCGA-PCPG	PCPG	TCGA-W2-A7HF	TCGA-W2-A7HF-01A	Kinase signaling
TCGA-PCPG	PCPG	TCGA-W2-A7HH	TCGA-W2-A7HH-01A	Pseudohypoxia
TCGA-PCPG	PCPG	TCGA-W2-A7UY	TCGA-W2-A7UY-01A	Pseudohypoxia
TCGA-BRCA	BRCA	TCGA-W8-A86G	TCGA-W8-A86G-01A	LumA
TCGA-LGG	LGG	TCGA-W9-A837	TCGA-W9-A837-01A	Codel
TCGA-PCPG	PCPG	TCGA-WB-A80K	TCGA-WB-A80K-01A	Wnt-altered
TCGA-PCPG	PCPG	TCGA-WB-A80L	TCGA-WB-A80L-01A	Cortical admixture
TCGA-PCPG	PCPG	TCGA-WB-A80M	TCGA-WB-A80M-01A	Wnt-altered
TCGA-PCPG	PCPG	TCGA-WB-A80N	TCGA-WB-A80N-01A	Kinase signaling
TCGA-PCPG	PCPG	TCGA-WB-A80O	TCGA-WB-A80O-01A	Kinase signaling
TCGA-PCPG	PCPG	TCGA-WB-A80P	TCGA-WB-A80P-01A	Pseudohypoxia
TCGA-PCPG	PCPG	TCGA-WB-A80Q	TCGA-WB-A80Q-01A	Wnt-altered
TCGA-PCPG	PCPG	TCGA-WB-A80V	TCGA-WB-A80V-01A	Kinase signaling
TCGA-PCPG	PCPG	TCGA-WB-A80Y	TCGA-WB-A80Y-01A	Wnt-altered
TCGA-PCPG	PCPG	TCGA-WB-A814	TCGA-WB-A814-01A	Pseudohypoxia
TCGA-PCPG	PCPG	TCGA-WB-A815	TCGA-WB-A815-01A	Wnt-altered
TCGA-PCPG	PCPG	TCGA-WB-A816	TCGA-WB-A816-01A	Cortical admixture
TCGA-PCPG	PCPG	TCGA-WB-A817	TCGA-WB-A817-01A	Cortical admixture
TCGA-PCPG	PCPG	TCGA-WB-A818	TCGA-WB-A818-01A	Kinase signaling
TCGA-PCPG	PCPG	TCGA-WB-A819	TCGA-WB-A819-01A	Kinase signaling
TCGA-PCPG	PCPG	TCGA-WB-A81A	TCGA-WB-A81A-01A	Pseudohypoxia
TCGA-PCPG	PCPG	TCGA-WB-A81D	TCGA-WB-A81D-01A	Kinase signaling
TCGA-PCPG	PCPG	TCGA-WB-A81E	TCGA-WB-A81E-01A	Pseudohypoxia
TCGA-PCPG	PCPG	TCGA-WB-A81F	TCGA-WB-A81F-01A	Kinase signaling
TCGA-PCPG	PCPG	TCGA-WB-A81G	TCGA-WB-A81G-01A	Pseudohypoxia
TCGA-PCPG	PCPG	TCGA-WB-A81H	TCGA-WB-A81H-01A	Cortical admixture
TCGA-PCPG	PCPG	TCGA-WB-A81I	TCGA-WB-A81I-01A	Pseudohypoxia
TCGA-PCPG	PCPG	TCGA-WB-A81J	TCGA-WB-A81J-01A	Kinase signaling
TCGA-PCPG	PCPG	TCGA-WB-A81K	TCGA-WB-A81K-01A	Cortical admixture
TCGA-PCPG	PCPG	TCGA-WB-A81M	TCGA-WB-A81M-01A	Wnt-altered
TCGA-PCPG	PCPG	TCGA-WB-A81N	TCGA-WB-A81N-01A	Kinase signaling
TCGA-PCPG	PCPG	TCGA-WB-A81P	TCGA-WB-A81P-01A	Kinase signaling
TCGA-PCPG	PCPG	TCGA-WB-A81Q	TCGA-WB-A81Q-01A	Kinase signaling
TCGA-PCPG	PCPG	TCGA-WB-A81R	TCGA-WB-A81R-01A	Kinase signaling
TCGA-PCPG	PCPG	TCGA-WB-A81S	TCGA-WB-A81S-01A	Kinase signaling
TCGA-PCPG	PCPG	TCGA-WB-A81T	TCGA-WB-A81T-01A	Kinase signaling
TCGA-PCPG	PCPG	TCGA-WB-A81V	TCGA-WB-A81V-01A	Cortical admixture
TCGA-PCPG	PCPG	TCGA-WB-A81W	TCGA-WB-A81W-01A	Kinase signaling
TCGA-PCPG	PCPG	TCGA-WB-A821	TCGA-WB-A821-01A	Pseudohypoxia
TCGA-PCPG	PCPG	TCGA-WB-A822	TCGA-WB-A822-01A	Pseudohypoxia
TCGA-LGG	LGG	TCGA-WH-A86K	TCGA-WH-A86K-01A	G-CIMP-high
TCGA-COAD	COAD	TCGA-WS-AB45	TCGA-WS-AB45-01A	GI.MSI
TCGA-BRCA	BRCA	TCGA-WT-AB41	TCGA-WT-AB41-01A	LumA
TCGA-BRCA	BRCA	TCGA-WT-AB44	TCGA-WT-AB44-01A	LumA
TCGA-PRAD	PRAD	TCGA-WW-A8ZI	TCGA-WW-A8ZI-01A	8-other
TCGA-LGG	LGG	TCGA-WY-A858	TCGA-WY-A858-01A	G-CIMP-high
TCGA-LGG	LGG	TCGA-WY-A859	TCGA-WY-A859-01A	G-CIMP-high
TCGA-LGG	LGG	TCGA-WY-A85A	TCGA-WY-A85A-01A	G-CIMP-high
TCGA-LGG	LGG	TCGA-WY-A85B	TCGA-WY-A85B-01A	G-CIMP-high
TCGA-LGG	LGG	TCGA-WY-A85C	TCGA-WY-A85C-01A	G-CIMP-high
TCGA-LGG	LGG	TCGA-WY-A85D	TCGA-WY-A85D-01A	G-CIMP-high
TCGA-LGG	LGG	TCGA-WY-A85E	TCGA-WY-A85E-01A	G-CIMP-high
TCGA-ESCA	ESCA	TCGA-X8-AAAR	TCGA-X8-AAAR-01A	GI.CIN
TCGA-PRAD	PRAD	TCGA-XA-A8JR	TCGA-XA-A8JR-01A	8-other
TCGA-PCPG	PCPG	TCGA-XG-A823	TCGA-XG-A823-01A	Cortical admixture
TCGA-PRAD	PRAD	TCGA-XJ-A83G	TCGA-XJ-A83G-01A	5-SPOP
TCGA-PRAD	PRAD	TCGA-XJ-A83H	TCGA-XJ-A83H-01A	8-other
TCGA-PRAD	PRAD	TCGA-XJ-A9DI	TCGA-XJ-A9DI-01A	1-ERG
TCGA-PRAD	PRAD	TCGA-XJ-A9DK	TCGA-XJ-A9DK-01A	1-ERG
TCGA-ESCA	ESCA	TCGA-XP-A8T6	TCGA-XP-A8T6-01A	GI.ESCC
TCGA-ESCA	ESCA	TCGA-XP-A8T8	TCGA-XP-A8T8-01A	GI.ESCC
TCGA-PRAD	PRAD	TCGA-XQ-A8TA	TCGA-XQ-A8TA-01A	3-ETV4
TCGA-PRAD	PRAD	TCGA-XQ-A8TB	TCGA-XQ-A8TB-01A	1-ERG
TCGA-BRCA	BRCA	TCGA-XX-A899	TCGA-XX-A899-01A	LumA
TCGA-BRCA	BRCA	TCGA-XX-A89A	TCGA-XX-A89A-01A	LumA
TCGA-PRAD	PRAD	TCGA-Y6-A8TL	TCGA-Y6-A8TL-01A	5-SPOP
TCGA-PRAD	PRAD	TCGA-YJ-A8SW	TCGA-YJ-A8SW-01A	8-other
TCGA-PRAD	PRAD	TCGA-YL-A8HJ	TCGA-YL-A8HJ-01A	1-ERG
TCGA-PRAD	PRAD	TCGA-YL-A8HK	TCGA-YL-A8HK-01A	1-ERG
TCGA-PRAD	PRAD	TCGA-YL-A8HL	TCGA-YL-A8HL-01A	1-ERG
TCGA-PRAD	PRAD	TCGA-YL-A8HM	TCGA-YL-A8HM-01A	5-SPOP
TCGA-PRAD	PRAD	TCGA-YL-A8HO	TCGA-YL-A8HO-01A	8-other
TCGA-PRAD	PRAD	TCGA-YL-A8S8	TCGA-YL-A8S8-01A	5-SPOP
TCGA-PRAD	PRAD	TCGA-YL-A8S9	TCGA-YL-A8S9-01A	8-other
TCGA-PRAD	PRAD	TCGA-YL-A8SA	TCGA-YL-A8SA-01A	1-ERG
TCGA-PRAD	PRAD	TCGA-YL-A8SB	TCGA-YL-A8SB-01A	8-other
TCGA-PRAD	PRAD	TCGA-YL-A8SC	TCGA-YL-A8SC-01A	2-ETV1
TCGA-PRAD	PRAD	TCGA-YL-A8SF	TCGA-YL-A8SF-01A	1-ERG
TCGA-PRAD	PRAD	TCGA-YL-A9WH	TCGA-YL-A9WH-01A	2-ETV1
TCGA-PRAD	PRAD	TCGA-YL-A9WI	TCGA-YL-A9WI-01A	6-FOXA1
TCGA-PRAD	PRAD	TCGA-YL-A9WJ	TCGA-YL-A9WJ-01A	8-other
TCGA-ESCA	ESCA	TCGA-Z6-A8JD	TCGA-Z6-A8JD-01A	GI.ESCC
TCGA-ESCA	ESCA	TCGA-Z6-A8JE	TCGA-Z6-A8JE-01A	GI.ESCC
TCGA-ESCA	ESCA	TCGA-Z6-A9VB	TCGA-Z6-A9VB-01A	GI.ESCC
TCGA-ESCA	ESCA	TCGA-Z6-AAPN	TCGA-Z6-AAPN-01A	GI.ESCC
TCGA-BRCA	BRCA	TCGA-Z7-A8R5	TCGA-Z7-A8R5-01A	LumA
TCGA-BRCA	BRCA	TCGA-Z7-A8R6	TCGA-Z7-A8R6-01A	LumB
TCGA-STAD	STAD	TCGA-ZA-A8F6	TCGA-ZA-A8F6-01A	GI.CIN
TCGA-PRAD	PRAD	TCGA-ZG-A8QW	TCGA-ZG-A8QW-01A	8-other
TCGA-PRAD	PRAD	TCGA-ZG-A8QX	TCGA-ZG-A8QX-01A	5-SPOP
TCGA-PRAD	PRAD	TCGA-ZG-A8QY	TCGA-ZG-A8QY-01A	5-SPOP
TCGA-PRAD	PRAD	TCGA-ZG-A8QZ	TCGA-ZG-A8QZ-01A	1-ERG
TCGA-STAD	STAD	TCGA-ZQ-A9CR	TCGA-ZQ-A9CR-01A	GI.CIN
TCGA-ESCA	ESCA	TCGA-ZR-A9CJ	TCGA-ZR-A9CJ-01A	GI.CIN
TCGA-ESCA	ESCA	TCGA-ZR-A9CJ	TCGA-ZR-A9CJ-01B	GI.CIN
