ENSEMBL_GENE_ID	SYMBOL	ENTREZGENE	GENENAME	BIOTYPE	TCGA-3X-AAV9-01A	TCGA-3X-AAVA-01A	TCGA-3X-AAVB-01A	TCGA-3X-AAVC-01A	TCGA-3X-AAVE-01A	TCGA-4G-AAZO-01A	TCGA-4G-AAZT-01A	TCGA-W5-AA2G-01A	TCGA-W5-AA2H-01A	TCGA-W5-AA2I-01A	TCGA-W5-AA2I-11A	TCGA-W5-AA2O-01A	TCGA-W5-AA2Q-01A	TCGA-W5-AA2Q-11A	TCGA-W5-AA2R-11A	TCGA-W5-AA2T-01A	TCGA-W5-AA2U-01A	TCGA-W5-AA2U-11A	TCGA-W5-AA2W-01A	TCGA-W5-AA2X-01A	TCGA-W5-AA2X-11A	TCGA-W5-AA2Z-01A	TCGA-W5-AA30-01A	TCGA-W5-AA30-11A	TCGA-W5-AA31-01A	TCGA-W5-AA31-11A	TCGA-W5-AA33-01A	TCGA-W5-AA34-01A	TCGA-W5-AA34-11A	TCGA-W5-AA36-01A	TCGA-W5-AA38-01A	TCGA-W5-AA39-01A	TCGA-W6-AA0S-01A	TCGA-WD-A7RX-01A	TCGA-YR-A95A-01A	TCGA-ZD-A8I3-01A	TCGA-ZH-A8Y1-01A	TCGA-ZH-A8Y2-01A	TCGA-ZH-A8Y4-01A	TCGA-ZH-A8Y5-01A	TCGA-ZH-A8Y6-01A	TCGA-ZH-A8Y8-01A	TCGA-ZU-A8S4-01A	TCGA-ZU-A8S4-11A
ENSG00000121410	A1BG	1	alpha-1-B glycoprotein	protein_coding	0.0791	0.0367	0.0751	0.039	0.0608	0.031	0.0956	0.4699	0.2039	0.0133	1.3904	0.2703	0.019	1.0073	0.9962	0.1502	0.0967	0.4311	0.0719	0	1.239	0.0637	0.0608	1.0857	0.2989	0.8265	0.4797	0	1.2927	0.0171	0	0.0778	0.0331	1.1616	0.2541	0.0414	0.0811	0.3886	0.1048	0.0878	0.4525	0.1032	0	0.9954
ENSG00000175899	A2M	2	alpha-2-macroglobulin	protein_coding	417.8119	128.4123	254.3721	174.0446	184.3192	57.4544	134.3525	332.9268	82.8117	22.3079	569.5774	134.2863	162.8137	566.9797	950.7349	77.3695	203.7724	1175.9258	136.3809	38.5338	1883.1138	318.2376	239.6995	1806.9758	612.6317	1279.5901	383.7149	49.3921	1380.6245	82.1702	92.7638	915.2105	122.5072	838.8797	94.834	138.4235	395.1494	232.7223	158.3422	274.3977	511.2021	406.6191	251.2454	799.1227
ENSG00000171428	NAT1	9	N-acetyltransferase 1	protein_coding	3.0116	4.1425	4.9553	2.5233	6.2694	3.9766	1.4065	3.3148	3.7515	2.3125	6.3691	1.4207	4.8255	5.6635	4.3279	4.0847	3.5786	9.6434	7.6966	2.6523	6.1428	7.9746	4.8814	5.3827	4.8304	7.0653	4.0261	3.6608	5.8634	2.7256	7.0814	5.2958	1.6812	3.923	2.8476	5.7536	8.2991	3.7468	4.1234	9.4151	12.0553	5.8026	5.8233	5.6331
ENSG00000156006	NAT2	10	N-acetyltransferase 2	protein_coding	1.0835	1.2559	0.4091	0.0607	0.8193	0.2897	0.1785	16.1451	0.1587	0.7453	77.0811	7.4503	0.2959	46.1633	74.8286	0.2004	0.0502	48.253	12.2379	1.3985	70.2144	0.1322	0.2366	80.0205	11.7017	107.0191	7.5217	0.0565	86.3615	0.9551	0.8026	4.2763	0	12.8305	6.4138	0.3867	1.1777	0.5643	3.0452	0.1367	3.4358	7.7587	2.7208	62.8922
ENSG00000253937	NATP	11	N-acetyltransferase pseudogene	pseudogene	0	0	0	0	0	0	0	0	0	0	0	0	0	0.09	0.0687	0	0	0.2182	0	0	0	0	0.1385	0	0.0717	0.0617	0	0	0.0981	0	0	0	0	0	0	0	0	0	0	0	0	0.0783	0	0
ENSG00000196136	SERPINA3	12	serpin family A member 3	protein_coding	4.0376	4.2399	9.8221	0.1404	13.1849	0.6453	2.8129	1.804	0.2854	0.83	3.1688	1.5287	3.62	4.3917	41.2143	7.7765	82.503	3.4866	18.6024	2.7658	9.0877	52.5139	17.3688	6.0439	8.8207	3.1752	5.2975	22.178	2.3608	0.7364	8.6483	18.1024	0.5167	12.5486	17.3415	12.5872	36.0388	14.7728	21.7033	23.507	0.2316	30.7487	7.3595	21.4219
ENSG00000114771	AADAC	13	arylacetamide deacetylase	protein_coding	4.2655	3.1913	19.0031	73.0545	6.8483	34.6754	45.4316	122.8392	0.1249	253.7691	372.5632	32.6424	52.8438	340.1511	584.93	430.1657	37.4016	472.51	0.9401	7.1812	305.98630000000003	398.6298	167.2792	365.402	68.9292	385.2326	80.3368	34.4183	326.5593	13.2858	0.1806	355.8895	0.2841	804.4271	105.4288	27.5527	115.5791	1.0156	50.3514	17.3592	74.7724	126.0992	52.7538	297.7934
ENSG00000127837	AAMP	14	angio associated migratory cell protein	protein_coding	101.1521	119.0252	146.2024	175.2475	148.9599	105.2932	116.095	204.861	94.4954	82.586	43.6803	140.7911	175.0029	57.2953	53.8011	181.4721	146.6336	58.3387	131.2308	227.258	48.5258	137.955	121.1727	52.8437	132.8119	60.321	111.288	145.3815	46.5068	149.848	190.9029	93.7017	138.8304	136.2689	95.1244	179.5533	205.6806	219.2643	175.3861	131.6093	134.1413	141.9281	167.143	46.9929
ENSG00000129673	AANAT	15	aralkylamine N-acetyltransferase	protein_coding	0.3522	0.61240000000000006	0.3831	0.0723	1.7279	0	0.39	0.9413	5.3269	0.3455	0.0228	3.7959	0.388	0.0733	0.056	0.7962	0.7175	0	4.8033	0.1812	0	0.3151	0.4513	0	0.7879	0.0251	0.3422	0.0673	0.02	1.1385	1.9134	0.2885	1.5054	0.3945	0.5237	0.3841	0.7019	0.961	3.5975	0.0814	0.0336	0.7016	0.4865	0.0243
ENSG00000090861	AARS1	16	alanyl-tRNA synthetase 1	protein_coding	40.0964	61.3441	75.2167	58.5883	41.4029	42.5902	32.9902	134.5737	22.9575	25.6786	17.7364	54.168	51.242	18.7989	22.9534	72.0135	66.5499	20.6999	73.5819	50.6312	20.5092	41.7551	47.2375	20.2293	65.4692	33.1091	37.9851	33.687	22.4565	57.738	69.223	66.5701	127.1257	50.0649	46.579	106.0179	34.4177	60.3199	65.273	49.429	42.4886	72.9048	91.1325	24.9819
ENSG00000183044	ABAT	18	4-aminobutyrate aminotransferase	protein_coding	3.9158	4.5918	6.8188	7.7952	5.8617	3.9097	1.7707	39.2983	4.4218	3.4181	106.3427	14.737	23.4501	110.8009	182.375	7.8649	9.4895	150.1917	12.6858	1.9949	130.2696	11.9951	4.9652	151.8335	45.2642	206.3441	19.5677	5.0359	104.8995	1.2636	7.3112	66.3193	7.0787	24.6061	11.1006	4.9875	17.617	7.1674	5.3883	15.3008	136.9681	16.2463	6.8301	145.4326
ENSG00000165029	ABCA1	19	ATP binding cassette subfamily A member 1	protein_coding	6.0646	3.0589	14.743	2.8529	10.4814	3.8402	0.7076	7.104	2.7679	2.2046	14.2804	3.0085	5.9939	12.6041	32.4872	5.2894	4.097	15.5265	5.0975	4.1673	21.6329	11.7537	3.2598	17.6771	29.2251	23.636	10.7521	3.7044	17.482	1.4366	9.0401	20.6116	14.1144	5.5833	2.7372	5.3732	6.2133	9.5714	6.6962	4.9075	100.2298	8.0379	9.871	28.7208
ENSG00000107331	ABCA2	20	ATP binding cassette subfamily A member 2	protein_coding	12.4018	16.6574	23.7538	11.2623	31.4536	22.3462	30.2442	19.6037	19.6484	18.8464	9.5356	212.6782	76.665	10.4818	10.381	60.099	29.3514	5.0943	76.2725	13.4847	10.1184	56.4552	16.0719	7.6899	19.809	11.5837	23.9227	51.3434	10.7635	36.8442	24.1987	21.7684	42.0274	21.9923	21.8599	23.0216	60.4962	19.9774	18.2051	71.7896	37.0788	22.9573	29.8061	7.0733
ENSG00000167972	ABCA3	21	ATP binding cassette subfamily A member 3	protein_coding	12.4964	11.8624	8.5734	9.722	26.5152	11.2906	21.607	15.18	11.2856	7.6767	0.4287	19.0642	26.4481	1.0931	0.6884	24.219	33.6483	0.6464	8.7976	0.6508	1.3867	40.8925	22.4901	0.9443	13.4715	0.4652	46.0425	14.2652	0.541	11.594	14.5084	5.1813	45.1806	9.2974	10.6549	31.5048	32.4672	29.6292	21.3638	38.0123	9.5526	24.9518	7.56	0.5503
ENSG00000131269	ABCB7	22	ATP binding cassette subfamily B member 7	protein_coding	11.6329	13.1148	17.3871	14.3188	15.2343	11.7994	9.7186	8.5482	14.0121	4.0073	7.3293	13.9184	14.5749	7.0535	8.0571	13.7935	5.2151	9.1071	23.0604	19.023	7.8026	20.4223	10.3059	7.4123	12.9607	8.7075	15.0892	21.4036	7.5977	10.4615	10.5334	10.2056	14.8803	10.7213	7.714	14.4964	19.9302	15.8368	19.2535	11.3597	38.3207	10.3702	13.7039	6.4543
ENSG00000204574	ABCF1	23	ATP binding cassette subfamily F member 1	protein_coding	85.8061	66.0621	67.4427	55.412	76.773	69.1446	75.6385	59.6029	64.4508	47.8447	21.8445	38.8951	114.3123	23.1201	30.9456	101.2588	66.7923	26.2899	78.5066	98.22	27.6949	100.3879	76.4519	21.7779	119.2954	31.0692	75.7671	113.4582	21.4826	130.7715	78.6954	57.4433	43.8596	77.2415	41.6219	89.4226	110.8114	161.1086	84.5468	65.733	97.04	55.0556	95.3955	20.0605
ENSG00000198691	ABCA4	24	ATP binding cassette subfamily A member 4	protein_coding	1.7474	0.1459	0.1054	0.1277	0.2653	0.0581	0.1431	0.2638	0.2147	0.1121	0.2591	0.1174	0.8631	0.2772	0.2401	0.8436	0.8974	0.254	0.2132	2.3676	0.2517	0.3378	0.3558	0.3008	1.8697	0.1775	0.5352	0.2887	0.1714	0.2074	0.2758	0.2305	0.0697	0.1148	0.1255	3.3039	1.1509	1.3575	0.4088	0.1712	0.3133	0.4022	0.2148	0.19
ENSG00000097007	ABL1	25	ABL proto-oncogene 1, non-receptor tyrosine kinase	protein_coding	30.7226	38.904	47.1439	39.0101	42.0635	33.0147	20.4654	30.59	24.3923	20.9698	4.3329	32.7506	59.3513	9.2742	7.844	42.3296	25.3854	6.3238	70.3793	59.4834	9.6144	82.3537	31.1789	7.0003	56.1647	5.3428	52.3451	70.2763	8.1704	31.3812	21.2452	18.4224	39.9056	19.2417	13.9798	34.2073	52.4763	39.4132	24.5828	60.5602	46.079	29.8528	60.6034	5.1272
ENSG00000002726	AOC1	26	amine oxidase copper containing 1	protein_coding	28.8342	0.8525	6.4064	63.1055	0.3637	0.0983	0.1009	0.7545	6.4798	0.2108	7.382	0.3875	0.0803	13.415	8.2904	0.204	0.4256	0.1687	0.0507	57.907	3.7882	0.3813	0.2891	5.7035	3.6227	8.5155	1.8319	1.3418	0.091	0.3242	0.1167	0.0274	0.1925	1.8318	0.7306	0.6999	0.5139	44.4101	0.443	0.1237	0.2294	39.9728	0.6233	0.1245
ENSG00000143322	ABL2	27	ABL proto-oncogene 2, non-receptor tyrosine kinase	protein_coding	6.746	5.1602	5.4669	5.6254	7.0511	8.5218	3.774	6.7155	3.5467	4.323	0.6811	4.4735	24.343	1.2779	1.5408	8.9336	10.0841	1.8213	14.025	8.792	1.7227	13.4128	11.8978	1.4274	11.3284	1.3604	12.8871	6.9141	1.0842	2.4227	4.5067	2.1619	9.3907	6.7311	2.8041	10.8617	18.3752	13.2343	7.2601	17.6418	8.5783	14.4282	17.1993	0.7815
ENSG00000175164	ABO	28	ABO, alpha 1-3-N-acetylgalactosaminyltransferase and alpha 1-3-galactosyltransferase	protein_coding	3.2536	0.068	16.4282	15.0606	0.6252	0.0766	1.1447	0.5803	2.1719	0.7311	0.0152	0.0358	25.6671	0.378	0.0932	0.1458	0.5175	0.0493	0.0148	36.4781	0.2919	0.2491	6.9012	0.344	12.8123	0.1171	0.2164	1.2661	0.2128	0.1369	0.1024	1.1045	1.1761	0.6061	0.0349	0.1406	0.4339	0.2879	0.1942	0.5874	22.6285	0.9767	0.4048	0.1617
ENSG00000159842	ABR	29	ABR activator of RhoGEF and GTPase	protein_coding	23.9368	27.244	34.9838	14.9977	23.0985	29.4524	18.6511	13.381	20.7055	29.54	0.986	28.6743	20.6498	3.0194	1.4233	39.0622	34.4323	2.0916	53.5158	23.8241	3.5728	62.1071	30.6474	2.9652	12.7997	1.6003	38.4108	31.2633	0.943	19.3368	12.2835	5.1397	27.0211	24.7306	11.8343	39.146	50.8548	57.4089	41.9387	49.8802	19.3554	31.8504	51.3135	1.7197
ENSG00000060971	ACAA1	30	acetyl-CoA acyltransferase 1	protein_coding	12.2811	19.0459	30.4131	19.8176	17.8821	17.1849	12.6822	38.2505	22.3305	10.7519	115.4989	19.3831	21.7684	82.5782	99.1374	19.9062	10.4402	83.9774	16.7056	13.2821	87.0815	11.2811	12.5293	75.889	44.88	115.7115	26.4974	12.4494	91.6348	21.5029	26.155	23.2717	10.1511	38.8722	17.1988	16.1868	24.8408	15.468	19.8338	31.8285	90.4974	23.2904	21.2179	72.2845
ENSG00000278540	ACACA	31	acetyl-CoA carboxylase alpha	protein_coding	7.9215	6.05	8.9555	7.8862	29.5294	4.1837	3.4397	7.533	3.0842	8.6211	4.1678	35.7039	17.1291	3.8153	4.4128	12.9719	13.3445	2.805	13.7331	22.9137	4.9712	10.6621	19.2692	4.3825	17.0937	5.5632	8.7142	7.1892	4.4066	9.5191	22.2659	6.8552	10.6871	8.9029	4.9592	18.2829	11.3225	16.0541	13.7046	12.3252	26.023	15.9514	19.5323	2.9482
ENSG00000076555	ACACB	32	acetyl-CoA carboxylase beta	protein_coding	5.8115	11.131	3.743	5.4564	5.1535	3.063	11.8675	5.3221	5.1489	5.6012	32.2808	11.3534	9.1858	21.4501	25.426	13.6872	4.968	19.8064	18.7084	2.7525	23.3351	15.1748	6.4568	17.2854	7.4908	36.8886	10.158	6.6943	27.4608	14.7085	5.2716	31.3075	5.311	8.1415	7.7563	8.6036	6.2897	7.1564	19.8378	4.9797	20.7278	5.6268	3.2359	31.0213
ENSG00000115361	ACADL	33	acyl-CoA dehydrogenase long chain	protein_coding	0.7861	1.0679	1.4867	0.333	1.0532	0.6986	0.4006	4.4938	0.0264	0.6093	11.9669	4.0611	6.2588	7.8344	10.9545	11.8454	0.1251	14.4397	5.4719	0.6673	18.1201	1.0054	0.3187	10.201	2.8087	14.3769	1.5037	0.2676	14.5412	0.9661	0.1573	10.545	3.6385	3.4668	4.0431	0.6269	1.8254	9.6317	4.1366	2.2382	4.7905	1.9485	1.3742	9.3529
ENSG00000117054	ACADM	34	acyl-CoA dehydrogenase medium chain	protein_coding	12.3579	45.7953	24.3975	106.5869	27.2613	21.769	18.1385	48.6715	17.1066	13.1262	66.8888	28.4419	46.2694	61.3671	94.2072	41.1131	43.1365	78.5295	42.2206	13.4602	73.6015	67.4309	53.6695	70.7533	43.9078	111.5178	51.4295	30.1941	80.6931	38.1618	35.1	42.4645	21.1194	45.1124	51.0447	14.8376	53.81	75.5041	93.0455	18.8707	99.0405	55.6335	39.7098	93.1011
ENSG00000122971	ACADS	35	acyl-CoA dehydrogenase short chain	protein_coding	31.1694	101.0216	33.0705	121.1627	39.4852	55.6054	159.9066	77.4155	31.4912	68.7245	182.4291	91.7362	37.0778	213.3187	200.1461	76.3913	33.1542	160.9028	72.1461	20.7831	160.4934	101.3884	25.431	135.9721	68.8957	227.4118	56.8703	88.6218	183.5489	193.8886	106.9827	78.7629	56.058	79.1674	106.6688	66.3054	55.1867	32.0437	96.7114	31.5888	85.3328	36.2635	37.8902	215.2865
ENSG00000196177	ACADSB	36	acyl-CoA dehydrogenase short/branched chain	protein_coding	9.7658	8.2722	8.709	36.111	6.4827	6.5893	3.7643	52.1378	9.2986	4.4381	132.7755	26.1937	39.2085	154.3646	219.2799	25.0175	24.1217	269.9528	13.9972	12.8715	178.143	22.6532	8.5653	177.3337	43.1848	249.9915	42.8794	11.944	178.1808	7.7437	9.4534	38.1355	11.2736	42.9137	31.3672	16.2725	20.6687	14.8398	12.9685	15.4643	61.3711	26.0298	6.5757	144.3917
ENSG00000072778	ACADVL	37	acyl-CoA dehydrogenase very long chain	protein_coding	122.1974	317.406	207.8589	228.0547	131.2781	268.3629	400.0603	318.4667	195.3989	174.7832	245.35	307.7523	264.9928	266.4775	309.8186	614.8121	279.4988	347.8746	372.0357	322.1531	292.7006	262.6849	277.252	249.469	575.9875	244.1888	292.1715	530.2872	252.296	441.695	249.7286	203.6374	131.0896	374.6347	418.7378	418.2091	305.3113	301.181	399.5945	342.5423	908.1727	428.8412	197.4599	191.5644
ENSG00000075239	ACAT1	38	acetyl-CoA acetyltransferase 1	protein_coding	9.9526	42.9207	11.8223	12.8874	11.5776	14.3788	29.343	53.1774	9.518	12.8549	135.0385	44.5821	35.8418	117.6944	150.9585	20.3432	40.4151	123.6773	41.2538	8.9061	130.5836	44.7817	12.5382	105.5693	48.8507	159.9492	44.4273	37.2937	159.5559	113.2717	104.467	85.2895	52.1197	68.2122	38.5119	18.4133	42.8584	5.419	37.182	27.8655	96.9555	37.6888	28.1323	200.0363
ENSG00000120437	ACAT2	39	acetyl-CoA acetyltransferase 2	protein_coding	10.3117	16.9559	14.0282	18.3785	32.7758	5.7372	3.7075	21.9324	13.1589	4.0524	45.3825	19.4259	13.7461	43.8189	62.9911	10.5056	15.0942	43.0472	16.0238	32.2117	40.7356	11.3912	23.1831	81.0238	15.2341	67.6328	10.652	4.4825	58.017	11.7041	15.7994	33.8657	6.8021	23.4034	7.3156	12.5204	16.7938	16.1341	11.7562	8.3176	49.4493	18.1601	69.6527	23.3996
ENSG00000108684	ASIC2	40	acid sensing ion channel subunit 2	protein_coding	0.1179	0	0.0254	0	0.0412	0.1261	0.0259	0.1019	0.0115	0.018	0	0.1438	0.0129	0.0535	0.0102	0.0291	0.0109	0	0	0.0529	0	0.0863	0.0206	0.0194	0.2344	0	0.05	0	0	0	0	0.0878	0.0224	0.0997	0.0669	0.014	0.0183	0.0351	0.0592	0.0198	0.0123	0.0349	0.1184	0
ENSG00000110881	ASIC1	41	acid sensing ion channel subunit 1	protein_coding	1.6193	2.8218	1.2417	0.4208	0.9868	1.0585	0.958	0.9551	0.6506	1.1206	0.0856	9.9448	2.5549	0.2475	0.042	4.7361	11.2194	0.0556	0.8679	7.8471	0.1021	1.3155	2.5088	0.1591	0.8761	0.0377	1.0531	3.0065	0.075	0.6172	3.0005	0.8121	2.1791	1.3096	0.7861	0.5333	2.5025	0.6311	6.6531	3.4336	4.7496	1.7713	0.5173	0.0365
ENSG00000087085	ACHE	43	acetylcholinesterase (Yt blood group)	protein_coding	7.332	4.5554	37.2512	49.1703	3.2204	45.5099	1.1257	1.4576	27.3231	1.306	1.7271	5.2494	0.6347	2.3848	2.0002	15.2747	9.7458	0.8307	0.3766	2.0329	2.7203	23.8248	12.0615	2.2015	3.6909	1.3034	1.4307	28.7331	0.2644	0.4017	2.4049	8.0673	5.2354	8.7202	0.5958	2.0327	5.4392	2.2377	3.8591	6.7959	4.7257	14.8183	3.2182	0.2057
ENSG00000131473	ACLY	47	ATP citrate lyase	protein_coding	68.7651	90.2433	89.2945	75.8496	115.8995	68.2462	31.9664	97.0922	30.9514	22.2302	10.4683	172.6915	107.4459	12.3305	14.4064	87.7451	98.4407	8.0066	156.2792	111.9309	17.0365	110.7468	92.1688	15.7622	123.8372	14.9818	75.9065	40.6197	12.6974	52.3161	78.3189	19.3503	115.2184	48.466	35.8775	132.436	110.3777	196.5104	194.9347	112.6387	69.6119	161.334	183.135	8.9406
ENSG00000122729	ACO1	48	aconitase 1	protein_coding	13.1763	41.8868	23.7552	19.2075	32.8241	8.476	17.4729	29.54	7.187	5.5565	46.8666	37.9134	39.9931	43.6184	58.8747	12.6563	12.1147	50.2488	184.9996	21.3348	52.5936	52.7722	11.6237	52.3697	37.5409	72.1357	31.2314	24.6101	56.1439	43.1033	26.3362	59.6825	55.2443	22.8967	28.4081	16.3648	38.3589	21.0757	73.0385	54.5279	61.9448	23.0165	35.691	42.1852
ENSG00000100312	ACR	49	acrosin	protein_coding	0.3679	0.0355	0.2183	0.1133	0.2747	0.3006	0.2963	0.2549	0.461	0.1031	0.5006	0.2618	0.2211	0.7271	0.2632	0.6238	0.1874	0.4641	0.0465	0.0757	0.3159	0.0411	0.4125	0.1937	0.0914	0.21	0.286	0.0352	0.2296	0.0991	0.571	0.0502	0	0.4438	0.1094	0.0802	0.3142	0.251	0.1354	0.1702	0.1753	0.1666	0.1694	0.1523
ENSG00000100412	ACO2	50	aconitase 2	protein_coding	12.0012	46.3159	16.5861	33.7463	22.0983	35.8268	6.0506	34.485	10.0164	8.9817	7.8314	20.6742	17.9309	7.6233	8.7332	26.683	44.5219	7.6172	78.5731	20.6969	9.2114	26.787	22.2625	7.7235	25.4708	9.3442	18.8514	20.1705	12.3456	46.4391	48.3889	48.2585	29.3622	15.6584	37.2096	21.1653	19.7667	30.3456	75.7141	26.6106	81.0172	23.0747	23.7383	8.0125
ENSG00000161533	ACOX1	51	acyl-CoA oxidase 1	protein_coding	17.6275	28.4178	36.3408	69.0545	46.1533	43.2243	32.4993	62.2501	9.8746	47.8695	88.4866	43.7931	26.1303	58.5593	141.6504	47.6196	56.8867	89.0652	18.0529	29.1365	79.8651	39.3542	52.8519	64.3923	42.3915	100.541	80.9138	26.0562	98.5291	23.7318	39.5442	46.0213	20.4328	60.4272	51.8515	52.8083	46.0505	64.5006	36.2617	30.6231	54.9426	44.4531	23.0908	76.6111
ENSG00000143727	ACP1	52	acid phosphatase 1	protein_coding	42.1696	105.501	46.4091	86.9542	100.6122	69.7772	74.9492	117.1793	29.7641	36.131100000000004	26.9443	110.0748	81.8638	27.5698	30.3545	93.2612	110.0547	33.8626	96.7414	137.0112	27.4871	64.6282	64.8063	27.2721	80.0657	34.803	73.2494	72.0835	30.094	77.7557	108.497	57.6716	122.5258	64.4188	72.6116	78.3513	74.1851	132.4337	76.4766	53.8198	90.0543	68.8741	49.2075	24.5765
ENSG00000134575	ACP2	53	acid phosphatase 2, lysosomal	protein_coding	51.8775	44.2995	53.8189	40.1069	53.6512	56.3514	45.1956	43.8193	33.6276	27.3968	55.8143	51.0351	28.3988	33.3953	33.8533	59.3984	39.7944	44.2636	48.5498	32.9882	42.981	61.8855	24.4378	48.1732	53.2901	52.8934	30.3893	63.8858	38.8513	96.9329	119.9493	54.9346	70.9729	36.7313	32.5187	61.7987	53.8922	95.984	54.0913	45.429	74.268	59.2064	77.6713	35.0879
ENSG00000102575	ACP5	54	acid phosphatase 5, tartrate resistant	protein_coding	52.488	19.2246	73.7545	20.6226	33.7936	11.0114	13.2764	59.9234	212.3933	8.8038	7.0967	15.8962	55.1293	36.152	16.6256	99.9183	27.403	27.2579	26.9697	17.7997	19.7876	52.4234	36.21	14.5408	42.9781	13.8106	34.9571	10.0194	10.9951	19.3876	21.8548	33.6718	13.8196	47.8531	13.6726	111.9173	92.1341	31.0895	17.8818	61.9023	29.5808	108.1195	66.1454	14.8929
ENSG00000014257	ACP3	55	acid phosphatase 3	protein_coding	1.2125	0.737	2.2984	1.0749	0.7191	0.145	0.125	0.3513	0.2382	0.0497	0.0345	3.734	0.3198	0.0738	0.0846	0.1203	2.6957	0.0149	0.1344	2.2271	0.0457	0.5159	0.6962	0.0801	0.9555	0.0886	0.2931	0.9665	0.0403	0.0319	0.0861	0	1.4083	0.2904	0.0528	0.1161	0.8587	0.4357	0.0816	0.2872	1.2007	0.5783	1.9605	0.0979
ENSG00000134940	ACRV1	56	acrosomal vesicle protein 1	protein_coding	0.2257	0.4858	0.306	0.5958	0.4951	0.2529	0.623	0.1149	0.3462	1.3281	0.0251	0.354	1.201	0.1207	0	1.0931	0.6567	0.0325	0.5373	0.7164	0	0.3461	0.2788	0.0291	0.1603	0.0276	0.2255	0.4806	0.0219	0.5558	0.3002	0.6338	0.4049	0.4333	0.5751	1.0125	0.4956	0.475	0.5695	0.3876	0.1106	0.3853	0.7569	0.0267
ENSG00000143632	ACTA1	58	actin alpha 1, skeletal muscle	protein_coding	7.4079	0.5888	0.3516	0.2608	1.0293	0.4981	1.0226	0.2011	0.8182	0.7118	0.0329	1.6526	3.51	0.1585	0.2019	1.2631	0.3018	0	5.965	0.3136	0.0872	3.6353	0.8136	0	27.2282	0.0725	0.839	0.6796	0.0576	0.3649	0.6406	0.4855	0.2215	0.3501	0.6041	1.3294	37.5258	1.3859	0.5609	0.7831	0.9683	0.4599	0.1754	0.035
ENSG00000107796	ACTA2	59	actin alpha 2, smooth muscle	protein_coding	153.5762	83.2148	266.0524	57.7219	74.7562	22.018	56.7888	103.7099	65.1487	8.7245	7.3245	28.226	93.6319	21.2333	28.071	55.4628	90.0991	18.9897	54.4851	34.1036	19.7591	229.7604	115.0095	31.3846	180.3316	15.385	88.1113	24.7759	6.5431	77.7836	44.9269	9.0928	55.0877	50.5859	50.6457	115.5337	172.857	45.741	67.2222	209.0369	151.9296	147.4054	82.06	9.3454
ENSG00000075624	ACTB	60	actin beta	protein_coding	3368.6907	2470.5976	5974.3197	3202.4032	3498.9459	4257.5094	2872.786	2977.4795	6098.1226	2343.9138	606.4528	2670.2364	3407.9356	1063.1531	1894.8079	4805.086	2668.999	1131.5507	3196.7137	3069.9413	1032.6508	3514.6406	3026.3775	909.5643	4302.8582	1091.4956	2923.7052	3507.9518	703.2776	2595.5181	3555.6193	1551.8006	3146.23	2857.5651	2342.6849	4161.6447	4404.0038	2327.7025	4789.6934	4780.1051	2657.7585	5101.9966	7171.3643	889.3731
ENSG00000213763	ACTBP2	62	ACTB pseudogene 2	pseudogene	0.7889	0.5879	2.2735	0.7638	0.5769	1.3261	0.2723	1.004	2.118	0.2369	0	0.275	1.0835	0.3517	0.43	1.6815	0.6887	0.6255	1.5369	1.6002	0.2903	0.983	0.7582	0.3561	1.2325	0.386	1.4454	1.4217	0.1534	0.85	1.1151	1.5695	0.5309	0.9322	1.4577	1.9172	0.77	1.107	1.68	0.9903	0.6445	0.796	2.1015	0.1399
ENSG00000286676	ACTBP4	64	ACTB pseudogene 4	pseudogene	0.0591	0	0	0	0.0757	0.3479	0	0.1405	0	0.1492	0	0.0722	0	0.0738	0	0.0802	0.0602	0	0.0896	0	0.0609	0.0794	0.0568	0	0.1764	0	0.069	0.1356	0.1208	0	0.1377	0.1938	0.2476	0.0611	0.0528	0.0774	0.202	0.0968	0.1306	0.1094	0.0676	0	0.1634	0
ENSG00000203413	ACTBP6	66	ACTB pseudogene 6	pseudogene	0.0581	0	0	0.1431	0	0	0	0.1379	0	0	0	0	0	0	0	0.1575	0	0	0	0	0	0	0	0	0	0	0	0	0	0	0	0	0	0	0	0	0	0	0	0	0	0	0	0
ENSG00000185607	ACTBP7	67	ACTB pseudogene 7	pseudogene	0.2252	0.0653	0.1336	0.1387	0.0721	0.1104	0.068	0.1338	0.2418	0.0473	0	0.1374	0.0677	0	0.0537	0.6109	0	0	0.2559	0.4171	0.058	0.5289	0.2164	0	0.056	0	0.1313	0.1291	0	0.0607	0	0.2767	0.0589	0	0	0.1473	0.3847	0.2765	0.373	0.5728	0	0.9176	0.5443	0.0466
ENSG00000220267	ACTBP8	68	ACTB pseudogene 8	pseudogene	0.1142	0.1324	0.2033	0.0704	0	0	0.069	0.0678	0.0613	0	0	0.1394	0.1373	0.2139	0	0.0775	0	0	0	0.141	0	0	0	0	0.1703	0	0	0.0655	0	0.0615	0.133	0.4679	0.1196	0	0.1019	0	0	0.187	0.1261	0.2113	0.0653	0.0621	0.0789	0
ENSG00000266920	ACTBP9	69	ACTB pseudogene 9	pseudogene	0	0	0.0683	0	0	0.1129	0.0696	0.342	0.1237	0.0484	0.3134	0	0.1384	0.1437	0.6591	0.0781	0.2346	0.2905	0.0873	0.0711	0.2966	0	0.0553	0.1559	0.1145	0.5423	0	0.066	0.1568	0	0.067	0.3774	0.0603	0.2381	0.1027	0.0754	0.1967	0	0.0636	0.0533	0.1317	0.0626	0.3181	0.3336
ENSG00000159251	ACTC1	70	actin alpha cardiac muscle 1	protein_coding	0.3593	0.3844	0.4919	0.0681	0.2476	0	0.9012	0.558	0.1187	0.302	0	0.2697	1.1956	0	0.0264	0.1499	0.3941	0	0.7537	0.0682	0.1423	0.1854	0.2656	0.1746	0.5495	0	0.0644	0.0634	0	0.2977	1.4476	0	0	0.0286	0.1233	0.6147	0.3776	0	2.1359	0.5112	0	1.9517	0.1145	0
ENSG00000184009	ACTG1	71	actin gamma 1	protein_coding	4214.399	3178.8691	6062.0215	2265.3279000000002	4841.1227	6564.1145	4500.3144	4431.1135	3284.9991	3047.4689	320.5386	6816.2918	4656.4424	777.4622	1202.9367	5281.2754	3332.7466	697.3527	4655.5213	4567.8614	947.6037	4990.6147	3120.6562	965.0735	3909.319	950.024	3434.6276	4201.3195	943.9425	3328.5116	4034.0098	1795.6052	7223.5901	3184.1753	3594.7104	7397.1709	7425.2133	5049.8496	7359.723	6480.5775	3554.9509	4595.7206	8781.841	1102.0888
ENSG00000163017	ACTG2	72	actin gamma 2, smooth muscle	protein_coding	20.2923	5.3895	18.443	16.1844	8.5855	0.5862	13.338	7.9291	5.1534	1.6474	0.0775	2.1272	6.7649	0.912	1.4096	8.8063	6.2071	1.1059	8.4038	2.0091	3.5923	5.838	5.5054	3.3577	26.9589	0.981	2.7685	1.9233	0.0565	3.8108	5.0644	0.4353	1.6686	1.2704	1.6442	4.6283	22.8329	1.6582	4.0521	31.3018	7.6347	28.3441	8.3025	0.2474
ENSG00000178631	ACTG1P1	73	actin gamma 1 pseudogene 1	pseudogene	0.2803	0.5848	0.266	2.3482	0.8608	1.6488	0.0677	0.9987	1.0835	0.4241	0.0872	1.778	2.0208	0.2099	0.3208	1.0644	0.3425	0.5656	3.737	4.3598	0.4042	2.2565	1.0235	0.2024	0.6687	0.24	2.614	0.3857	0.3816	0.302	0.1305	0.6428	0.2934	0.4636	2.3	1.5403	2.0106	0.8258	0.6808	3.5255	0.9616	0.3654	0.3097	0.0928
ENSG00000229129	ACTG1P2	74	actin gamma 1 pseudogene 2	pseudogene	0.0563	0	0	0	0	0	0	0	0	0	0	0	0.0676	0	0	0	0	0	0	0	0	0	0	0	0.0559	0.0482	0	0	0	0	0	0.0922	0.0589	0	0	0	0	0	0.1242	0	0	0	0.0777	0
ENSG00000215388	ACTG1P3	75	actin gamma 1 pseudogene 3	pseudogene	0.9089	0.7243	0.2696	1.1199	1.0905	1.671	0	0.7422	1.0371	0.5254	0.3092	0.6237	1.9798	0.2836	0.1084	0.9246	1.215	0.7452	2.9266	3.3665	0.9363	2.8205	1.9107	0.2564	1.8073	1.1673	1.1259	0.6515	0.3867	0.306	0.3306	1.0238	1.0703	0.5873	2.179	2.6018	2.1347	2.2319	0.8781	1.6814	2.0791	1.3579	0.4708	0.141
ENSG00000130402	ACTN4	81	actinin alpha 4	protein_coding	274.559	339.0156	367.6859	385.1392	278.828	368.0957	123.923	302.5076	78.6009	111.9894	40.3779	179.4062	279.2084	60.6902	89.0776	254.5891	256.6076	59.2539	617.9032	486.2203	68.6095	368.7935	188.4237	62.7972	554.4352	65.1383	319.3489	180.134	53.0174	225.0712	264.6956	114.3122	919.4105	178.88	175.3985	351.5639	387.5752	370.088	331.3816	298.5456	211.2039	279.5956	382.0976	39.368
ENSG00000229349	ACTG1P9	82	actin gamma 1 pseudogene 9	pseudogene	0	0	0.0848	0	0.0305	0.0467	0	0	0	0	0.0185	0.1743	0.0286	0	0	0	0.0242	0	0.0722	0.0294	0.0245	0.0319	0	0	0.071	0	0.0555	0	0.0162	0.0513	0	0.117	0.0748	0.0492	0.2336	0.0312	0.0407	0	0.0526	0.1101	0	0.0259	0	0
ENSG00000231340	ACTG1P10	83	actin gamma 1 pseudogene 10	pseudogene	0	0.0678	0.347	0.2162	0.524	0.2294	0	0.0695	0.1256	0.1475	0	0	0.2811	0	0.1674	0.3173	0.2383	0.059	0.5317	0.1444	0.0603	0.3139	0.281	0.0528	0.1744	0.2003	0.1364	0	0.0796	0	0.2042	0	0.1224	0	0.1043	0.15310000000000001	0.4995	0.5745	0.3229	0.4328	0.2676	0.1271	0.0808	0.0484
ENSG00000136518	ACTL6A	86	actin like 6A	protein_coding	36.7494	23.4785	35.5193	39.3705	33.2299	25.7812	7.4187	19.5503	13.2654	19.7562	3.5951	36.2668	34.4175	5.2113	5.1343	18.1822	24.6716	5.1183	73.7986	71.8474	5.794	37.2273	32.6957	4.9837	47.9754	4.9191	31.4798	16.8174	5.8372	16.8415	27.996	22.7823	40.9749	24.4542	14.8205	19.8898	42.4952	22.3121	25.7366	45.4799	35.5771	33.8168	43.0593	3.7983
ENSG00000072110	ACTN1	87	actinin alpha 1	protein_coding	159.0238	54.9768	108.2877	50.7527	77.2207	65.8352	28.2879	69.5806	30.0096	11.2401	11.4723	39.2453	114.8724	24.0653	29.5593	41.3962	49.809	15.7527	122.0392	69.6286	20.5053	176.8925	44.7156	21.9248	187.374	18.4026	90.041	35.9688	12.5706	43.1875	111.9691	16.1545	83.102	51.3516	37.3416	141.1534	222.5382	75.1585	99.5434	71.9278	124.5198	115.9413	192.2326	23.572
ENSG00000077522	ACTN2	88	actinin alpha 2	protein_coding	0.3132	0.1573	0.285	0.0515	4.9039	0.1843	1.2737	0.0744	0.0336	0.0439	0.0325	0.0637	65.6485	0.1173	0.0199	0.0708	0.2233	0.0105	1.1233	0.0516	0.2151	0.3363	8.8198	0.4241	1.1522	0.1252	0.4261	0.7783	0.0355	0.0787	0.158	4.6186	0.1202	0.1835	0.0559	0.082	11.4141	0.2564	0.5303	1.1396	0.5493	0.2723	0.1731	0.1123
ENSG00000248746	ACTN3	89	actinin alpha 3	protein_coding	0.0549	0.0424	0.0651	0.3831	0.0234	0	0	0.0217	0.1964	0.0308	0	0.0893	0.044	0.0457	0.0698	0.3721	0.0745	0	0.0831	0.0226	0.0188	0.0491	0.0176	0.066	0.0727	0.047	0.0213	0.0839	0	0.0197	0.0213	0.1199	0.0574	0.1135	0.1795	0	0.0625	0	0.0202	0.0338	0.0628	0.0596	0	0
ENSG00000115170	ACVR1	90	activin A receptor type 1	protein_coding	31.8402	71.9471	49.8156	32.5479	48.7375	78.4498	25.3199	152.6015	7.7817	27.9566	7.0073	36.7937	49.0253	10.42	11.2907	35.4062	28.3575	12.9994	91.458	14.7019	14.057	87.2504	25.5478	12.4835	41.1758	13.0986	36.7754	41.3077	10.6066	36.7705	59.0474	14.3948	44.9921	26.7105	54.2576	90.3519	111.2796	114.9269	111.5199	29.6195	31.4228	57.754	52.2091	6.1495
ENSG00000135503	ACVR1B	91	activin A receptor type 1B	protein_coding	37.5481	43.4971	31.3747	58.4473	39.9931	33.8	12.4424	33.8244	8.1674	15.1304	12.8273	27.4957	32.6756	10.7216	20.9524	47.9835	66.8478	8.8596	39.9281	43.1116	14.898	55.8322	16.843	16.2149	69.4091	19.6799	23.8244	35.1444	16.7661	38.1048	55.9586	64.0803	38.2237	20.9181	10.7453	80.5564	30.9879	96.6568	41.8166	54.8195	120.9746	23.3934	18.2905	10.6085
ENSG00000121989	ACVR2A	92	activin A receptor type 2A	protein_coding	7.675	5.6996	11.5526	6.5544	4.0067	2.579	2.525	8.8714	2.6243	4.464	2.8464	3.0174	32.8946	2.646	2.7896	18.583	5.0881	2.6838	8.8631	7.1127	3.4578	8.0468	9.4128	3.0831	8.1474	3.9495	8.662	7.4283	3.2805	5.0017	4.0671	1.7044	6.2664	7.6708	5.673	14.7435	12.6904	16.7251	3.8254	8.4514	17.825	8.4775	4.0531	1.9576
ENSG00000114739	ACVR2B	93	activin A receptor type 2B	protein_coding	1.6965	1.1724	1.6305	1.0228	2.2484	1.5014	0.8274	1.1439	0.8395	1.0773	0.6109	0.6293	2.8522	1.3127	0.9724	2.3009	1.6417	0.9758	1.4592	3.97	0.934	2.125	1.5451	0.8875	4.0461	0.7659	1.3671	1.6774	0.5733	0.8336	0.5535	0.614	1.0797	0.8957	0.5356	1.8824	3.8819	2.8496	1.3971	3.8687	3.756	1.3266	1.2856	0.3568
ENSG00000139567	ACVRL1	94	activin A receptor like type 1	protein_coding	15.6267	9.5816	19.299	16.1421	10.7745	3.7523	15.7467	7.3638	29.4514	1.0725	0.8629	2.9413	12.4323	4.5536	1.9467	6.54	22.8537	2.2011	15.1922	4.7562	3.4823	40.3455	17.959	3.6042	14.5462	2.2718	10.2173	14.2482	1.0594	10.8027	7.7066	9.6971	4.6865	15.6541	5.9852	18.5785	22.5079	17.541	7.6481	8.4007	20.2791	12.6956	13.1434	1.9954
ENSG00000243989	ACY1	95	aminoacylase 1	protein_coding	0.0803	0.1241	0.1747	0.2144	0.0685	0.6301	0.1132	0.0795	0.23	0.2251	0.2706	0.0817	0.3379	0.2339	0.1405	0.2179	0.0682	0.2297	0.0406	0.1818	0.2896	0.1617	0.3474	0.1329	0.1065	0.1834	0.2341	0.1535	0.1276	0.1875	0.2026	0.1097	0.1121	0.1661	0.3821	0.2628	0.2058	0.0438	0.1183	0.2477	0.3522	0.1309	0.1109	0.0776
ENSG00000119640	ACYP1	97	acylphosphatase 1	protein_coding	10.3895	8.1777	18.1171	13.0176	7.5912	21.8193	8.9877	4.1691	23.0294	23.1354	1.2554	12.932	12.1056	1.6209	1.3056	20.2801	10.0097	1.0271	20.0499	22.577	3.1095	11.445	6.9821	1.8693	9.4216	0.7213	13.7496	8.7746	1.0991	8.1684	10.6637	12.3058	7.8987	14.1156	8.6726	14.8351	13.7292	10.9744	7.286	10.9081	12.9661	11.2881	12.7496	0.9877
ENSG00000170634	ACYP2	98	acylphosphatase 2	protein_coding	3.7481	6.7828	7.0493	5.3879	7.5865	4.6001	7.5298	11.0541	6.9135	4.5445	5.8582	4.977	4.0293	5.5852	5.7515	9.0433	9.4138	5.9303	7.2245	5.5561	5.5552	3.7464	4.2267	5.7655	5.2598	7.3243	5.0535	5.2777	5.5109	10.3155	7.1083	3.8222	5.6044	5.6806	4.0029	6.6895	4.7471	7.7843	4.3918	3.6082	14.6388	5.7068	9.385	5.571
ENSG00000196839	ADA	100	adenosine deaminase	protein_coding	11.1069	3.656	5.1327	3.8863	7.0926	3.2251	5.4968	15.8953	32.636	3.2768	1.6115	23.2526	6.1458	3.2056	0.967	4.5835	7.228	1.614	8.8071	10.0967	2.344	5.4114	8.292	2.237	5.8906	1.6203	7.5121	7.8798	0.7208	3.0827	20.1406	6.2008	4.504	10.9469	1.7685	9.4042	16.2007	4.5731	6.99	6.1055	12.7543	8.3714	11.9175	1.7154
ENSG00000151651	ADAM8	101	ADAM metallopeptidase domain 8	protein_coding	49.8519	4.9899	54.3129	10.8541	26.4066	17.2747	6.644	6.9597	55.1165	2.8932	1.6839	15.6423	59.6364	4.4112	2.1164	15.1195	6.7392	1.7697	33.1574	20.4555	5.119	19.6474	25.4216	2.7465	124.3906	1.9339	15.8468	15.5413	0.9859	5.9122	7.0062	1.589	42.4718	15.3158	7.8103	11.1967	161.0186	8.4608	4.6065	23.7427	4.8323	21.1487	31.8021	1.4955
ENSG00000137845	ADAM10	102	ADAM metallopeptidase domain 10	protein_coding	19.5569	25.6576	45.7583	39.166	77.0145	62.9633	20.0434	31.4146	10.3516	15.7262	4.077	25.6517	42.6013	5.7539	5.3603	37.3436	32.0442	5.5349	104.8059	31.4011	7.3682	50.5878	17.3209	5.6307	57.7021	5.9715	43.8884	21.9682	5.3274	11.7516	25.9643	9.9793	78.0241	24.0263	21.6347	40.9361	55.8231	93.4239	15.2222	41.6464	34.3113	43.5081	24.7518	4.9233
ENSG00000160710	ADAR	103	adenosine deaminase RNA specific	protein_coding	73.0447	81.141	93.2316	121.4053	165.6603	324.2309	73.0717	92.6312	84.9168	61.1567	26.0204	89.2576	462.2177	26.9719	30.3089	161.1034	126.0795	26.0693	340.5244	159.6215	32.8227	260.1893	277.2403	26.9462	167.3144	35.8452	130.5983	113.2707	30.5709	57.378	107.434	157.5486	90.2606	120.5365	80.7091	127.7544	298.2622	202.5767	149.0032	373.2854	112.6065	162.7022	103.69	29.3511
ENSG00000197381	ADARB1	104	adenosine deaminase RNA specific B1	protein_coding	7.3871	4.7886	4.1996	5.5636	4.4729	1.5684	3.8565	4.5629	12.2809	1.0801	1.3416	1.0526	4.4348	2.979	1.844	3.6472	5.0351	1.5569	2.6145	3.8409	2.0889	5.7041	4.6236	2.2227	7.369	1.6769	6.9824	1.6755	1.9549	3.6775	3.8339	2.146	2.5839	5.0132	2.8481	4.1698	7.8847	2.6907	2.7188	5.0909	6.9	4.7007	3.9489	1.3916
ENSG00000185736	ADARB2	105	adenosine deaminase RNA specific B2 (inactive)	protein_coding	0.3833	0.4026	0.2345	0.1181	1.4792	1.7499	0.3544	0.6687	0.0257	0	0	0.0438	4.5269	0.0822	0.0914	0.0569	0.0549	0.0242	0.5808	0.5324	0.1666	0.4259	1.082	0.1352	0.9526	0.0667	0.3421	0.0893	0.0408	0.3936	5.4446	1.7563	0.2821	0.1424	0.0107	1.6692	4.1429	0	1.3159	13.1558	2.3219	0.2798	0.1489	0.1289
ENSG00000164742	ADCY1	107	adenylate cyclase 1	protein_coding	1.015	3.0674	1.0431	0.4411	1.7223	0.8353	0.6841	1.4801	0.3066	0.4457	6.6201	0.5528	3.9425	4.3266	2.55	0.6453	1.3661	7.2288	6.5363	0.6993	2.684	0.8148	1.6765	3.125	8.8251	3.5655	1.606	0.4365	2.9242	6.8008	1.6246	4.2464	0.1897	0.3186	0.4689	0.6878	2.9876	0.3857	1.1307	0.4401	14.0184	0.9256	0.2754	3.3227
ENSG00000078295	ADCY2	108	adenylate cyclase 2	protein_coding	0.1617	0.0833	1.74	0.0841	0.3128	0.0423	0.1346	0.0171	0.0502	0.003	0	0.0088	0.0605	0	0	0.195	0.0549	0.0036	0.1361	0.0133	0.0037	0.1254	0.0967	0.0032	0.025	0	0.0168	0.0206	0.0024	0.0503	0	0.0059	0.0339	0.0372	0.0096	0.0376	0.0123	0.0941	1.8056	0.0366	0.1069	0.039	0.0695	0
ENSG00000138031	ADCY3	109	adenylate cyclase 3	protein_coding	10.1644	5.5822	8.1687	10.7863	13.9303	5.8794	1.7538	19.5427	5.2836	2.3713	0.5442	14.6562	7.6578	1.5386	0.6676	10.2156	26.3653	1.0752	9.592	4.8106	1.5173	7.2611	6.8364	1.6502	6.6052	0.8855	7.819	1.9766	0.6898	4.8735	6.5421	1.6259	7.2384	7.7435	2.0314	10.9767	13.2219	12.398	11.2806	6.5799	11.5651	11.8721	11.4848	0.7435
ENSG00000173175	ADCY5	111	adenylate cyclase 5	protein_coding	5.8001	1.6808	5.6285	0.7983	6.5442	57.4149	16.6383	1.4108	6.2201	21.6972	1.4093	6.4644	13.2636	2.0024	1.5155	22.983	11.4771	2.3426	19.727	0.638	2.3359	13.1648	16.4027	3.2932	19.8522	1.3274	12.2834	7.4385	1.1604	0.8892	6.7964	1.3773	0.8154	18.6508	11.7923	20.1248	4.6242	41.9561	16.845	8.6605	3.8989	8.908	2.2477	1.015
ENSG00000174233	ADCY6	112	adenylate cyclase 6	protein_coding	9.0676	19.9917	13.8845	6.685	27.4262	24.6432	6.1441	9.7871	2.6989	7.9587	2.1297	17.9016	31.3515	2.6862	2.4977	44.6823	22.3103	1.8679	33.5097	12.9135	3.2557	39.5312	23.4439	2.2891	71.1817	2.5642	43.6898	24.5157	3.3757	15.9149	14.663	7.853	13.1454	13.2329	15.2637	38.2739	48.4048	49.1989	20.6303	31.1947	30.4743	18.5917	8.3248	1.9929
ENSG00000121281	ADCY7	113	adenylate cyclase 7	protein_coding	4.0644	2.2617	3.0928	2.1955	7.4911	2.1081	0.7026	3.026	4.1589	0.3095	0.1202	2.8206	1.5661	0.6617	0.3792	1.9573	7.2742000000000004	0.2155	4.5852	1.4181	0.4627	2.055	4.1605	0.5184	4.7433	0.4539	6.6442	0.7008	0.2556	0.2301	0.8828	0.2171	2.6742	2.3673	1.1559	1.0598	2.5656	3.5918	4.0811	5.8159	0.9347	5.3839	5.1152	0.4083
ENSG00000155897	ADCY8	114	adenylate cyclase 8	protein_coding	0.2278	0.8583	0.0169	0	1.4944	2.8205	7.5681	1.979	0.0153	0.2993	0	0	0.0171	0.0178	0.0815	0.2125	0.0435	0	0	0	0.2054	0	0	0.0257	0.3256	0	0.0166	0.0327	0.0291	2.2401	0	0.0467	0.6111	0.2356	0.0889	0.2795	0	5.7113	0.1887	0.0132	0.0489	0.294	0.0787	0.0354
ENSG00000162104	ADCY9	115	adenylate cyclase 9	protein_coding	8.3362	21.4128	7.9104	12.5049	22.8549	30.6599	9.9103	26.0712	2.2667	14.6838	6.5279	47.5111	21.5976	6.8099	7.8657	11.0233	29.5039	7.846	13.7513	2.8049	6.1979	45.408	8.9392	5.2965	10.3149	6.6014	27.0015	20.4867	7.1929	51.8397	11.1404	16.8517	23.7169	18.648	26.3714	14.5599	25.6258	20.2546	7.4201	16.7168	25.949	20.207	11.0193	5.3102
ENSG00000141433	ADCYAP1	116	adenylate cyclase activating polypeptide 1	protein_coding	13.385	0.6055	11.9698	0.1207	0.2925	0.032	0.0986	0.0194	0.5784	0	0.0508	0.0199	0.0392	0.2037	0.4359	0.0443	0.931	0.1812	0.2968	0	0.0168	0.219	0.0941	0.0147	0	0.014	0.628	0	0.0222	0.0176	0	0.0802	0.1196	0.4388	0.0582	0.0214	0.0558	0	0.1262	0.2114	0.7841	1.738	0.0902	0.1216
ENSG00000078549	ADCYAP1R1	117	ADCYAP receptor type I	protein_coding	0.2718	0.7246	0.4515	0.0335	0.5449	0.0178	0.0109	0.0323	0.1362	0.1371	0.2677	0.0995	0.2286	0.1018	0.0778	0.0614	0.0461	0.2377	0.0961	0.1902	0.056	0.1459	0.0871	0.4989	1.279	0.0078	0.412	0.1351	0	0.0976	0.0949	0.0297	0.1233	0.4964	0.0242	0.4268	0.2167	0.1631	0.2001	0.0754	36.339	0.5709	0.2127	0.0225
ENSG00000087274	ADD1	118	adducin 1	protein_coding	49.735	69.0184	71.2714	52.3198	86.8478	63.7911	44.0699	57.6363	55.9094	39.1629	12.2872	27.7084	69.0933	18.7094	15.6572	76.4953	56.5027	16.4096	72.0306	31.0823	19.1036	75.1603	57.6979	18.6446	52.075	18.086	69.6816	47.3443	13.7901	45.5435	41.5248	53.5289	63.7549	48.1032	36.9676	65.944	87.5169	58.663	95.7082	99.4985	75.5294	48.5992	77.4007	12.3704
ENSG00000075340	ADD2	119	adducin 2	protein_coding	0.9538	0.2721	0.5688	0.0861	0.3898	0.0783	0.2594	0.1839	1.8339	0.021	0.0505	0.1645	0.174	0.1309	0.0524	0.0406	0.4374	0.0353	0.2043	0.5425	0.036	0.3082	0.3695	0.0316	0.1489	0.0299	0.3901	0.1489	0.017	0.0699	0.0872	0.0491	5.6763	0.4285	0.3563	1.0782	0.2218	0.188	2.5363	0.1478	0.08	0.2496	0.4138	0.0744
ENSG00000148700	ADD3	120	adducin 3	protein_coding	46.716	15.9858	34.1182	358.5404	34.6544	31.2009	17.733	24.7725	38.7542	37.4855	4.2139	63.5338	42.8808	12.1641	10.3386	89.4299	50.557	8.6718	6.9215	83.4601	8.7534	38.7388	51.7009	8.9808	23.534300000000002	9.0321	135.1061	25.959	7.4908	6.0374	9.2941	4.5981	8.4888	23.8129	143.8143	36.0672	70.9996	70.4847	11.1027	50.4503	134.7822	66.6554	22.7369	6.5841
ENSG00000147872	PLIN2	123	perilipin 2	protein_coding	40.0724	29.3509	39.217	42.7458	11.9761	52.8997	29.5774	227.9647	21.6037	13.5801	138.8849	85.5264	29.1848	63.5402	1303.34	26.9267	32.067	260.5378	17.2412	20.5657	170.6879	55.2117	21.6755	79.8005	46.5304	152.8209	122.0758	13.8163	263.9917	18.2467	66.5061	152.012	53.8397	78.8473	56.9007	31.498	55.4818	43.1874	110.2445	33.3726	231.6196	58.7829	48.1418	404.2616
ENSG00000187758	ADH1A	124	alcohol dehydrogenase 1A (class I), alpha polypeptide	protein_coding	0.1135	2.203	0.101	0.3845	1.7062	0.0556	45.6707	134.6693	0.0914	8.3707	969.4285	78.3138	27.884	766.6884	825.9227	55.3242	6.7894	694.7268	0.8596	3.8873	692.7986	0.1142	44.9504	484.0968	148.842	1317.0582	79.5689	1.7566	829.8773	0.5807	0.1981	62.4121	0.0891	403.2559	95.3908	4.7882	1.3566	0.743	15.2843	0.0787	20.5032	35.2267	1.9589	888.1888
ENSG00000196616	ADH1B	125	alcohol dehydrogenase 1B (class I), beta polypeptide	protein_coding	22.417	6.2798	2.1614	0.1231	5.527	0.3572	7.6438	200.63	15.6359	5.6219	955.9291	69.2205	130.027	686.3215	930.3295	6.9416	4.71	860.9421	1.0773	5.9632	833.1906	5.0936	11.7339	489.9291	155.8627	1241.5837	101.8759	0.694	1006.3959	0.1266	0.0342	15.4893	0.1845	269.2341	87.778	1.2302	1.9672	1.8757	15.0326	0.7283	10.9205	68.9371	1.0875	789.6164
ENSG00000248144	ADH1C	126	alcohol dehydrogenase 1C (class I), gamma polypeptide	protein_coding	26.0135	10.6258	16.984	56.4754	19.2951	0.3942	521.2712	521.6883	0.4749	811.535	2167.6351	190.5634	16.7659	1301.3925	1247.8269	2.9993	8.9271	1292.3524	2.1931	20.0043	950.0035	0.7553	2163.8103	1005.7984	289.5139	1758.3369	215.5787	3.9652	1152.5723	3.2489	0.1872	17.2579	2.0621	535.1244	86.3249	26.6214	62.2883	11.0573	37.335	3.8303	227.9386	104.9723	8.4407	1023.4658
ENSG00000198099	ADH4	127	alcohol dehydrogenase 4 (class II), pi polypeptide	protein_coding	0.1548	3.3194	0.15310000000000001	0.0636	6.8673	0	0.5297	317.4041	0.0554	8.2856	2103.5885	161.9981	0.8061	1677.7431	1607.6441	1.1897	0.5781	1781.4862	2.8927	19.4293	1857.7153	0.0692	0	1530.2397	306.2404	4321.1319	276.7481	0.0592	2999.507	0.1112	0.1201	2.8741	0.027	713.3843	243.7502	0.1688	1.1017	0.0422	48.8245	0.0716	0.4721	112.8781	1.8172	2741.093
ENSG00000197894	ADH5	128	alcohol dehydrogenase 5 (class III), chi polypeptide	protein_coding	62.6605	78.3451	73.7496	53.3138	63.2294	65.6467	77.4743	59.8905	31.2414	85.8547	98.6724	58.4998	108.9492	73.8421	70.7931	142.8438	72.6018	103.2787	51.4913	55.7483	87.9139	118.8271	86.3362	79.584	97.1785	126.4856	95.7976	60.4915	76.0587	44.2508	59.1472	32.8339	30.0974	75.5363	68.4802	85.0907	99.6976	79.3258	57.0951	117.8609	135.4885	52.1693	107.9903	72.3106
ENSG00000172955	ADH6	130	alcohol dehydrogenase 6 (class V)	protein_coding	1.1648	6.0504	0.2048	3.455	2.3187	4.1734	64.2277	40.0692	0.1544	64.8233	259.9657	16.7009	9.8325	229.1563	201.5592	50.6691	5.7118	261.5508	6.9068	5.3969	196.6273	0.6946	35.7209	166.4838	37.8692	435.0005	49.0032	0.9564	223.4472	3.4239	6.2601	12.2738	0.1355	75.9505	29.5013	9.7468	2.5544	2.7776	7.367	0.4123	114.6923	14.0454	1.5888	314.2454
ENSG00000196344	ADH7	131	alcohol dehydrogenase 7 (class IV), mu or sigma polypeptide	protein_coding	0.0204	0.0236	0	0	0	0	0	0.0484	0	0	0.2533	0	0	0.1017	0.1748	0	0	0.0411	0	0.0754	0.1678	0	0.0783	0.0368	0.0405	0.2615	0.0237	0	0.3327	0	0	0.467	0	0.0211	0.0182	0	0	0	0.0225	0	0.0233	0	0	0.2696
ENSG00000156110	ADK	132	adenosine kinase	protein_coding	18.5452	22.7877	11.6072	17.2759	30.1315	5.6482	8.0409	36.3738	9.7603	7.4474	44.5568	29.2052	56.1316	28.2681	36.6726	21.0806	22.6798	26.2255	24.8059	10.7351	29.195	26.0335	9.5962	28.9799	41.2231	48.4959	19.0235	11.4669	53.7716	22.0009	42.099	22.3029	27.3459	18.2315	17.827	18.8448	16.8245	11.1202	17.2963	45.452	27.565	25.3748	30.6238	36.5779
ENSG00000148926	ADM	133	adrenomedullin	protein_coding	33.0714	21.4229	154.8029	36.6234	25.0802	48.7332	48.131	17.1028	10.9901	19.932	5.4601	33.1074	8.112	12.4682	70.4599	20.0831	23.398	26.9435	17.1568	19.1883	16.6835	80.0247	8.8934	13.7593	15.4514	10.0678	21.8647	23.7849	7.1522	25.2793	62.1007	17.1684	166.6369	26.4234	42.3679	42.3846	23.8971	29.6753	32.6085	5.8408	57.902	28.4793	24.06	39.468
ENSG00000163485	ADORA1	134	adenosine A1 receptor	protein_coding	5.0737	8.0339	19.2075	0.2605	9.5076	0.2369	0.5289	1.4707	0.6	6.1191	0.1644	62.653	58.3397	0.5277	0.3601	52.778	4.5985	0.4266	290.4341	0.1119	0.8711	35.1347	20.8232	0.9678	3.1075	0.2327	1.1619	10.4243	0.2467	1.513	1.3359	0.2474	0.9799	1.0928	0.458	2.2921	78.6401	3.2876	2.9844	27.7793	2.3141	9.8109	8.4465	0.2624
ENSG00000128271	ADORA2A	135	adenosine A2a receptor	protein_coding	0.1359	0.07	0.0896	0.1489	0.1546	0.0592	0.0182	0.2512	0.4217	0.0381	0.9395	0.0737	0.1089	0.4713	0.3025	0.2253	0.2923	0.6706	0.0915	0.1865	0.7002	0.1216	0.1887	0.7635	0.1051	0.4138	0.3522	0.0173	0.7094	0.0325	0.0176	1.5589	0.0474	0.3279	0.0404	0.1383	0.2064	0.1731	0.1001	0.014	1.831	0.1641	0.0417	0.125
ENSG00000170425	ADORA2B	136	adenosine A2b receptor	protein_coding	6.326	15.2692	13.3641	1.9563	18.2231	0.1459	0.2097	5.7164	0.293	4.0879	0.4436	3.9647	8.6455	0.9289	0.142	0.8412	9.7277	0.4005	11.0886	8.1776	0.7411	27.23	5.054	0.5151	7.6209	0.446	5.6977	12.8018	0.6417	3.1807	7.1615	0.8129	19.007	0.6155	1.8588	12.0109	7.7967	16.7719	13.5861	5.6675	1.7591	4.1778	9.4224	0.6159
ENSG00000236136	ADORA2BP1	137	adenosine A2b receptor pseudogene 1	pseudogene	0.3006	1.1326	0	0.0926	2.4046	0	0.0908	2.2318	0.0807	0.1264	8.006	0.2751	2.6193	3.3772	9.5344	0.1019	0.0766	7.0531	2.5054	0.1856	5.9617000000000004	1.9162	0.3611	3.1887	0.7472	7.4005	1.1391	0.3448	8.9537	0.4859	0	1.6007	3.6974	1.3986	0.067	0	0.2568	0.3691	0.6639	0.4866	0.5158	1.1433	0.7266	4.9764
ENSG00000282608	ADORA3	140	adenosine A3 receptor	protein_coding	4.7464	6.2467	8.6239	2.7109	10.693	3.7327	2.4484	2.0554	2.1502	0.4365	0.4421	7.9016	0.5644	1.2959	0.5895	0.6035	1.2841	1.6713	2.3972	0.3052	1.4006	4.843	2.2331	0.7141	1.4746	0.1693	3.862	3.5152	0.3366	3.0896	3.971	0.324	8.9785	2.1723	0.882	1.2616	2.2379	8.7409	3.8213	1.0289	2.3466	2.9007	16.6958	0.5115
ENSG00000144843	ADPRH	141	ADP-ribosylarginine hydrolase	protein_coding	12.0536	3.0041	7.4848	10.6615	11.3015	3.9799	6.2939	3.111	20.0412	5.0611	0.9702	4.6675	7.3826	2.0196	2.0665	7.9231	7.8213	1.9925	19.2816	4.3679	2.2319	11.7396	9.3298	2.6118	7.3481	1.6789	8.7291	4.2144	1.3629	2.098	28.0615	3.1227	3.1289	7.5278	2.5687	10.533	16.7705	10.0341	9.9779	7.6227	14.7892	11.1742	11.5152	1.9294
ENSG00000143799	PARP1	142	poly(ADP-ribose) polymerase 1	protein_coding	14.9518	20.7599	18.7251	27.6786	25.3542	9.7398	13.7013	20.1168	34.5568	11.4658	5.1802	32.9656	62.2613	6.8088	15.8259	52.9909	27.0973	6.6984	54.8731	37.8022	7.4585	44.151	42.5168	6.0855	33.299	7.8689	29.438	27.2672	6.3102	17.5434	23.9265	27.037	36.4333	34.8836	8.9865	28.1255	57.2051	37.443	42.0984	50.2079	30.3923	39.5382	30.6458	6.5275
ENSG00000102699	PARP4	143	poly(ADP-ribose) polymerase family member 4	protein_coding	37.0723	66.7638	98.9755	141.164	72.1697	95.2683	22.2748	45.0785	23.4584	11.5074	10.178	32.2726	60.1557	11.4371	21.805	36.461	39.1554	8.7918	126.5926	51.135	14.8227	74.1126	34.0256	11.7693	45.2473	15.2699	41.0602	26.7446	14.3505	45.8545	37.5214	38.2256	67.9268	29.5675	32.0784	55.554	77.006	87.3273	53.1668	76.5207	122.31	58.3246	81.4896	12.9142
ENSG00000227105	PARP1P1	144	poly(ADP-ribose) polymerase 1 pseudogene 1	pseudogene	0.0418	0	0	0	0.0268	0	0	0	0	0	0	0	0.0503	0	0	0	0	0	0.0317	0	0	0	0.0201	0	0	0	0	0	0.0142	0	0	0.0685	0	0.0216	0	0	0	0	0	0.0193	0	0.0227	0	0
ENSG00000258995	PARP1P2	145	poly(ADP-ribose) polymerase 1 pseudogene 2	pseudogene	0	0	0	0	0	0	0	0	0	0	0	0	0	0	0	0	0	0	0	0	0	0	0	0	0	0	0	0	0	0	0	0	0	0	0	0	0	0	0	0	0	0	0	0
ENSG00000171873	ADRA1D	146	adrenoceptor alpha 1D	protein_coding	0.3792	0.5128	0.7749	0.1298	0.10780000000000001	0.1239	0.0254	0.1001	0.2941	0.0354	0.0164	0.1799	0.2278	0.0789	0.1607	0.2572	0.1717	0	0.1915	1.3525	0.1736	0.424	0.4454	0.057	0.5236	0.0361	0.0982	0.1208	0.0143	0.0681	0	0.1381	0.1985	0.2178	0.0376	0.1103	0.3598	0.069	0.0698	0.3507	1.0601	0.5722	0.3201	0.0349
ENSG00000170214	ADRA1B	147	adrenoceptor alpha 1B	protein_coding	5.7513	0.2098	0.2148	1.561	1.5956	0.0789	0.8744	5.8281	2.9584	0.4734	8.193	2.3307	1.4258	10.1653	8.7079	0.7364	0.4711	6.4527	0.6703	0.6455	5.6139	9.4174	1.43	5.9359	4.7781	4.0634	2.2976	1.8449	5.5442	0.975	3.2537	0.3295	0.442	6.0082	1.2556	1.6841	3.4005	2.1068	2.7089	1.488	7.0377	7.3412	6.277	6.6406
ENSG00000120907	ADRA1A	148	adrenoceptor alpha 1A	protein_coding	0.2344	0.087	0	0.104	0.18	0.0184	0.068	2.0939	0.4128	0.0394	7.976	0.4805	0.0563	4.2367	30.9004	0.0382	0.0955	6.2447	0	0.1968	19.1451	0.0755	0.0991	9.1753	2.3865	24.8241	2.58	0	9.5556	0.0101	0.0218	6.1602	0.0981	1.8225	0.5437	0.0614	0.016	0.046	0.528	0.0347	0.3432	1.2939	0.0518	22.7463
ENSG00000150594	ADRA2A	150	adrenoceptor alpha 2A	protein_coding	5.4654	32.9427	54.088	206.1462	7.4745	99.7866	12.7692	12.4602	18.991	5.3631	0.3171	24.1034	0.7646	1.2829	0.6069	0.5532	23.6619	0.8725	0.0742	0.4834	2.8067	12.6317	7.3844	1.9734	7.7042	0.2514	8.8827	5.1637	0.4442	4.869	0.3798	0.2138	8.3332	9.6645	69.111	6.5539	0.7245	18.6681	7.854	0.6187	1.4181	23.2917	8.2245	0.7696
ENSG00000274286	ADRA2B	151	adrenoceptor alpha 2B	protein_coding	0.9246	0.655	0.3454	0.6329	0.745	0.3693	1.0961	1.6474	1.5629	0.3311	3.1951	0.6267	3.2305	3.5262	1.3882	2.4384	1.2207	5.9088	0.6745	3.636	2.7163	2.0449	2.4846	8.0217	1.4299	4.0316	1.7767	0.7265	3.5667	0.9593	0.9368	1.094	0.3584	1.5931	0.4887	0.8738	5.3813	0.7007	0.9075	2.0905	2.8982	0.8558	0.2601	1.573
ENSG00000184160	ADRA2C	152	adrenoceptor alpha 2C	protein_coding	25.8774	19.0542	13.1644	23.475	23.3784	19.6489	96.3976	5.6919	3.3682	127.1168	0.4742	4.7125	103.5876	1.4862	0.4432	166.0337	44.193	0.7326	33.0043	0.5378	0.748	81.8402	30.8123	1.1535	23.5319	0.4227	36.3659	14.6543	0.2966	49.1586	47.3635	9.8017	9.9708	32.9379	10.8548	26.8307	46.6806	42.4083	33.7031	29.9517	0.7972	27.1373	12.6756	0.7692
ENSG00000043591	ADRB1	153	adrenoceptor beta 1	protein_coding	0.2082	0.0241	0.9884	0.154	0.3198	0.0408	0.0252	0.9894	1.297	0.07	0.1133	0.5589	0.05	0.3379	0.3972	0.0565	0.0848	6.6399	0	0.3342	0.5577	0.2235	0.1001	1.3158	0.1863	0.2496	0.3156	0.0716	0.6379	0.0224	0	0.0682	0.109	0.409	0.2229	0.0817	0	0.3068	0.069	0.2119	0.0714	0.2715	0.1726	0.0517
ENSG00000169252	ADRB2	154	adrenoceptor beta 2	protein_coding	5.0615	0.911	2.5739	0.6972	2.3737	0.2466	0.6835	2.1658	7.1232	0.1322	4.3754	0.8821	0.1889	10.5553	13.3136	0.2558	1.2488	17.7328	0.2382	0.9703	7.7725	0.7171	1.1782	7.1797	1.4377	10.9553	4.5816	0.4687	6.5701	0.3726	0.1098	7.3137	0.3949	3.3801	1.2619	0.2057	0.4296	0.7205	0.4165	0.1454	1.9775	3.1083	2.7355	9.627
ENSG00000188778	ADRB3	155	adrenoceptor beta 3	protein_coding	0.11	0.0255	0.2872	0	0	0.0432	0	0.1045	0.189	0	0	0	0.0529	0	0	0.0895	0	0	0	0	0	0	0.0423	0	0.15310000000000001	0	0	0	0	0.0711	0	0	0.0691	0.0455	0.0196	0.0576	0	0.1441	0	0	0	0.0239	0.1216	0
ENSG00000173020	GRK2	156	G protein-coupled receptor kinase 2	protein_coding	58.6166	35.5665	94.6557	50.5626	53.1661	50.5278	48.3148	45.9867	238.9114	31.1722	10.5386	65.7342	50.2241	23.3901	18.0022	71.9741	46.2572	12.3613	42.948	187.8366	20.6378	44.7104	63.2471	16.7864	39.6246	12.5817	56.9621	44.1346	13.6836	41.2387	42.7576	28.5817	43.9652	132.7534	20.6408	44.2274	59.9416	67.5838	31.8895	93.9444	65.2077	54.9276	75.3841	12.7728
ENSG00000100077	GRK3	157	G protein-coupled receptor kinase 3	protein_coding	5.7362	2.2757	9.3578	1.9006	7.1528	3.6142	2.9359	6.385	16.7294	1.0948	1.2253	2.6721	7.2945	1.9753	0.7261	4.0757	5.8763	0.9501	5.7167	6.9994	1.7266	7.5358	9.7797	0.8981	20.029	2.367	14.6987	2.6802	0.6637	2.3383	4.2363	1.0393	3.4318	5.3572	0.828	4.7011	12.8888	11.8058	4.9031	5.5958	9.4166	8.4959	8.0885	1.3817
ENSG00000239900	ADSL	158	adenylosuccinate lyase	protein_coding	1.0467	1.069	1.4099	0.9272	1.2237	1.4424	0.6219	1.4987	1.6162	1.2035	0.4751	4.0588	1.9786	0.459	0.5181	2.2101	1.4119	0.4282	2.2118	5.3927	0.6878	1.564	1.5496	0.3422	1.53	0.5038	2.2692	1.6221	0.5739	1.268	2.1866	1.1031	0.7047	1.5559	1.5444	1.9472	2.2324	1.7968	1.8867	0.9263	1.223	1.5	1.4535	0.398
ENSG00000035687	ADSS2	159	adenylosuccinate synthase 2	protein_coding	35.5506	59.4772	45.3477	23.2046	46.131	72.6359	19.2149	78.0954	20.5591	23.3943	7.2928	65.5615	131.436	8.1949	9.262	85.3843	50.1071	9.3531	72.1742	81.2191	8.8476	82.6485	60.5855	9.8115	85.6422	8.7866	53.0901	43.9734	8.889	26.1956	101.1748	32.2699	41.753	68.6576	17.1434	51.1879	97.6025	53.4088	56.1075	84.5087	46.0221	129.0643	56.924	8.6152
ENSG00000196961	AP2A1	160	adaptor related protein complex 2 subunit alpha 1	protein_coding	36.2831	26.879	50.0586	36.1512	44.5556	24.9371	28.7365	42.9754	26.7884	17.1571	11.9709	41.3852	36.0441	15.0561	19.8732	38.8978	31.8357	13.0367	58.222	32.2065	16.6832	41.5239	35.0626	17.2675	71.0955	17.0748	49.2695	23.9019	17.9064	30.1326	51.6773	40.596	27.4411	31.6916	16.0657	37.5184	43.7142	63.6152	55.7865	37.5087	46.8203	50.0104	53.8836	12.9107
ENSG00000183020	AP2A2	161	adaptor related protein complex 2 subunit alpha 2	protein_coding	25.9824	59.8456	35.0295	37.0381	37.3934	36.5171	54.247	37.1317	24.6855	26.7021	13.1206	32.8996	68.4674	14.2929	15.9576	36.9587	36.227	12.9662	57.0078	44.4321	15.5979	59.7023	45.4884	12.5892	48.2145	18.0745	43.3365	56.91	14.4062	62.9982	50.2389	19.6967	38.6107	24.2138	15.5329	42.8744	65.3076	57.4949	39.0339	52.1931	40.6269	42.9472	48.618	12.2001
ENSG00000100280	AP1B1	162	adaptor related protein complex 1 subunit beta 1	protein_coding	59.5749	45.2617	77.7066	77.558	70.601	61.5245	26.6354	98.487	118.8169	27.802	16.0624	97.8606	49.6856	25.773	21.3836	64.608	48.8043	16.9215	79.7668	58.3106	23.9971	58.8406	55.5219	18.2826	88.8639	24.5889	47.1604	36.5829	23.6521	70.6794	110.7446	42.7459	47.3261	46.4334	29.6235	52.8453	65.217	56.954	74.0444	52.4981	102.498	66.6202	109.6826	19.2251
ENSG00000006125	AP2B1	163	adaptor related protein complex 2 subunit beta 1	protein_coding	71.3048	89.8314	138.5807	63.9645	316.4524	94.4943	86.5977	143.5038	48.7278	74.667	12.6334	140.6619	124.2994	18.709	18.2728	135.065	126.5929	16.0084	146.3782	109.6471	22.0026	142.9	84.2409	17.5569	146.1612	18.7871	108.1597	78.2699	14.256	72.2976	137.5196	63.934	146.3606	64.4342	49.5119	121.3845	125.4672	158.226	149.7383	157.1174	128.3173	151.0402	138.552	14.4619
ENSG00000166747	AP1G1	164	adaptor related protein complex 1 subunit gamma 1	protein_coding	21.0719	29.1216	31.7329	56.5999	31.2004	38.3381	18.9145	44.5532	19.1308	21.539	10.1278	25.1729	36.633	9.0714	17.6355	43.7375	39.4775	10.858	46.1453	34.8032	13.6262	20.2939	27.9706	10.4262	48.0688	14.9081	46.3856	13.8601	13.3046	18.5301	25.3199	33.4833	40.0811	27.4512	24.9244	49.2261	26.2755	42.514	23.9664	37.2791	59.985	36.5709	30.8068	11.5819
ENSG00000106624	AEBP1	165	AE binding protein 1	protein_coding	294.1324	125.9921	559.3015	38.5251	134.8662	17.9	149.5999	147.0097	80.3295	11.4417	20.3015	47.2153	276.4646	74.8883	19.7681	113.4084	126.214	19.256	117.435	67.2861	34.5696	598.259	281.6269	55.5744	222.9307	19.6528	330.9701	59.462	17.3413	122.3632	63.4402	10.1781	224.0073	183.9964	88.9165	298.5568	547.4751	115.1832	88.2193	223.0301	108.5444	144.0178	112.8656	7.5546
ENSG00000104964	TLE5	166	TLE family member 5, transcriptional modulator	protein_coding	92.1594	188.2635	183.471	93.4487	174.1802	205.1608	129.1234	111.2018	148.5694	135.7877	34.0468	102.2734	172.3188	47.6552	42.4347	213.9439	115.7392	33.331	141.9832	102.3643	42.8055	153.3763	104.6264	36.6583	154.2841	30.8693	107.4453	140.1404	35.7082	215.1383	141.7031	134.5297	201.5122	102.1115	59.4472	120.2299	167.0141	233.21	161.2633	192.5143	119.8044	79.8023	173.9092	30.9696
ENSG00000124812	CRISP1	167	cysteine rich secretory protein 1	protein_coding	0	0	0	0	0	0	0	0	0	0	0	0	0	0	0	0	0	0	0	0	0	0.0846	0.0909	0	0.1881	0.027	0	0.0362	0.0429	0	0	0	0	0	0	0	0.053900000000000003	0.0516	0.0348	0	0	0.0343	0	0.0522
ENSG00000223959	AFG3L1P	172	AFG3 like matrix AAA peptidase subunit 1, pseudogene	pseudogene	3.4391	3.4323	3.5372	6.5934	3.7979	3.7756	3.0472	2.7364	9.0258	5.4757	0.7537	6.5689	5.3216	0.8121	1.0259	9.8242	3.8138	0.7972	6.6595	10.9262	1.9424	2.6994	5.6528	0.9649	5.1681	0.6935	5.5266	2.2079	0.6553	3.5193	3.0758	4.6118	4.2459	4.2349	3.0736	7.2628	3.5608	6.684	3.2108	6.2021	4.9203	4.1982	3.081	0.6649
ENSG00000079557	AFM	173	afamin	protein_coding	0	0.8405	0.1377	0.0357	1.0393	0	0.035	85.2274	0	11.8261	529.9771	40.4431	3.9384	330.6847	372.483	2.2815	0.0591	314.7193	0.6152	6.123	352.9383	0.0389	10.6747	415.1699	65.1354	776.8807	72.2598	0.1996	534.4744	0	0.2363	143.9727	0.0304	142.0048	35.0032	0.759	1.6348	0.2374	13.1937	0.4024	2.6205	20.3565	0.721	449.7825
ENSG00000081051	AFP	174	alpha fetoprotein	protein_coding	0.0198	0.0229	0.0469	0.5359	0	0	0	0.9628	0	0.3324	3.351	0.5789	0.095	4.5651	2.64	0.4558	0	1.9351	0	0.2441	4.5009	0.2122	0.9879	3.9083	22.21	1.625	0.461	0.6121	1.6419	0.4473	0.069	1.5547	0.0207	2.514	0.582	0.1552	0.4728	0.1942	0.1746	0.1646	0.2939	0.2148	2.594	1.0145
ENSG00000038002	AGA	175	aspartylglucosaminidase	protein_coding	21.2812	21.204	39.2901	30.3222	15.3582	23.8675	15.7863	14.6297	25.3569	6.4337	11.0498	13.0999	25.3404	11.6132	15.5015	19.9344	25.4605	11.5212	32.8708	35.2115	7.9331	22.8841	10.5055	11.7541	35.6479	11.0656	25.689	22.2591	10.2863	9.3442	14.9876	5.8108	9.7896	17.5807	11.5501	27.7836	40.0842	17.4582	29.4791	43.2316	20.8103	22.462	35.9687	11.6615
ENSG00000157766	ACAN	176	aggrecan	protein_coding	1.6178	0.7393	0.3096	4.7011	1.0537	0	1.926	0.8609	0.1743	0.1316	0.0045	0.1698	3.1844	0.0507	0.0442	1.4628	2.7226	0.0176	1.4409	0.4653	0.1493	5.4076	2.7248	0.1047	2.5307	0.5511	0.9059	0.246	0.0039	0.8809	3.2466	0.019	0.6615	0.6954	1.2982	5.1671	15.609	0.2658	3.4637	17.6394	3.0174	2.646	0.7448	0.024
ENSG00000204305	AGER	177	advanced glycosylation end-product specific receptor	protein_coding	5.1543	6.9643	5.1388	5.6368	8.7038	17.6433	40.9263	5.4701	70.9378	35.4361	1.6599	9.488	19.938	2.3601	1.0763	74.0855	10.1886	1.4772	24.0299	8.7733	4.4299	11.7045	18.5523	2.0648	24.681	1.5668	13.1562	19.9354	0.9758	23.4618	16.3306	7.6448	4.4691	28.6926	13.9017	29.7319	24.9008	14.0791	16.1976	12.0452	11.7897	6.793	6.3185	1.4893
ENSG00000162688	AGL	178	amylo-alpha-1,6-glucosidase and 4-alpha-glucanotransferase	protein_coding	6.548	7.2753	11.1483	15.3523	9.045	7.7592	5.2289	12.6064	6.7483	7.8859	15.6958	11.5474	11.0015	13.8861	22.3624	11.1645	16.7361	19.9157	6.1833	9.8083	20.0283	12.805	8.8349	17.9984	13.2664	29.2942	13.4592	9.8222	22.2399	4.8147	5.7166	6.8509	6.5857	8.117	7.5848	12.7104	17.0285	18.6313	14.991	5.4967	24.2767	18.0894	7.1472	16.2195
ENSG00000159723	AGRP	181	agouti related neuropeptide	protein_coding	0.3812	0.8838	1.6587	0.4697	0.1626	1.246	0.307	0.1509	0.9552	0.2137	0.0988	0.155	1.069	0	0.1212	0	0.1294	0.5129	0.9627	0	0.1309	0	0.4885	0.3441	0.1263	0	0.7408	0.1457	0	0.4107	0.5917	0.8328	0.9311	0.3941	0.4534	0.4989	0.8682	0	0.2806	0.1175	0.5813	0.6903	0.351	0
ENSG00000101384	JAG1	182	jagged canonical Notch ligand 1	protein_coding	66.511	34.3345	44.1039	18.5002	53.063	39.0937	26.8165	45.0783	7.0676	63.0878	1.9845	36.4941	76.1321	5.1311	5.8556	86.9226	103.1926	3.8391	108.0783	18.6379	8.638	191.2091	63.6474	7.4587	194.3483	3.817	89.5725	113.6893	2.6873	26.2601	40.5326	5.5754	55.0328	46.1946	59.8439	166.4756	187.5206	158.6587	54.7851	138.1246	48.7291	200.7955	40.6193	2.732
ENSG00000135744	AGT	183	angiotensinogen	protein_coding	95.5254	1225.3028	56.8514	208.6477	473.9874	1103.8339	1303.0511	1112.3898	1.5737	1444.8947	1880.8727	3675.9503	857.3274	1325.1742	2144.6335	4278.8464	2499.5391	1959.1344	2295.2533	30.4623	1687.9637	647.607	952.0636	2017.4363	841.3573	2215.2031	1904.3704	3139.217	1988.7319	612.3327	2050.1662	7597.9896	1087.8376	4478.4514	889.1955	2699.0832	578.1735	4130.2344	267.3494	11426.5581	1052.8604	3463.3622	741.1278	2153.3158
ENSG00000144891	AGTR1	185	angiotensin II receptor type 1	protein_coding	1.2009	4.1761	4.2534	0.1121	2.2122	5.388	10.9008	22.2176	0.3908	47.8512	24.5175	54.6971	2.0991	41.2881	48.299	43.7804	51.5014	47.0757	0.4687	2.0892	44.086	4.0042	1.7661	44.2815	18.8854	38.3714	15.2527	14.3767	28.4641	4.705	1.6521	47.9047	0.838	59.2365	46.3059	50.5005	0.4351	14.3271	1.9086	2.6254	0.3954	12.5339	10.6304	28.9891
ENSG00000180772	AGTR2	186	angiotensin II receptor type 2	protein_coding	0.0221	0	0.0525	0.3542	0	0	0	0	0.0237	0	0	0	0	0	0	0	0	0	0	0	0	0	0	0	0	0	0	0	0	0	0	0	0	0	0	0	0	0	0	0	0	0	0	0
ENSG00000134817	APLNR	187	apelin receptor	protein_coding	25.1479	21.1305	19.5786	33.1807	15.1618	5.6641	40.6525	39.8131	29.7163	2.9809	6.549	8.7778	18.8723	29.1212	7.9183	10.1808	42.6826	13.4381	5.1888	13.2817	15.5007	36.669	57.9233	19.7029	60.3704	22.1387	40.1069	5.3155	14.8232	24.9703	10.9522	11.5325	4.8878	47.1871	29.0504	17.7434	41.4771	30.1813	23.221800000000002	6.5588	37.8009	20.0882	11.275	13.9994
ENSG00000172482	AGXT	189	alanine--glyoxylate aminotransferase	protein_coding	0.1077	1.0877	0.0183	0.6634	1.8308	0	1.5607	238.5686	0	13.7346	1258.1538	108.8846	6.2112	836.7067	1157.3747	0.9389	0.6424	1290.0684	2.727	9.6097	1066.237	0.1445	4.9226	986.8569	159.9031	1456.3495	98.3693	0.3352	714.9904	1.4585	2.1666	2208.5158	0.0322	255.4037	61.8563	0	0.6306	2.0397	23.9146	0.0996	1.0556	67.2208	1.9334	876.7605
ENSG00000169297	NR0B1	190	nuclear receptor subfamily 0 group B member 1	protein_coding	0.0317	0	1.5432	0.0391	0	0.0622	0	0	0.3066	0	0	0	0	0	0	0	0	0	0	14.4905	0	0.0851	0	0	0	0	0.074	0.5457	0	0	0.0369	0.2079	0.0996	0.0328	0	0	0	0	2.1716	0	0	0.1034	1.7087	0.105
ENSG00000101444	AHCY	191	adenosylhomocysteinase	protein_coding	76.1075	95.9797	65.6237	149.4835	175.2664	109.5369	146.26	162.7486	42.8443	100.7132	51.2644	288.2649	101.9278	98.1567	106.2902	144.885	172.411	109.8392	116.4994	239.8108	59.5499	150.4072	112.2131	73.5417	176.5471	74.0963	137.9376	178.7648	63.6467	168.043	246.7619	92.7895	187.6085	138.7978	82.4861	151.7551	129.7469	217.355	133.3626	86.9735	106.2615	152.7905	82.8263	59.8816
ENSG00000106546	AHR	196	aryl hydrocarbon receptor	protein_coding	32.9433	12.5827	109.6303	25.8402	14.5761	14.7362	7.9656	22.2769	11.9185	10.9504	9.4364	18.8245	16.0394	18.1502	17.7386	12.1111	20.8314	19.702	7.5391	19.9719	24.0573	24.1013	20.1987	18.3206	24.8191	22.5998	17.9894	17.992	13.907	7.3765	4.5017	10.8946	18.7502	26.7682	11.1344	25.3543	15.3596	27.4077	4.2441	7.5175	28.5249	28.0465	20.3341	6.8113
ENSG00000145192	AHSG	197	alpha 2-HS glycoprotein	protein_coding	0.257	3.5751	1.491	0.0704	7.419	0.56	6.0019	933.2932	0.092	9.4598	4291.3607	385.4744	1.1668	4307.3684	4327.5631	15.5321	1.8034	4337.5457	9.4764	13.7505	2501.9727	1.073	1.6466	4839.8373	733.8027	6100.6655	596.6775	2.4234	4103.5801	0.2769	3.1913	1297.208	0.269	1078.662	238.1297	2.3543	2.7316	1.1687	94.5336	0.7132	69.8953	293.0609	8.3224	3657.9207
ENSG00000204472	AIF1	199	allograft inflammatory factor 1	protein_coding	69.9035	32.281	80.7709	27.2256	75.9712	42.4321	92.3031	50.3137	95.0749	5.0509	6.5316	40.125	9.4833	54.2049	12.8685	14.225	17.0602	26.4058	28.6971	11.5028	22.2901	43.0402	43.6422	23.9901	38.721	13.1646	38.4043	47.6418	9.531	43.4994	44.8037	3.6701	59.6842	56.1616	19.4828	16.9218	32.4371	57.1737	16.3586	8.5234	17.876	53.7676	188.3117	29.1166
ENSG00000112297	CRYBG1	202	crystallin beta-gamma domain containing 1	protein_coding	7.9531	1.3494	7.3239	19.7478	6.4313	4.9161	1.0998000000000001	3.2926	21.7036	1.439	3.9297	4.788	2.0915	3.5031	5.7882	3.1188	3.9973	2.7273	1.0653	8.2962	4.2923	18.3665	2.5697	4.271	2.2402	7.1992	16.5624	5.2276	6.4967	0.8879	0.7245	6.2504	4.3914	5.0226	5.0019	3.9214	23.6152	3.1227	1.8072	1.0128	7.5205	7.9835	30.8756	3.6965
ENSG00000106992	AK1	203	adenylate kinase 1	protein_coding	7.3218	2.0086	10.1359	6.5556	1.7491	1.6751	4.4807	2.725	16.0917	5.5606	3.2069	10.3914	8.4761	3.564	4.0039	5.0646	2.8089	2.2164	5.3621	8.8285	3.7964	5.3054	4.7376	2.8199	2.9844	3.3016	3.4145	10.5234	3.3062	2.8662	2.8409	11.9153	7.6636	4.794	3.6792	6.2914	8.5042	2.5969	1.7785	4.5373	7.8714	5.9398	8.7304	2.6865
ENSG00000004455	AK2	204	adenylate kinase 2	protein_coding	23.611	27.0252	33.9924	49.5723	57.7814	31.4476	58.1323	54.9333	26.0533	24.9416	21.4405	46.2115	49.0278	18.2349	21.9995	52.4988	57.3436	21.4161	30.9135	31.1469	24.1125	24.8007	18.8606	18.6482	30.585	27.9731	20.7968	24.7461	26.5329	60.03	90.572	43.4645	34.7676	35.2311	22.7384	27.3941	27.0658	62.2976	29.2642	24.9398	40.0953	35.568600000000004	45.9593	18.148
ENSG00000162433	AK4	205	adenylate kinase 4	protein_coding	9.0443	6.0307	11.4749	39.0187	17.8798	3.5373	2.6831	21.6141	0.5919	6.4313	48.1074	26.4792	2.4688	37.6907	39.3882	0.7136	25.6529	35.5519	3.9226	6.4852	35.5381	5.3677	2.215	34.9554	23.2051	64.8452	4.946	9.2798	60.7716	0.4589	37.9117	3.1194	14.5187	12.7086	5.7135	27.4832	14.0075	16.4321	11.7842	1.1046	0.8023	28.4724	16.9436	26.0084
ENSG00000263535	AK4P1	206	adenylate kinase 4 pseudogene 1	pseudogene	1.0359	0.2183	0.894	2.9009	0.9641	0.1847	0	0.6711	0.9101	0.1583	2.7092	1.034	0.4527	1.1754	2.1557	0.5109	1.5347	1.7105	0.2854	1.0464	1.9402	0.3791	0.0905	1.1901	15.1671	4.5154	0.549	0.108	3.3336	0.1015	0.9866	0.3086	0.4928	0.9736	0.252	1.602	0.8043	2.0041	0.6239	0	0.3231	1.8417	0.9105	1.4029
ENSG00000142208	AKT1	207	AKT serine/threonine kinase 1	protein_coding	24.4986	15.7791	32.6081	31.9671	18.2916	32.7654	6.7453	19.4756	15.7991	8.4751	11.4041	18.0946	36.6012	11.839	16.0555	23.9844	14.4652	9.2622	34.4055	37.7216	13.3923	26.4221	17.5385	10.9113	36.0119	15.3349	25.3892	12.8213	13.8866	14.0375	24.8741	35.1666	19.1441	16.1072	16.0824	31.5676	41.5451	20.6041	14.1416	21.3011	33.9257	20.5622	41.0403	10.8347
ENSG00000105221	AKT2	208	AKT serine/threonine kinase 2	protein_coding	16.9972	21.6993	20.0693	15.1323	33.7612	26.2687	15.7374	24.9867	25.0556	17.85	14.707	26.7324	28.226	15.6962	15.187	32.1537	27.1854	12.561	41.4078	25.2101	15.271	26.8662	25.218	12.2859	45.7206	17.8138	43.9385	20.5686	15.0274	26.4554	34.1736	24.7234	50.86	22.2583	17.082	27.4021	31.8941	36.3127	35.9967	28.1882	28.7744	24.0797	18.5122	13.2044
ENSG00000148218	ALAD	210	aminolevulinate dehydratase	protein_coding	22.1657	170.8754	34.5014	33.8552	44.3347	34.3067	44.8733	51.6525	19.6108	30.4707	138.629	81.4687	98.0119	86.4953	122.2474	65.2472	51.1734	128.295	60.1121	35.3921	118.5187	86.0695	34.9273	85.8215	64.7092	162.8814	54.9071	69.3579	111.9039	41.8754	37.5403	95.8798	59.3805	66.2192	49.772	33.8777	44.4183	85.6632	17.0697	118.0849	342.3918	50.293	36.1641	123.6269
ENSG00000023330	ALAS1	211	5'-aminolevulinate synthase 1	protein_coding	44.4441	48.3635	94.9312	75.2084	66.4895	52.7039	34.7827	136.7907	32.3173	33.0646	180.6373	56.139	78.0895	246.9616	472.7944	43.9659	45.9271	323.2128	60.3841	38.1721	539.1952	52.7395	44.7961	290.5621	90.2049	471.1208	74.9161	43.6405	115.4807	55.5472	93.0403	102.5346	51.8209	182.4222	97.2295	62.4343	53.5358	58.9468	84.9471	75.5211	89.8155	80.905	113.2892	243.8303
ENSG00000158578	ALAS2	212	5'-aminolevulinate synthase 2	protein_coding	0.2164	1.3617	0.3302	0.6095	0.5143	0.1213	0.6721	0.1836	0.1328	0.026	1.3701	0.8298	0.0372	0	0.0885	0.1677	0.2204	0.0936	0.0468	0.1527	0.7006	0.3734	0.208	0.1953	0.5225	0.0794	0.3965	0.1064	0.1894	0.3664	0.072	0	1.5532	0.0639	0.3585	1.4564	0.1584	0.9616	1.4337	0.2288	0.0707	1.0749	0.2562	0.1023
ENSG00000163631	ALB	213	albumin	protein_coding	12.3582	106.922	5.6248	4.8635	126.097	349.5529	216.1461	15939.3376	0.7527	5320.6521	89428.5437	7647.0317	5844.1504	92276.7296	97096.345	15463.1766	2047.1712	152956.2332	229.786	221.0717	70715.9822	1820.7447	5273.1852	123526.0824	14871.8485	135679.39	19420.6285	7202.2004	92241.5395	2602.1315	211.0552	367.1535	54.327	34923.8998	7902.3372	5100.7373	2198.5965	3307.4971	2558.3849	7095.1576	9439.6026	7815.6093	435.6	77435.6442
ENSG00000170017	ALCAM	214	activated leukocyte cell adhesion molecule	protein_coding	30.3069	70.3511	44.8315	59.7499	438.1867	161.0086	182.2087	278.8416	14.824	150.8562	23.2967	214.9282	20.9962	16.0308	24.2233	137.1731	41.9737	21.6237	10.6721	115.4935	24.6728	70.2512	17.4339	20.9119	20.7526	23.8504	112.4759	70.5502	21.8671	31.9786	264.9243	48.9585	49.2339	86.3133	96.8041	57.756100000000004	39.4194	161.9961	37.4148	90.6988	7.5715	33.3304	196.665	16.7365
ENSG00000101986	ABCD1	215	ATP binding cassette subfamily D member 1	protein_coding	12.6928	7.5294	14.5826	51.6281	22.588	7.8186	16.0703	10.1277	12.9405	8.7504	6.6179	12.1694	29.8244	7.4738	5.8253	86.5827	27.3761	4.671	32.1514	15.3755	7.3222	34.6849	16.3016	5.1491	29.7949	6.3543	19.846800000000002	21.5592	8.9454	18.4859	66.9732	33.3692	20.2092	23.6044	5.8342	34.4489	29.8676	36.0069	34.2947	20.0958	18.6494	18.3334	17.6543	4.3503
ENSG00000165092	ALDH1A1	216	aldehyde dehydrogenase 1 family member A1	protein_coding	130.7143	117.1101	120.3326	280.9322	500.216	13.5463	159.6845	225.0546	20.8419	265.3902	746.6995	401.6635	127.3575	507.4969	443.5242	39.6223	124.0995	599.1534	12.6276	201.8754	600.6144	212.7159	128.2688	369.0647	171.4661	1070.959	304.3485	54.0968	673.0214	8.571	18.0532	424.5011	189.4569	426.1401	332.1809	148.3004	9.2109	818.6647	531.0531	41.8597	823.6511	132.5778	108.1487	566.8619
ENSG00000111275	ALDH2	217	aldehyde dehydrogenase 2 family member	protein_coding	23.2233	10.8641	39.7202	24.9574	55.7996	10.3131	86.1701	105.4272	21.0869	43.5362	337.6621	112.4864	34.0478	310.939	363.4249	75.1339	15.1543	307.6534	35.74	26.5017	336.0233	37.896	57.2188	338.6361	87.1806	410.0626	101.1071	51.2698	312.6646	45.0982	93.3034	63.0735	9.7352	162.1267	144.5361	42.44	50.0173	44.2385	23.8164	22.3647	376.2917	51.5529	22.8514	321.0555
ENSG00000108602	ALDH3A1	218	aldehyde dehydrogenase 3 family member A1	protein_coding	0.408	0.0567	20.1769	1.8298	0.8771	0.128	1.636	0.7559	0.5608	1.3445	0.6978	0.4579	0.0588	0.1426	0.0623	1.1067	0.5319	0.1317	2.0523	437.4175	0.5716	0.6788	5.9906	0.2946	2.2226	14.0141	1.6743	0.4117	0.6665	0.0879	0.4749	0.4812	0.1708	3.4079	0.3348	1.6656	0.4739	3.4728	4.4325	0.166	0.168	0.3369	5.1839	1.121
ENSG00000137124	ALDH1B1	219	aldehyde dehydrogenase 1 family member B1	protein_coding	34.3529	93.3591	50.9769	23.6904	67.5811	26.9543	128.7202	105.1438	13.888	47.1799	422.179	193.1026	68.4624	87.8572	145.199	55.1569	36.9942	69.7366	272.9609	78.1562	131.6804	40.3208	32.4855	83.8834	59.827	310.2252	241.0147	35.343	324.2	87.4555	642.5451	66.9242	18.2332	96.9521	422.5878	62.6457	89.9922	151.9543	38.5133	127.7521	43.12	64.5892	49.2969	91.7466
ENSG00000184254	ALDH1A3	220	aldehyde dehydrogenase 1 family member A3	protein_coding	21.1384	15.6473	20.4656	0.2339	2.2467	5.2106	1.8912	2.508	3.0317	2.9121	0.2675	2.1129	4.6044	1.9099	0.2829	3.6521	4.2286	0.6463	6.0571	1.0398	0.892	7.5766	2.5192	1.6597	2.4058	0.2641	8.5744	1.7956	0.4361	0.9458	1.0356	1.6713	3.1536	13.9435	1.3121	0.4036	5.0248	4.8351	2.0432	11.4543	0.1221	14.7827	1.8677	0.5596
ENSG00000006534	ALDH3B1	221	aldehyde dehydrogenase 3 family member B1	protein_coding	23.9921	7.8271	63.5326	53.3685	26.1934	5.5814	4.7182	9.3024	4.605	3.509	1.6411	35.9349	38.7253	3.2544	1.3756	11.3995	38.6869	2.6888	23.1979	77.5533	4.2799	16.3532	9.2701	2.9744	8.3083	1.7827	7.2824	6.1554	1.7815	11.1753	53.8204	4.8194	173.1946	88.5701	11.0838	36.356	20.229	70.2627	66.1739	49.2579	1.9225	24.8531	30.0233	2.3161
ENSG00000132746	ALDH3B2	222	aldehyde dehydrogenase 3 family member B2	protein_coding	21.3195	0.2003	0.451	0.2767	4.9305	0.0678	0.1043	0.2052	0.0742	5.0257	0.0134	0.7588	26.1598	0	0.0494	2.1324	19.532	0	0.0262	80.968	0	15.8339	13.4315	0.0156	4.981	0	0	19.7924	0	0	0.9452	0.1415	1.4286	15.6821	0.0154	0.9495	68.6399	0	0	9.0605	23.0391	5.1996	0.5965	0.0572
ENSG00000143149	ALDH9A1	223	aldehyde dehydrogenase 9 family member A1	protein_coding	34.9903	43.2193	52.3239	125.0723	42.0854	82.4592	33.1353	55.2627	46.9005	24.7209	101.905	83.2979	186.9762	66.8579	96.5444	76.3366	55.6094	101.0746	132.6149	90.1059	88.4662	71.8268	94.2747	73.0823	42.9071	150.6119	77.3278	47.0138	110.1618	38.6471	45.8293	70.9896	37.865	73.3167	45.341	54.3474	128.583	78.0103	54.4977	97.0014	165.2999	63.3126	60.9829	99.1316
ENSG00000072210	ALDH3A2	224	aldehyde dehydrogenase 3 family member A2	protein_coding	8.0742	21.5506	25.7393	20.721	26.503	32.4197	37.972	43.0191	6.7067	36.5508	36.7455	28.5237	51.3765	46.9929	40.167	62.4812	39.5369	41.0899	39.7227	102.7156	43.6795	44.1184	57.8203	34.6496	39.4908	66.3139	53.5446	26.4707	41.7819	22.5574	30.9153	39.2238	9.9805	39.5642	28.7092	46.4852	52.824	38.3409	22.0961	67.143	74.9269	25.4699	29.5836	37.9592
ENSG00000173208	ABCD2	225	ATP binding cassette subfamily D member 2	protein_coding	0.5534	0.1399	0.2268	0.3347	0.9786	0.0395	0.0608	0.2271	2.2472	0.0085	0.0078	0	0.0605	0.1381	0.096	0.0136	0.2767	0.0508	0.2287	0	0.0726	0.216	0.4544	0.1453	0.2	0.0345	0.5865	0	0.0205	0.0542	0	0.0165	0.0737	0.8841	0.1436	0.0527	0.9967	0.0659	0.0444	0.0372	0.1611	0.5028	0.6531	0.0833
ENSG00000149925	ALDOA	226	aldolase, fructose-bisphosphate A	protein_coding	4.5947	11.3414	9.0016	4.3987	2.8554	5.5099	0.9183	5.2023	1.4198	1.9037	0.4112	8.0251	6.7728	0.3919	0.6463	3.1383	4.747	0.1834	5.5344	7.9172	0.8002	9.9357	2.1442	0.194	2.8426	0.2689	1.4645	4.7952	0.5513	4.5586	3.5784	3.8991	28.4227	3.0073	2.0345	4.174	5.0815	3.869	12.4093	6.1148	5.614	9.7688	5.7981	0.5061
ENSG00000214297	ALDOAP2	228	ALDOA pseudogene 2	pseudogene	0	0	0	0	0.0753	0.1153	0	0	0	0	0	0	0.0707	0	0	0	0	0	0	0	0	0	0	0	0.0585	0	0	0	0	0	0	0.0964	0	0	0	0.1539	0	0	0.1299	0	0	0.1278	0.0812	0
ENSG00000136872	ALDOB	229	aldolase, fructose-bisphosphate B	protein_coding	0.5674	7.8541	11.2908	102.0036	9.6671	9.759	5.9521	1030.5783	0.8704	51.1612	5878.733	573.3127	0.9545	3902.291	7146.7693	11.1689	6.6866	6562.5923	8.4492	20.0331	4644.6355	2.1752	36.8879	3640.6271	579.0811	4169.3685	398.7487	4.1268	6571.7777	0.9955	88.8173	5857.4571	0.3563	907.7766	300.99	28.8478	3.9871	16.6115	119.4361	2.279	7.8607	464.3128	14.7093	3371.0748
ENSG00000109107	ALDOC	230	aldolase, fructose-bisphosphate C	protein_coding	10.4425	3.9598	33.6362	45.257	6.4183	1.7579	1.6095	8.4032	25.445	4.3998	40.1625	22.1392	27.7764	23.1339	29.8106	13.5716	9.0317	26.6967	26.8356	35.6855	33.17	20.2544	10.0816	39.7825	8.3582	36.5101	8.3611	3.7231	58.3528	2.5843	2.8203	64.621	39.0028	14.8535	2.0747	24.0315	18.871	5.4336	7.4102	7.3503	20.5605	22.3228	22.119	13.5352
ENSG00000085662	AKR1B1	231	aldo-keto reductase family 1 member B	protein_coding	51.3864	19.0515	51.0684	26.5254	76.4667	17.2193	15.208	47.8904	73.3323	18.9728	1.5351	199.6083	25.6207	10.8516	4.4436	68.3096	63.0972	7.7768	35.8467	40.8403	9.1526	47.8279	46.0192	6.316	25.3624	4.419	64.8364	95.7497	2.4641	35.5287	62.2547	5.1925	228.6453	40.949	25.506	104.884	27.0089	78.9871	109.7086	29.1706	49.0836	92.8821	182.6326	6.4073
ENSG00000213452	AKR1B1P2	236	aldo-keto reductase family 1 member B1 pseudogene 2	pseudogene	0.0678	0	0	0	0	0	0	0	0	0	0	0.0827	0	0	0	0	0	0	0	0	0	0	0	0	0	0	0	0	0	0	0	0	0	0	0	0	0	0	0	0	0	0	0	0
ENSG00000171094	ALK	238	ALK receptor tyrosine kinase	protein_coding	0.1715	0.0397	0.2136	0.0423	0.0219	0.0168	0	0.1731	0.046	0.0216	0.02	0.0209	0.0103	0.0321	0.0327	0.1046	0.096	0.0173	0	0.0635	0.0177	0.161	0.0659	0.0155	0.1534	0.0367	0.08	0.0983	0.0292	0.0185	0.01	0.014	0	0	0	0.0673	0.1318	0.0842	0.2366	0.0396	0.3137	0.0466	0.1776	0.0284
ENSG00000108839	ALOX12	239	arachidonate 12-lipoxygenase, 12S type	protein_coding	1.1463	3.1557	2.607	1.1181	2.4755	2.9035	0.548	1.8721	3.7697	1.5861	0.4828	3.6418	7.5763	0.6259	0.2506	10.0409	4.9619	0.5542	3.9441	2.9778	0.6396	2.9481	5.2554	0.5605	2.7303	0.3272	5.5963	2.273	0.7153	1.0035	1.2231	1.4867	2.3246000000000002	3.9749	2.5988	5.9686	2.733	9.1477	4.1134	3.8212	1.4202	1.453	1.0225	0.2372
ENSG00000012779	ALOX5	240	arachidonate 5-lipoxygenase	protein_coding	53.1219	11.5441	59.1477	263.6123	201.3196	47.8772	9.0168	43.0051	124.4733	5.777	0.7123	83.7886	7.4419	4.1082	1.9743	4.7634	138.2596	1.575	9.3832	7.3313	4.4743	178.694	33.4402	2.9558	61.6333	2.0483	24.2707	31.2468	1.3051	9.1034	99.0236	1.0007	124.8592	14.0498	2.936	27.596	143.1602	123.871	46.3088	72.8451	9.9931	43.4671	46.374	2.0782
ENSG00000132965	ALOX5AP	241	arachidonate 5-lipoxygenase activating protein	protein_coding	41.7755	31.2633	97.441	25.5742	59.5841	17.7288	26.4802	13.0202	62.7798	0.7284	0.8201	43.2448	5.3869	5.2659	2.7306	9.4008	10.5891	2.3186	14.3262	24.1834	5.8983	49.8899	30.9506	3.7404	17.6387	2.1932	30.1274	36.5884	0.8462	24.0672	22.8889	0.5554	93.2469	24.6124	5.5778	10.0062	57.7792	44.645	18.5918	4.6687	7.0654	50.5047	48.3331	3.8347
ENSG00000179477	ALOX12B	242	arachidonate 12-lipoxygenase, 12R type	protein_coding	0.484	0.2404	1.3946	2.1581	0.4424	0.0904	0.1392	0.0274	0.5445	0.155	0	0.3655	0.0554	0	0	0.5001	0.9389	0.0233	0.6285	0.3699	0.0237	0.402	0.0221	0	0.2749	0	0.618	0.1586	0	0.6456	0	0.151	0.5066	0.8816	0.4317	1.2063	0.6692	0.1509	1.2978	0.9592	0	0.2504	0.0955	0
ENSG00000264958	ALOX12P1	243	arachidonate 12-lipoxygenase pseudogene 1	pseudogene	0	0	0	0.0634	0	0	0	0.0612	0	0	0.0801	0	0.0619	0	0	0	0.1573	0	0	0	0.053	0	0	0.0465	0.1024	0	0.1801	0	0	0.0555	0	0.0844	0	0.0532	0	0.2021	0	0.2529	0	0	0	0.0559	0	0
ENSG00000262943	ALOX12P2	245	arachidonate 12-lipoxygenase pseudogene 2	pseudogene	0.6267	3.5413	1.859	2.1648	2.363	4.6305	0.9867	0.4785	0.3485	5.09	0.9832	0.0956	2.4341	0.6844	0.7899	5.707	0.0912	1.1744	5.0869	17.975	3.0896	1.772	8.2055	1.1112	2.3698	1.4372	2.2572	7.1353	0.5333	2.7129	1.7846	1.2101	1.3119	1.1569	3.6236	9.5331	6.5946	6.6499	3.6698	4.0782	1.9454	5.97	0.7419	0.6391
ENSG00000161905	ALOX15	246	arachidonate 15-lipoxygenase	protein_coding	0.2242	0.0433	0.0443	13.4909	0.1435	0.0366	0.0226	0	0.943	0	0.0145	0.0456	0.1572	0.0466	0.0535	2.3315	0.4758	0.0189	0.0849	0.1384	0.0962	0.4513	1.3108	0.0843	0.4644	0.016	1.9823	0.1286	0.0254	0.0201	0	0.4286	0.0196	0.0193	0.0333	0	0.5425	0.0918	0.0825	0.2592	0.6197	0.1421	0.0258	0.0155
ENSG00000179593	ALOX15B	247	arachidonate 15-lipoxygenase type B	protein_coding	6.0111	3.3864	6.0353	0.8546	0.5917	1.3189	0.0762	3.8945	6.3647	0.4064	0.0327	0.4615	0.2273	0.0787	0.0802	0.9122	2.0122	1.3785	1.656	0.4411	0.9094	0.3102	1.0099	0.1708	7.167	0.144	3.1855	0.4579	0.0286	0.3623	0.0489	0.7575	0.506	0.5432	0.2062	0.2475	0.6821	0.7569	2.5527	0.7193	0.4086	1.4615	3.8028	0.661
ENSG00000163295	ALPI	248	alkaline phosphatase, intestinal	protein_coding	0.1511	0	0	18.6388	0	0.1481	0.3193	0	0	0	0	0	0	0.0236	0	0	0	0	1.9744	1.1192	0	0	2.1052	0	0	0	0.022	0	0	0	0.044	1.3304	0	0	0	0	0	0.4328	0	0	1.1447	0	0	0.0938
ENSG00000162551	ALPL	249	alkaline phosphatase, biomineralization associated	protein_coding	13.4427	6.5232	6.1233	11.2515	6.2779	1.7907	18.9298	57.94	48.7333	3.8744	29.8201	29.613	15.9757	82.3011	63.9865	2.1026	3.6121	61.6069	1.8019	35.4474	52.9629	49.0706	3.0612	102.7689	34.8567	42.3655	23.1495	1.7778	30.8645	2.4024	1.4338	119.0225	3.1563	29.0023	25.4973	1.3339	16.2505	8.5519	8.1131	0.8643	450.5136	17.4203	7.274	66.3842
ENSG00000163283	ALPP	250	alkaline phosphatase, placental	protein_coding	2.0735	0	0.1047	0.0544	0.0282	0	0	0	0	0	0	0	0.0265	0	0	0.1795	0.1573	0	0	5.2559	0	0	0.0212	0	0	0	0.0257	0.0253	0	0	0	0.253	0	0.0684	0.0197	0.0289	0.1507	0.1444	0.0244	0.0204	0	0	0	0
ENSG00000163286	ALPG	251	alkaline phosphatase, germ cell	protein_coding	0.6095	0	0.0301	0.6258	0	0.0996	0	0	0.0273	0	0	0	0.0305	0.0317	0	0.31	0.0776	0	0	11.0362	0	0	0	0	0	0	0	0	0.0173	0	0.1478	0.3744	0	0	0.0227	0.0332	0.1735	0	0	0.0235	0	0	0	0.021
ENSG00000156150	ALX3	257	ALX homeobox 3	protein_coding	0.3523	0	0.114	0	0	0.5652	0.0774	0	0	0	0	0	0.1155	0	0	0	0	0	0	0.0395	0	0.043	0	0	1.1462	0	0	0	0	0	0	0	0	0	0	1.5506	0	2.1495	0	0.0296	0	0	0	0
ENSG00000178522	AMBN	258	ameloblastin	protein_coding	0.0315	0.0365	0	0	0	0.0618	0	0	0.1691	0.053	0	0.0384	0	0	0	0.0854	0	0	0	0.1556	0	0.0845	0	0	0	0	0	0.0361	0	0	0	0	0.1649	0	0	0.0824	0	0	0	0	0	0	0	0
ENSG00000106927	AMBP	259	alpha-1-microglobulin/bikunin precursor	protein_coding	9.7079	34.4928	250.8878	5.3025	127.6513	627.4415	300.1091	1694.9893	0.2149	204.66	8758.4981	857.3693	1055.6444	6994.3593	8421.8088	916.3846	17.8382	9531.1442	59.8482	63.0568	6407.2559	39.8407	404.0032	9222.0041	2181.4036	13457.1129	1064.172	1921.6456	8016.3626	2656.1833	3090.9929	5825.8272	3.9108	2796.0109	1117.426	1744.56	62.4521	188.4608	175.0753	704.469	1090.2031	602.1161	265.257	9257.4474
ENSG00000123505	AMD1	262	adenosylmethionine decarboxylase 1	protein_coding	15.1367	13.177	18.8301	31.969	38.909	35.0645	18.3576	27.0423	13.4942	15.4454	3.7556	15.664	29.583	5.5717	18.5056	23.2162	25.8631	8.4324	15.0705	43.6608	8.679	23.5604	13.7585	5.5596	27.498	5.0819	27.8752	19.4299	5.8536	9.3382	21.0741	11.5143	17.3444	17.2148	14.7259	31.2539	29.3859	25.6831	15.3077	14.2012	24.4335	25.883	48.7233	5.827
ENSG00000237801	AMD1P2	263	adenosylmethionine decarboxylase 1 pseudogene 2	pseudogene	0	0	0	0	0	0	0	0	0	0	0	0	0	0	0	0	0	0	0	0	0	0	0	0	0	0	0	0	0	0	0	0	0	0	0	0	0	0	0	0	0	0	0	0
ENSG00000125363	AMELX	265	amelogenin X-linked	protein_coding	0	0	0	0	0	0	0	0	0	0	0	0	0	0	0	0.1028	0	0	0.4593	0	0	0	0	0	0	0	0	0	0	0	0	0	0	0	0	0	0.2589	0	0	0	0	0	0	0
ENSG00000099721	AMELY	266	amelogenin Y-linked	protein_coding	0	0	0	0	0	0	0	0	0	0	0	0	0	0	0	0	0	0	0	2.9201	0	0	0.0614	0	0.1271	0.0547	0	0	0	0	0	0.1047	0	0	0	0	0	0	0	0.0591	0	0	0	0
ENSG00000159461	AMFR	267	autocrine motility factor receptor	protein_coding	52.0659	101.0432	91.2699	131.4158	65.3806	117.708	61.7202	156.5167	49.0732	74.9029	52.1067	117.9055	56.8959	48.5025	66.1613	136.7824	117.9653	39.6655	75.4301	31.6726	40.8	96.7619	47.9982	43.7882	77.4517	63.6958	75.8292	47.9491	67.09	107.0124	122.7713	93.3923	111.4053	102.1271	88.3422	113.5356	45.3004	131.3955	45.9251	94.1206	109.3133	88.1038	100.5351	43.0366
ENSG00000104899	AMH	268	anti-Mullerian hormone	protein_coding	0.6116	23.4215	0.8127	2.0798	1.7531	0.7196	19.4713	3.1962	0.9982	19.5587	0.019	44.1094	1.7932	0.2443	0.0467	42.9332	4.7339	0.1728	6.4865	0.2416	0.3024	5.1207	9.7088	0.2871	2.6022	0.1257	11.8358	1.094	0.0999	17.7905	1.7085	0.1603	14.1081	1.568	9.3611	1.7926	11.6159	0.3604	4.3216	4.6836	0.1119	0.7176	0.3379	0.081
ENSG00000135409	AMHR2	269	anti-Mullerian hormone receptor type 2	protein_coding	0.1385	0.0201	0.6573	0.1706	0.0222	0	0.1045	0.0822	0.0186	0.0291	0.175	0.0634	0	0.4321	0.3797	0.0704	0	0.1747	0.0787	0.0641	0.5884	0.0697	0.0333	0.4375	0.1549	0.2816	0.2018	0.0397	0.1532	0	0	0.0567	0.0181	0.2863	0.1235	0	0.0296	0.17	0.0191	0.4483	0.0198	0.0752	0.0239	0.1289
ENSG00000116748	AMPD1	270	adenosine monophosphate deaminase 1	protein_coding	2.7104	0.238	0.5117	0.3795	0.4467	0	0.0248	0.0488	2.3593	0	0.0639	0.0501	0.074	0.3075	0.1958	0	0.0418	0.1658	0.0311	0	0.1481	0	1.5589	0.3892	0.1633	0.2461	0.8379	0	0.1677	0	0	0	0.0645	0.0849	0	0	0	0.0336	0.0453	0.019	0	0.0669	0.1134	0.1529
ENSG00000116337	AMPD2	271	adenosine monophosphate deaminase 2	protein_coding	12.7731	14.7318	16.5761	30.4732	27.6726	20.2855	23.4666	23.6488	16.7499	11.8995	6.3804	23.1844	21.1525	8.8373	5.9766	21.1846	16.0526	7.0658	14.8049	15.9182	8.5994	24.7118	18.9155	5.5541	42.7131	9.2692	23.9389	31.7715	5.9526	21.337	21.4864	3.0972	12.4503	17.2969	14.0525	25.3767	36.2573	28.3504	27.1277	10.5305	19.3212	31.1251	33.9432	6.1764
ENSG00000133805	AMPD3	272	adenosine monophosphate deaminase 3	protein_coding	6.4934	2.7429	9.8826	2.6057	7.8449	9.2624	3.5445	4.2934	22.9393	1.4725	0.6084	4.7167	5.4634	0.9186	0.5776	4.3214	13.6445	0.5734	17.1648	6.878	1.0173	6.338	5.8461	0.7148	6.5203	0.5185	12.3929	4.2092	0.5391	13.9519	20.1812	1.2515	3.9979	6.6263	3.4487	16.7376	10.7251	10.05	12.93	8.117	4.2086	7.3991	6.7552	0.586
ENSG00000078053	AMPH	273	amphiphysin	protein_coding	1.1414	1.8175	2.0931	0.1563	6.315	0.1357	0.1532	0.493	0.6314	0	0.1076	0.0985	0.3325	0.2734	0.154	0.344	0.458	0.1512	0.3669	0.1566	0.3563	1.6399	0.4543	0.3434	0.7106	0.1382	0.699	0.238	0.2668	1.5776	0.1208	0.0378	0.8327	0.2265	0.2777	0.2866	0.5317	0.8871	0.7893	1.3543	0.5406	0.6764	0.3503	0.1431
ENSG00000136717	BIN1	274	bridging integrator 1	protein_coding	25.989	18.1304	21.2079	30.4539	36.7291	75.1987	38.7312	20.0025	88.4576	94.9743	10.5121	99.3264	8.4894	10.6591	8.2598	9.9818	34.3506	10.162	16.7127	18.9806	12.9016	9.2691	25.9497	10.3479	4.2451	12.7367	17.5906	33.4834	11.784	47.6253	79.8059	12.6917	13.1184	30.3386	72.7714	50.1061	24.3378	60.5695	43.0026	18.9027	25.5673	40.3913	37.3721	5.8696
ENSG00000145020	AMT	275	aminomethyltransferase	protein_coding	0.0558	0.0646	0.1323	0.1099	0.1713	0.1312	0.0404	0.0397	0.3233	0.0844	0.0173	0.2449	0.5092	0.0557	0.0106	0.5294	0.1022	0.0225	0.2703	0.234	0.046	0.1646	0.3001	0.0705	0.1885	0.0191	0.13	0.0767	0.0455	0.1442	0.1168	0.0913	0.0584	0.1268	0.0895	0.2627	0.0762	0.1825	0.0985	0.2269	0.1786	0.1817	0.1232	0.0185
ENSG00000237763	AMY1A	276	amylase alpha 1A	protein_coding	0	0	0	0	0	0	0	0	0	0	0	0	0	0	0	0	0	0	0	0	0	0.0339	0.0243	0	0	0	0	0	0	0	0	0	0	0	0	0	0	0.0414	0	0	0	0	0	0
ENSG00000174876	AMY1B	277	amylase alpha 1B	protein_coding	0	0	0	0	0	0	0	0	0	0	0	0.0662	0.0326	0	0	0	0	0	0	0.0335	0	0.0364	0.0261	0	0.027	0	0	0	0	0	0	0.3109	0.0284	0	0	0	0.0463	0	0.0299	0	0	0	0	0
ENSG00000187733	AMY1C	278	amylase alpha 1C	protein_coding	0	0	0	0	0	0	0	0	0	0	0	0	0	0	0	0	0	0	0	0	0	0	0	0	0	0	0	0	0	0	0	0	0	0	0	0	0	0	0	0	0	0	0	0
ENSG00000243480	AMY2A	279	amylase alpha 2A	protein_coding	0.0667	0.1159	3.086	0.0411	0	0	0	0	0.1074	0	0.0259	0.3254	0	0	0.477	0	0	0	0.8083	0	0.0343	0.0447	0	0	0	0	0	0.0382	0	0	0	0.2185	0	0	1.3681	0	0.057	0	0	0	0.2288	0	0	0
ENSG00000240038	AMY2B	280	amylase alpha 2B	protein_coding	1.3517	9.5868	4.14	2.3421	5.4489	8.7141	8.408	0.9131	9.5708	2.2302	1.7932	2.2365	3.2589	1.3708	1.7244	15.5373	2.8567	2.3869	4.1474	6.8108	3.0895	7.7199	8.4351	1.1896	4.275	1.6347	4.7671	16.9441	1.3457	9.6664	1.2194	18.311	3.5547	6.6727	5.8402	8.6668	4.7619	16.5261	10.0555	5.4228	2.5991	1.2942	1.5869	1.0977
ENSG00000227408	AMYP1	281	amylase alpha pseudogene 1	pseudogene	0	0	0	0	0	0	0	0	0	0	0	0	0	0	0	0	0	0	0	0	0	0	0	0	0	0	0	0	0	0	0	0	0	0	0	0	0	0	0	0	0	0	0	0
ENSG00000214274	ANG	283	angiogenin	protein_coding	8.5758	16.2615	29.3272	42.3746	10.0743	55.022	47.4349	74.2279	5.3837	25.1053	359.923	81.5523	5.1264	381.1068	374.3711	18.0137	17.872	470.1184	2.3322	13.8453	287.6324	13.2778	12.2983	339.7376	39.5242	440.5905	49.068	46.7507	361.6758	32.9784	15.3064	225.0828	17.1236	165.4047	81.7134	26.4717	12.5447	26.9969	27.484	21.1925	12.3228	25.1811	11.9658	421.8487
ENSG00000154188	ANGPT1	284	angiopoietin 1	protein_coding	2.3616	0.3396	1.0429	1.6956	0.9544	0.1915	0.4397	0.8331	0.2479	0.0746	0.2209	0.3141	1.4083	0.8754	0.3895	0.2649	1.7543	0.4031	0.417	0.4823	0.5122	1.7394	2.406	0.8175	0.8738	0.1976	2.4635	0.0611	0.2901	0.2487	0.217	0.3345	0.2044	1.2483	0.6811	1.6148	1.1374	0.872	0.4313	0.7226	3.3203	1.09	3.9239	0.2498
ENSG00000091879	ANGPT2	285	angiopoietin 2	protein_coding	7.6009	3.5306	5.9685	11.546	2.3603	3.7081	1.1588	1.8366	4.0911	0.3994	0.3404	0.625	7.1304	0.5464	0.382	5.0408	2.8936	0.9305	8.1013	1.7595	1.4969	10.6117	6.3107	0.6054	10.7143	0.3669	1.9005	1.9014	0.317	2.9405	5.0961	0.9004	2.4569	1.3289	2.3015	9.8607	12.3146	2.3635	4.3094	6.2548	4.2719	4.9489	9.0056	0.7324
ENSG00000029534	ANK1	286	ankyrin 1	protein_coding	2.3445	0.3057	0.8207	0.3539	1.0276	6.6551	5.5574	0.0905	2.0645	0.1528	0.0638	0.0143	0.6198	0.0366	0.0503	0.0874	0.2746	0.0296	0.8526	0.1664	0.1147	0.1573	0.2253	0.0794	0.3438	0.0803	0.533	0.0874	0.0599	0.12	0.1365	0.144	0.0675	0.3454	0.1307	0.3605	1.0412	0.0959	0.6083	4.9659	0.9184	1.6494	3.8615	0.0388
ENSG00000145362	ANK2	287	ankyrin 2	protein_coding	1.5464	0.7703	0.8769	0.0765	2.2969	0.0913	0.8926	0.8041	3.6446	0.4177	0.1376	0.4698	0.2052	0.5465	0.1896	0.1053	0.7749	0.376	0.6164	0.0728	0.2879	2.0584	8.239	0.4849	0.2284	0.2207	6.455	3.301	0.1628	0.0636	0.0904	0.0102	1.2611	1.0465	3.1743	0.2235	3.8613	0.0966	9.463	0.6434	0.2024	2.635	2.1401	0.1234
ENSG00000151150	ANK3	288	ankyrin 3	protein_coding	2.7025	1.851	2.4983	14.548400000000001	1.2702	2.0331	2.1158	1.5787	0.8759	11.4119	0.6609	3.0242	6.8348	1.3032	0.9162	14.3017	3.5207	0.9247	3.4806	3.9037	0.7517	14.5779	3.4422	1.3018	1.4606	0.8793	10.0737	3.7555	0.8479	2.0938	0.9094	0.4669	3.5872	5.377	5.2047	10.1331	7.5577	1.8339	0.8355	1.2566	8.9857	4.0093	1.7814	0.3823
ENSG00000166825	ANPEP	290	alanyl aminopeptidase, membrane	protein_coding	37.0729	554.2056	31.8167	2299.5417	114.34	1148.9587	854.5527	101.8033	6.1008	605.7364	265.2337	569.1637	525.7511	258.8003	227.603	426.4789	389.9647	317.475	351.0973	9.569	337.2509	232.8118	295.2782	260.6321	161.627	407.7347	800.8928	27.7143	161.0853	422.3447	885.3125	577.4071	453.0781	676.5416	754.3347	510.0562	422.6745	910.9109	572.5463	201.1668	441.6521	197.1183	437.6156	261.798
ENSG00000151729	SLC25A4	291	solute carrier family 25 member 4	protein_coding	14.2486	52.775	24.262	16.1809	16.1002	21.0398	27.409	15.5515	7.3612	5.8847	13.8251	20.7956	14.2348	15.4402	22.7465	23.4933	36.3808	22.8051	30.046	18.6938	20.1974	17.6217	6.7895	17.1413	18.8393	18.7211	22.0931	39.8626	19.7119	71.0984	22.4099	64.1999	22.3499	21.1115	18.3325	39.7984	23.8665	9.8243	22.4025	33.0382	55.0904	19.0623	18.7543	19.0637
ENSG00000005022	SLC25A5	292	solute carrier family 25 member 5	protein_coding	326.0286	580.5677	366.3822	515.1411	509.8348	499.5181	304.7672	481.4632	222.9704	87.7291	197.1354	919.9227	351.7389	231.0712	220.3654	469.2956	437.7585	207.1757	681.2097	508.5809	198.2587	613.3275	261.5252	203.5588	397.1548	258.0633	245.9698	766.5558	272.8872	924.0982	726.2313	511.7292	986.2126	388.3026	284.2834	399.7793	329.706	509.1866	673.4102	290.6347	769.2963	439.921	573.334	185.725
ENSG00000169100	SLC25A6	293	solute carrier family 25 member 6	protein_coding	980.3642	1326.4874	1110.2811	1109.1329	1428.5832	2171.6548	2491.5302	2530.9368	1699.2869	682.7289	105.6334	1383.9479	1746.2196	293.4198	154.1862	659.4738	1992.7664	201.9327	1402.3935	2923.553	195.4916	2611.2702	666.4225	203.2692	2075.8781	116.2885	608.21	3892.4828	105.7447	2164.6697	1475.5836	540.5612	3067.159	1305.8107	936.6425	1289.345	1647.6602	1669.6119	3561.576	809.9329	1035.9819	740.7575	1206.6213	132.8798
ENSG00000135046	ANXA1	301	annexin A1	protein_coding	223.7636	18.8948	314.5844	20.4001	33.592	9.7821	19.3283	20.3239	24.5398	2.5569	3.116	8.1315	17.7957	17.0641	4.9205	9.2715	27.9215	10.9272	14.9227	57.1464	11.2581	44.2997	29.9638	7.7228	25.1915	5.9015	64.3869	7.3175	3.2893	14.286	11.2161	3.7253	82.2444	55.89	11.143	19.1916	38.1353	25.2651	19.5362	26.6969	31.4833	68.5885	667.2091	4.5519
ENSG00000182718	ANXA2	302	annexin A2	protein_coding	273.4194	189.6626	517.2043	330.5647	317.2771	411.0015	182.1518	308.5832	38.0419	139.978	10.0841	261.1569	245.9513	24.0703	44.0998	461.1741	194.4636	20.6843	577.0712	381.6706	27.3407	462.2849	143.4681	23.563	247.0077	10.8986	233.1759	235.9121	11.6876	176.0029	594.4272	46.9128	531.3526	164.7391	122.8353	356.6337	393.6106	733.1211	433.6332	532.3036	129.6529	689.4551	567.1227	9.6706
ENSG00000213406	ANXA2P1	303	annexin A2 pseudogene 1	pseudogene	0.7518	0.3169	1.4597	0.8421	0.2624	1.7422	0.0825	0.6494	0	0.0575	0.1594	0.9171	0.9855	0	0.1956	1.1123	1.3225	0	1.7604	1.4344	0.0704	1.0088	0.3284	0.0617	0.9512	0.117	0.3187	1.2539	0	0.4418	0.5569	0.6718	1.7168	0.0707	0.3048	0.7154	1.1673	2.3494	0.6037	1.1378	0.5471	2.1533	1.1327	0.0566
ENSG00000231991	ANXA2P2	304	annexin A2 pseudogene 2	pseudogene	15.3869	15.1745	60.0001	36.0064	40.4147	58.1573	4.7961	38.5421	3.1314	4.9554	0.6754	17.409300000000002	32.806	2.1683	4.2016	44.4314	21.2324	2.0034	81.5053	37.2272	2.8122	35.4661	8.1087	2.5763	31.8894	1.3812	27.7765	19.3525	1.436	14.9737	56.3323	11.2828	48.1855	7.633	12.4522	39.8626	42.1781	80.744	51.4475	41.949	10.289	49.2094	57.2419	0.7189
ENSG00000216740	ANXA2P3	305	annexin A2 pseudogene 3	pseudogene	0	0	0.3725	0.5415	0.1607	0.3693	0.1517	0.1491	0.0674	0.0528	0	0	0.2263	0	0	0.5109	0.0639	0	0.3805	0	0	0.1685	0.0603	0	0	0	0	0.144	0	0.0676	0.2923	0.1029	0	0.0649	0.112	0.3286	0	0.3083	0.1386	0.1161	0	0.3411	0.0867	0
ENSG00000138772	ANXA3	306	annexin A3	protein_coding	52.4249	67.2111	88.8987	25.36	61.3492	89.3175	35.65	49.9688	0.4998	34.7167	0.5227	24.1004	46.6711	0.8068	0.7275	45.994	84.4308	1.6437	57.1609	61.7388	3.8489	71.3007	23.767	2.0656	43.3659	1.118	107.1376	47.3979	0.8361	31.1041	45.9449	0.1271	46.6446	17.6695	51.0646	57.502	43.6133	44.4437	65.4645	134.4416	25.9051	71.6941	64.7817	1.3054
ENSG00000196975	ANXA4	307	annexin A4	protein_coding	65.9398	380.5518	230.518	841.8275	367.1488	424.8397	343.8378	318.1123	4.596	209.9739	22.5915	349.4601	170.2194	20.7397	19.3853	294.5494	593.416	25.7333	313.2938	57.7224	41.0367	340.1747	357.5069	28.6765	189.5534	29.135	397.4859	277.1448	25.5599	349.2907	407.0709	102.2169	503.9179	202.6943	238.1265	515.1908	279.0132	604.0328	265.476	227.2432	84.2747	367.4968	175.759	25.2126
ENSG00000164111	ANXA5	308	annexin A5	protein_coding	381.4396	537.4619	929.2945	482.9162	525.4124	391.0998	264.5655	296.8694	104.1782	170.8031	29.1696	241.0687	869.0539	87.7103	150.8297	894.8084	493.6961	57.8096	547.5975	249.5922	90.1542	1055.7526	281.9749	64.0785	476.1553	40.4205	626.8018	507.83	109.4457	551.8106	400.5128	88.2958	551.1974	242.0402	349.7203	497.9942	1160.8071	626.181	650.1877	1001.8929	380.6439	450.7259	800.3041	65.6449
ENSG00000197043	ANXA6	309	annexin A6	protein_coding	144.0832	40.8957	85.003	32.5966	221.5864	18.4408	40.3955	60.1291	262.9972	5.9344	111.1553	21.3241	51.7831	100.977	67.1373	27.1226	64.1849	54.0651	38.4745	245.1047	48.3167	67.5569	52.9774	67.2933	72.8039	84.6493	70.7375	15.3676	81.6384	32.0382	82.8634	12.624	23.8934	73.5946	17.9305	31.3071	49.3313	26.4758	148.3864	70.4154	36.3473	80.9461	203.2437	66.871
ENSG00000138279	ANXA7	310	annexin A7	protein_coding	115.005	92.2707	116.6526	122.4126	122.982	119.5051	58.9173	138.7539	80.8271	33.1279	63.9559	188.1602	273.8822	52.7966	69.4718	146.5644	113.1687	59.506100000000004	165.5435	104.6935	64.5085	211.2291	70.8236	57.4451	167.4222	76.051	102.268	102.0876	72.3572	79.1427	161.8733	118.206	136.3195	101.2698	64.9906	122.0454	141.8978	144.9694	88.9923	299.3347	377.5922	145.2046	183.6672	60.3004
ENSG00000122359	ANXA11	311	annexin A11	protein_coding	119.7899	144.203	135.0565	152.0586	127.6898	200.2708	151.4565	182.1502	77.3851	68.374	12.6003	197.9451	270.5223	22.2591	26.9649	183.3624	149.1343	18.1677	258.515	87.1713	25.5162	226.2676	68.0019	18.9838	140.434	15.1102	182.2219	136.8151	12.3527	160.4757	202.1405	68.263	148.5607	118.6079	146.9506	124.3565	170.1732	160.5843	103.3069	556.6146	83.4556	154.9063	143.3825	13.191
ENSG00000104537	ANXA13	312	annexin A13	protein_coding	8.6744	141.1331	2.0349	41.0701	186.7991	415.3691	177.5701	13.6058	0.0358	442.6228	8.9969	476.8068	46.8587	2.1196	8.3689	588.5034	154.2625	5.88	40.3635	0.9867	10.3593	195.3738	32.3996	4.9145	24.1332	3.2502	250.1698	92.4667	9.9172	501.4134	750.4523	9.165	50.3282	143.9495	610.8371	458.8226	156.5822	159.4961	92.8731	338.1575	229.8715	39.598	33.3893	2.315
ENSG00000136250	AOAH	313	acyloxyacyl hydrolase	protein_coding	15.9561	4.3788	3.8421	2.5711	12.7076	5.5384	7.5829	8.4826	19.8193	0.5142	0.7972	2.9188	1.2322	6.7807	3.157	1.4883	4.9468	4.4653	5.9419	0.7773	3.9656	4.0553	7.1395	3.8809	6.2951	2.3103	12.206	1.4234	0.9429	2.8878	2.7221	0.6189	5.3285	8.7407	2.1341	0.8474	3.0419	9.7177	3.0588	0.5324	1.4401	10.6323	20.0997	3.7518
ENSG00000131480	AOC2	314	amine oxidase copper containing 2	protein_coding	1.3239	1.6167	1.7392	1.0777	2.4505	1.4835	0.4283	1.6848	1.6755	2.5639	0.6249	9.229	2.3011	0.4426	1.0372	2.1482	1.7817	0.7395	1.5402	2.6851	1.0472	2.9818	5.8839	0.8109	2.5147	0.5667	3.7483	1.8706	0.6115	0.866	2.6692	2.5949	2.5239	4.8635	1.4128	1.7632	3.0284	4.9147	2.2187	2.3396	1.4059	1.1301	1.2734	0.4696
ENSG00000138356	AOX1	316	aldehyde oxidase 1	protein_coding	3.2169	1.7627	3.6227	14.7159	22.5749	0.7341	55.4278	156.3387	2.2485	3.0684	358.4671	74.9801	37.983	371.6809	677.6251	1.2058	7.0293	501.094	1.2584	7.5243	529.5	13.4677	24.5172	360.2303	135.7271	762.4453	75.0089	17.2375	254.3641	0.2647	0.354	74.2237	8.6441	142.2669	42.0715	11.4955	4.4557	11.2788	23.055	5.3124	887.608	58.1078	101.6713	780.028
ENSG00000120868	APAF1	317	apoptotic peptidase activating factor 1	protein_coding	4.5594	4.7744	6.8037	6.0499	8.1938	3.9666	0.3941	4.7471	2.4261	3.1406	1.0971	3.2837	10.1446	1.5372	2.1782	9.3809	3.6552	1.251	11.8764	5.0751	1.8821	11.0759	7.0856	1.8701	14.1659	2.4791	12.514	1.9829	1.7323	0.8524	3.8831	3.982	5.2588	2.9681	3.4486	10.2779	11.0895	9.5198	7.2496	4.3755	11.1006	8.8263	5.9592	1.4918
ENSG00000164978	NUDT2	318	nudix hydrolase 2	protein_coding	32.6745	94.1381	60.6056	42.2217	48.0796	44.9911	101.3706	34.887	31.857	19.7847	10.4096	105.9159	52.5194	12.2935	14.2323	75.9141	32.0175	17.1396	82.3051	39.7573	15.2499	90.538	21.3675	12.6177	51.3055	16.6643	56.4535	78.0504	16.2605	31.3912	25.1272	60.4877	88.0303	37.6211	73.1273	42.6014	82.5065	48.3706	37.7054	204.8944	45.8009	39.4095	83.4953	11.0317
ENSG00000175336	APOF	319	apolipoprotein F	protein_coding	0	0.4192	0.0858	0	0.4165	0.0709	0.1747	96.3012	0.3495	0.6081	189.1712	31.3237	0.2173	279.9329	498.0282	0.6867	0.3315	598.2848	0.9315	0.6697	273.2842	0.0485	0.0348	631.1583	83.5874	461.371	28.2056	0.0415	163.5815	0.039	0.1263	0.2962	0.0379	49.4242	18.2253	0.1893	0.3088	0	11.1801	0.0669	0.0827	51.5491	0.4495	369.4169
ENSG00000107282	APBA1	320	amyloid beta precursor protein binding family A member 1	protein_coding	1.9184	1.3329	1.3842	0.8038	1.7758	0.5963	0.3673	0.8602	0.4631	0.1301	2.923	0.4586	0.5514	1.939	3.6542	1.7921	1.875	2.237	1.5162	0.471	2.2154	3.865	2.0401	1.5221	2.935	1.8555	1.3793	1.6484	3.0597	0.554	2.2459	6.1862	0.9721	0.6859	0.3945	1.049	1.1426	14.5887	1.642	1.0943	1.0559	1.1293	1.7715	2.4388
ENSG00000034053	APBA2	321	amyloid beta precursor protein binding family A member 2	protein_coding	4.3117	3.4601	6.5592	0.8173	9.5266	12.4481	11.2058	4.0489	12.2678	11.7968	0.1074	0.1798	8.8794	0.9544	0.3866	0.9747	0.6287	0.251	13.15	0.4777	0.3606	1.842	6.1887	0.6819	4.0667	0.2682	1.6864	5.5784	0.2571	5.7275	5.3622	0.4981	1.3308	1.5621	0.4849	2.9295	16.9798	0.8747	19.1041	9.4843	2.139	2.2723	1.7942	0.427
ENSG00000166313	APBB1	322	amyloid beta precursor protein binding family B member 1	protein_coding	20.2864	7.8895	19.9186	12.9513	21.4826	24.9433	23.1033	3.4115	37.4129	2.8104	1.3324	15.6651	25.4516	3.9916	3.9366	28.1855	24.0049	3.3609	5.8696	3.3672	5.184	26.0068	21.3851	3.2245	4.991	1.8289	31.1503	24.6335	1.5609	4.9409	7.094	8.2445	34.9257	14.0482	4.3597	25.1873	22.4888	21.9085	13.7645	36.8234	36.1474	30.013	32.7353	1.638
ENSG00000163697	APBB2	323	amyloid beta precursor protein binding family B member 2	protein_coding	11.2346	5.6732	15.0752	4.3875	16.3527	2.4521	2.5959	7.9137	3.2625	2.5707	2.761	2.0857	29.9775	4.4688	3.6339	7.5856	8.9599	4.1747	6.2243	6.4044	4.9462	11.3785	8.9608	2.7822	11.1884	5.7087	17.7164	4.2571	3.9802	2.884	3.8948	4.7054	7.2292	8.0696	4.7143	8.8269	21.951	8.2519	9.0661	31.241	9.1896	6.1827	11.7723	3.4969
ENSG00000134982	APC	324	APC regulator of Wnt signaling pathway	protein_coding	5.1533	7.1881	9.7608	5.5724	9.2707	7.7813	2.4271	11.4202	4.0807	3.9006	2.3297	5.7036	12.9237	2.0064	2.8725	7.5484	12.746	2.4639	11.1921	4.3211	2.8561	21.8646	8.1446	2.4935	16.2093	3.7807	17.8107	5.7813	3.3661	2.7898	4.6189	7.7009	10.5322	6.2796	5.6813	11.4497	18.4821	12.6664	6.2686	10.808	18.426	11.6458	5.0096	2.2357
ENSG00000132703	APCS	325	amyloid P component, serum	protein_coding	44.6756	955.9178	503.8888	3.119	1393.6092	873.6739	1154.4966	925.097	0	370.2523	2096.1225	1023.4644	420.8667	2413.954	3452.8978	361.0566	1376.0029	1972.1093	896.3767	36.2359	2298.7704	425.0536	946.8115	2824.3603	673.0908	2952.6014	391.0018	2172.0589	1629.8274	1042.6587	2857.3391	997.6753	1401.04	1513.0583	838.1464	2624.7728	127.3764	2169.0228	1887.4669	512.5634	18.7008	1040.0727	722.2988	3965.3607
ENSG00000160224	AIRE	326	autoimmune regulator	protein_coding	0.257	0.047	0.1766	0.0833	0.0173	0.3449	0.098	0.0803	10.1835	0	0	0.0825	0.0975	0.0169	0.0516	0.1284	0.0276	0.0137	0.082	0.1002	0	0.1634	0.169	0.0244	0.3093	0	0.0631	0.031	0.0092	0.1166	0.0157	0.0665	0.0283	0.1399	0.0241	0.354	0.0693	0.1329	0.0149	0.1001	0.2321	0.1029	0.0561	0
ENSG00000164062	APEH	327	acylaminoacyl-peptide hydrolase	protein_coding	43.048	61.9334	87.2766	73.0769	76.3027	59.1199	70.8926	79.2621	63.0277	26.0556	34.1153	103.6921	89.9199	38.8424	46.5153	60.1124	52.4384	40.6664	65.941	50.4277	36.2864	60.278	32.9296	31.7193	78.9106	42.38	50.9551	62.3381	40.7923	99.5714	120.6447	40.3471	65.2508	54.218	42.5576	66.9594	63.4644	58.3182	79.3027	119.9639	147.323	64.4076	81.045	32.9645
ENSG00000100823	APEX1	328	apurinic/apyrimidinic endodeoxyribonuclease 1	protein_coding	216.5642	175.9203	232.8017	207.1772	185.2937	281.3009	154.78	278.9115	194.3238	242.2173	58.7274	374.2831	321.4195	74.4647	67.3058	201.6127	120.1278	73.642	359.0483	413.7304	68.2337	454.2667	208.8872	66.7881	285.7205	72.5425	309.9916	379.1365	58.6128	183.5466	259.8207	82.1848	312.7904	257.2264	266.3271	283.1181	332.1933	221.9132	149.3837	257.2245	228.6071	172.4428	232.741	53.7092
ENSG00000110330	BIRC2	329	baculoviral IAP repeat containing 2	protein_coding	45.1875	43.4758	73.7335	35.0822	49.2863	47.3185	21.555	44.6829	25.4916	19.9462	14.0166	22.334	57.021	18.3178	27.0238	37.3106	50.7736	24.8552	67.0501	27.4459	23.2458	72.6083	29.7367	19.2604	52.3923	19.9664	62.6621	37.9033	20.1427	27.9385	54.8101	25.9885	64.1341	31.9042	16.0183	56.5347	62.4907	90.0637	62.0892	64.4101	59.3298	78.8779	138.4946	16.0758
ENSG00000023445	BIRC3	330	baculoviral IAP repeat containing 3	protein_coding	55.5152	17.368	140.6655	15.5267	175.6467	20.3864	36.7242	16.9673	95.681	8.2731	2.1009	22.1822	26.7663	6.0938	20.5699	25.4828	210.2048	6.6932	94.4218	6.7655	9.5559	120.8948	99.7328	5.9648	38.2278	3.8271	58.8151	53.8739	2.4468	16.6151	28.6411	46.1716	169.9318	90.68	20.5061	45.6349	110.7115	743.2381	101.6065	34.491	22.9898	97.9976	75.8838	3.4695
ENSG00000101966	XIAP	331	X-linked inhibitor of apoptosis	protein_coding	21.0621	16.8058	32.6045	32.6603	27.1701	31.8255	12.7538	16.8869	12.9101	6.4111	6.941	17.8512	38.1435	6.8838	10.8496	31.1713	26.0373	7.4249	39.0333	30.3023	10.2179	41.9308	25.3036	8.433	40.2417	10.938	30.0998	23.6609	9.3526	11.5661	18.2198	16.9072	17.0972	16.8654	14.4514	38.6252	39.9287	38.5549	24.4595	32.8193	42.424	29.22	24.086	7.7551
ENSG00000089685	BIRC5	332	baculoviral IAP repeat containing 5	protein_coding	10.5005	12.6329	9.763	43.8831	33.945	3.3506	3.2058	30.6781	13.2174	41.7694	0.4385	46.2024	9.8875	0.6833	0.3797	38.7431	20.4433	0.2176	19.3285	66.0889	0.8202	7.3678	23.0986	0.3444	11.8244	0.2557	9.0704	18.5282	0.2936	20.5356	25.4691	24.4047	22.6757	10.9757	9.4404	22.6399	15.3854	22.7558	30.2213	9.8962	2.4284	8.3808	90.6358	0.5903
ENSG00000105290	APLP1	333	amyloid beta precursor like protein 1	protein_coding	4.5242000000000004	12.6232	21.2185	5.9049	1.3502	19.427	2.0519	41.2692	4.4742	69.367	0.1668	740.7144	4.04	0.6249	0.2558	17.6566	11.547	0.4331	37.0928	0.7727	0.7553	6.9106	1.5294	0.6618	1.6711	0.2756	5.4205	1.702	0.073	29.7666	29.2455	23.8178	43.9845	9.8351	143.2068	23.7737	35.9806	1.2587	3.7909	28.3819	78.2471	17.991	21.0178	0.1036
ENSG00000084234	APLP2	334	amyloid beta precursor like protein 2	protein_coding	267.0545	187.4918	529.1971	396.2729	163.3762	240.0547	83.0643	369.6668	45.5933	219.2024	117.4374	174.379	441.2713	129.7166	169.5408	261.6173	130.0942	149.0708	273.2368	148.0754	142.1502	306.541	118.371	135.5005	294.1832	179.7598	326.4159	206.99	127.8724	161.1998	208.3022	241.8953	384.9625	157.3785	110.6537	312.3778	361.8122	235.4684	161.8192	648.3153	791.1097	344.6119	618.7707	129.8633
ENSG00000118137	APOA1	335	apolipoprotein A1	protein_coding	0.4619	33.398	0.2055	83.3116	38.5728	0.2265	9.9034	5224.1894	1.5501	489.9658	22138.0989	3134.0435	6.7307	17031.4663	17525.3899	15.8196	8.2334	25201.2329	44.5322	150.4167	12912.2693	2.0145	0.3329	22736.5816	2140.8396	18698.0595	2308.4977	2.1189	26448.352	0.3111	3.2262	3387.8355	0.967	9650.0591	1757.2149	1.0578	8.3833	39.1321	668.2155	0.6409	12.8113	1077.9884	21.4526	11043.0181
ENSG00000158874	APOA2	336	apolipoprotein A2	protein_coding	0.067	26.47	0	1.3202	31.7954	9.718	8.0077	3711.5588	0.2877	618.3654	18918.3689	1822.1522	3.38	12581.5521	12394.7195	364.4055	27.351	14899.8841	32.6731	168.9947	8480.5976	4.9424	20.5292	16435.1775	3720.7861	15823.0003	1685.3401	71.1896	15898.9059	42.1368	2415.0538	9033.706	0.2804	7276.2675	1383.2959	823.809	9.2653	18.4171	296.0647	0.2478	19.4539	694.496	34.4997	11859.5266
ENSG00000110244	APOA4	337	apolipoprotein A4	protein_coding	0.043	0.0499	0	0.8481	0.1101	0	0	8.7381	0.0462	0.0723	7.3924	10.1822	0	2.47	40.9928	0	0	5.8604	0.0652	0.2125	14.7579	0	1.0749	14.8737	3.2078	1.2156	2.558	0	22.814	0	0.9515	0.4229	0	11.2971	2.9933	0	0.0735	0.1409	1.6626	0	1.2793	0.9349	0.5348	8.9727
ENSG00000084674	APOB	338	apolipoprotein B	protein_coding	1.0969	13.832	0.1063	22.2442	124.2569	55.8992	31.6668	259.3374	0.0137	79.923	634.3159	194.7446	17.9868	614.6328	1357.2465	76.45	60.1999	740.4054	59.759	6.0753	835.5179	157.3417	45.0332	733.6741	451.9008	1242.4955	182.4583	0.4111	1062.1637	122.6829	218.1146	369.4992	11.2617	250.8339	119.3454	280.476	20.0983	90.6012	35.5079	5.037	133.6163	103.9537	20.5427	973.5166
ENSG00000111701	APOBEC1	339	apolipoprotein B mRNA editing enzyme catalytic subunit 1	protein_coding	4.1765	0.7385	2.6039	9.2454	1.4495	2.7763	0.171	0	0	0.1785	0	0.1727	0	0	0	0	0	0	0	1.8353	0	0	0.1361	0	0	0	0.0825	0	0	0	0	0	0	0	0	0	0	0	0.2345	0	0.081	0	0	0
ENSG00000130208	APOC1	341	apolipoprotein C1	protein_coding	48.2219	36.4095	87.6584	16.7227	59.5404	71.1743	28.7495	801.7534	61.4985	206.9436	3237.5609	564.0895	13.9621	2860.823	2294.2001	33.8871	24.714	4239.3017	24.5369	39.0973	2034.5577	11.5203	47.5752	2489.6352	486.558	2241.8452	317.9615	21.5181	2740.6474	58.8784	72.289	1010.5997	33.3615	1538.3194	461.2307	18.2304	19.2305	31.811	85.7691	6.6094	13.9346	245.4858	94.6477	2673.9525
ENSG00000214855	APOC1P1	342	apolipoprotein C1 pseudogene 1	pseudogene	0.3373	0.1564	0.3202	0.2494	1.8132	1.1907	1.4668	103.777	1.5214	9.0756	543.7702	12.5111	0.7297	427.2754	204.3129	0.549	0.6184	339.4357	0.8178	2.3323	286.4132	0.0905	0.7132	329.539	50.3053	281.4345	92.5808	0.3868	528.1224	0.1454	0.8639	4.6424	0.2825	201.2283	7.2218	0.0883	0.1152	0.1104	9.9822	0.0624	0.0772	24.2634	0.8386	189.3473
ENSG00000103375	AQP8	343	aquaporin 8	protein_coding	0	0	1.8949	0	0.1168	0.1789	0.8267	0.0542	0.098	0.4603	4.399	0	0.329	0.0569	0	0.3094	0.0465	0.0921	0	0	0.376	0.1837	0.1754	0.0824	0.3175	1.5236	0.1596	0.1046	0.6212	0.295	0.0531	1.2708	0.0955	0.1887	0.2035	0.1194	0.1559	0.3735	0.0504	0.0844	9.706	0.1983	0	1.1329
ENSG00000234906	APOC2	344	apolipoprotein C2	protein_coding	0.0501	0	0	0.1235	0.1282	0.4913	0	2.2021	0.3228	0.1685	8.6878	2.1395	0.9032	4.6279	3.8233	0.3398	0	7.0784	0.1518	0.3093	11.4589	0.0672	1.0112	6.7393	2.8394	5.2768	0.4673	0.0575	4.5024	0.162	0.35	40.7986	0	2.7973	0.8939	0.0656	0	0.7382	0.3319	0.0463	0	0.49	0.1384	3.6079
ENSG00000110245	APOC3	345	apolipoprotein C3	protein_coding	0.2231	26.5492	0	1.1912	26.0761	0.2917	4.8503	2680.9694	0.1597	535.9932	22830.659	1923.5365	3.2172	10755.5274	13159.1472	7.3629	4.393	15006.7551	16.789	148.8256	12798.4398	1.397	0.929	11106.8358	1250.5416	10245.1498	1153.2795	3.9228	16191.4599	0.7211	24.1512	15544.3455	0.467	5171.4467	1278.2528	1.0704	6.224	2.6782	277.4489	0.2063	30.1927	907.5945	13.2495	13986.0492
ENSG00000267467	APOC4	346	apolipoprotein C4	protein_coding	0	0	0	0	0	0	0	0	0	0	0	0	0	0	0	0	0	0.0861	0	0	0.0879	0	0	0	0	0.073	0	0	0.1161	0	0	0	0	0	0	0	0	0	0	0	0	0	0	0
ENSG00000189058	APOD	347	apolipoprotein D	protein_coding	76.4926	5.0427	322.5027	1.6582	44.4193	0.5524	3.5535	0.7807	11.2254	0.1842	0.1703	0.1909	2.5952	1.0938	0.3582	7.3013	7.5549	5.0214	1.6124	14.5675	4.4171	10.4154	12.9932	4.2096	0.9335	0.402	9.5602	1.005	0.3196	1.2477	0.7651	0.2051	7.0432	5.1124	0.67	1.3515	2.1384	4.2525	0.5529	1.7369	1.3602	108.7484	3.9337	0.4145
ENSG00000130203	APOE	348	apolipoprotein E	protein_coding	379.9732	222.2452	495.455	115.8776	477.394	462.0098	133.1093	1708.7329	762.3604	317.9482	5690.1164	1021.6045	213.0045	4535.6039	4297.5252	209.3631	108.7125	4849.7771	185.5893	95.1067	5039.4149	121.7802	206.6138	4660.8696	3280.3832	5109.5934	666.1568	126.6135	5825.6423	304.5794	808.0274	2466.2588	332.9468	1868.2064	644.878	160.5843	120.4899	272.7935	336.7579	56.9845	174.5595	871.0672	822.6408	5636.4246
ENSG00000091583	APOH	350	apolipoprotein H	protein_coding	0.9027	93.181	9.4147	14.0497	34.3531	39.4106	119.9358	2131.9663	0.051	170.4411	9773.7191	889.8441	29.5751	8121.5755	10628.981	362.2139	39.4863	11880.3623	123.3881	34.7249	8514.095	114.6278	41.7763	12357.7815	1609.0142	13955.5724	1543.9267	113.6525	9471.9764	39.4667	63.7106	5080.6762	5.3707	2989.0836	733.1306	45.757	89.2673	251.6017	308.7213	116.0123	354.8237	775.0288	18.5047	9459.2149
ENSG00000142192	APP	351	amyloid beta precursor protein	protein_coding	442.8834	1145.9955	401.0108	555.9782	702.6582	1346.9208	352.6585	1550.457	51.7643	284.1807	90.0036	752.6155	824.5369	138.0787	148.6848	1254.8838	323.8491	144.5375	993.8039	347.8295	153.2566	530.7835	300.9662	128.1712	1333.203	137.571	1242.4278	276.4881	125.3185	472.5255	1065.7214	69.6831	480.8395	521.8282	461.4053	798.996	615.4001	538.4833	624.9291	1872.098	589.4711	546.7358	444.4027	115.1514
ENSG00000198931	APRT	353	adenine phosphoribosyltransferase	protein_coding	155.7454	240.8143	186.5597	372.7291	147.6816	95.9091	539.9148	321.9342	291.9977	202.9272	72.2729	508.8055	201.5588	94.9525	71.9557	210.6165	221.1441	84.1944	210.784	224.7792	64.5385	99.2454	97.2502	77.1643	170.5997	77.6862	183.3034	116.0909	75.87	445.3584	282.2744	120.8245	501.8806	203.4524	184.3743	267.1508	150.6464	153.6061	225.7334	225.3017	153.2985	197.8526	223.7693	56.4298
ENSG00000142515	KLK3	354	kallikrein related peptidase 3	protein_coding	0.0955	0.0158	1.0198	0	0.0175	0	0	0	0.0293	0	0	0	0	0	0	0	0.0417	0	0.0413	0.0505	0	0	0.0131	0	0	0	0	0	0	0.0294	0	0.0447	0	0	0.0608	0.0714	0	0	0.1054	0	0.0156	0	0.0188	0
ENSG00000026103	FAS	355	Fas cell surface death receptor	protein_coding	9.6323	3.3535	8.1312	4.1658	7.7533	5.7401	2.1103	14.1227	7.651	0.3243	5.6103	6.3393	9.5029	6.4856	11.7302	6.5706	12.8842	5.4035	10.5378	3.2776	5.8553	12.8642	12.778	4.2911	4.4666	9.6459	14.5632	3.0054	7.7387	1.3446	12.1367	4.4609	14.9388	5.9584	8.5717	17.0876	5.7361	6.8717	4.3469	5.1314	14.6234	12.0678	25.3848	4.5822
ENSG00000117560	FASLG	356	Fas ligand	protein_coding	2.314	0.9347	0.4992	1.0368	5.3843	1.1001	0.5082	0.6247	3.9532	0.3537	0.1636	1.0266	0.2949	2.6256	0.8026	0.3329	0.857	0.2123	1.7531	0.2164	0.3251	1.1762	1.0782	0.7279	0.4531	0.1501	0.981	0.3619	0.5012	0.34	0.5306	0.1149	0.0734	3.4434	0.8444	0.6882	0.2994	0.5739	0.3484	0.0324	0.2406	0.8761	8.2321	0.2031
ENSG00000146950	SHROOM2	357	shroom family member 2	protein_coding	14.0616	1.9281	6.2775	0.8919	3.331	1.797	1.5068	6.1466	0.306	0.3237	2.5626	1.3998	15.3526	2.6143	1.4102	12.4186	6.7216	4.1649	8.7161	9.3742	2.9351	5.1873	5.2616	2.565	12.9919	3.4615	2.8819	7.2148	3.4808	1.8502	5.71	3.091	2.0715	3.3437	3.6612	1.4107	8.8654	3.8953	2.3382	10.285	16.1172	4.6185	2.0102	3.3396
ENSG00000240583	AQP1	358	aquaporin 1 (Colton blood group)	protein_coding	282.8407	4461.1263	190.7667	889.1182	2970.3649	2037.0506	2694.0454	44.7981	76.6258	1470.7723	18.2134	1467.6986	60.4318	59.8254	28.495	797.5398	1378.4271	29.9701	910.5464	51.2132	71.1003	1443.2587	815.8376	60.8563	473.0449	23.1982	662.6597	2542.8751	21.5467	2710.8506	37.6532	17.6226	3342.3809	138.8167	3238.2056	979.4206	55.4492	917.3489	2376.8726	1561.8274	96.4739	1182.0063	209.1113	28.5616
ENSG00000167580	AQP2	359	aquaporin 2	protein_coding	0.4997	0	1.7788	0.1268	0	0.4035	0	0	0	0.0371	0	0	0.0706	0	0	0.5581	0.0449	0	0	1.252	0	0	0.1977	0	0.0146	0	0.0171	0	0	0	0	0	0	0	0.1049	0	0.0502	0	0.0162	0	0.1009	0.0479	0	0
ENSG00000165272	AQP3	360	aquaporin 3 (Gill blood group)	protein_coding	66.1327	312.144	137.8023	96.8335	88.6947	408.7971	156.525	41.8577	31.8193	61.1195	45.8241	49.8619	33.6231	82.0269	245.5073	170.723	279.0562	91.0362	96.6462	238.9025	73.4108	253.5315	27.3679	87.0918	138.7766	55.1149	404.3406	192.4117	50.0357	97.3686	36.0355	57.0218	68.0819	64.5039	168.0704	39.5703	166.6536	175.875	24.364	650.2222	4935.7442	58.2946	30.3562	85.0506
ENSG00000171885	AQP4	361	aquaporin 4	protein_coding	0.1704	1.8144	0.2527	0.0787	1.2265	1.8585	1.4019	2.2767	0.0572	2.274	1.4323	0.5976	3.212	0.6114	0.6094	4.2751	5.412	0.548	0.6293	0	0.4827	1.2431	1.1666	0.4326	0.4446	0.3647	4.4321	1.8805	0.8481	0.5392	0.9049	0.2442	4.5697	2.6311	2.2797	5.4064	0.9822	3.0331	1.0582	0.4137	2.2774	1.0066	0.2059	0.3349
ENSG00000161798	AQP5	362	aquaporin 5	protein_coding	255.4234	0.1168	229.1826	43.2095	0.5158	43.0139	2.1503	0	0.0361	6.2694	0	0.082	14.4512	0.0419	0	31.8002	1.4027	0	0	127.8547	0.1384	0.7212	25.0492	0.1516	0.0668	0.0863	0.4308	0.5393	0.1601	0	0	0.7154	0.0352	0.2431	0.3596	0.3516	3.1556	0.055	0.5192	0	3.6496	9.7079	0.1856	0
ENSG00000086159	AQP6	363	aquaporin 6	protein_coding	1.2462	0.0286	1.8008	0.2584	0.0474	0.1694	0	0.0147	0	0.0519	0.2111	0.0903	0.1779	0.1848	0.0353	0.251	0.1257	0.0623	0.0748	2.4525	0.1144	0.0166	0.4506	0.1671	0.0245	0.2641	0.1726	0	0.126	0.0133	0.0287	0	0.0258	0.0383	0.1541	0	0.1054	0	0.5313	0.0228	1.0019	0.0938	0.017	0.0919
ENSG00000165269	AQP7	364	aquaporin 7	protein_coding	0.8072	10.1522	3.7453	2.6126	1.5263	15.4034	11.3209	4.2499	0.5563	6.6646	7.5966	1.8372	5.2553	5.6688	14.9839	13.9869	19.9146	8.6917	8.4151	7.3327	7.9799	9.6186	1.8871	7.5363	5.5334	9.2628	9.846	7.3498	7.381	4.517	1.9072	4.5198	4.7413	4.6706	10.7248	4.4456	1.9755	7.3363	2.0884	23.2106	14.3708	2.4084	0.5824	5.3244
ENSG00000103569	AQP9	366	aquaporin 9	protein_coding	2.7974	1.3152	4.6193	15.8362	4.2059	0.9591	0.6616	103.0048	0.105	1.9243	303.153	19.5224	0.49370000000000003	275.1512	388.6787	0.3715	1.4146	424.8904	2.2527	6.4002	299.3989	3.5175	0.7896	277.0115	54.2607	428.1643	53.5058	1.5928	368.4519	0.4637	1.2297	106.1471	4.0951	152.8142	30.066	0.9471	4.3772	0.8006	8.8775	0.5247	89.3588	25.4842	5.782	308.6392
ENSG00000169083	AR	367	androgen receptor	protein_coding	1.496	2.0316	4.4113	7.7015	3.7278	0.2517	14.3477	6.7498	0.3499	0.2989	19.2704	1.8371	0.439	18.8873	25.4666	0.2612	0.3621	26.1097	0.4414	0.2194	22.8919	0.7287	1.2953	20.835	5.1292	34.1515	3.7069	0.2095	24.6758	1.1756	0.0805	17.9	0.3721	5.3747	5.342	0.7236	0.5144	30.72	3.3362	1.7307	3.371	3.0308	3.464	21.485
ENSG00000091262	ABCC6	368	ATP binding cassette subfamily C member 6	protein_coding	0.7851	10.7832	1.0616	19.9439	3.9606	5.514	7.7408	15.7233	0.3039	13.8156	54.2232	7.6516	11.5085	56.1871	59.8819	10.673400000000001	5.1884	49.2376	11.5642	1.747	51.1133	19.5637	7.4221	47.418	19.9492	90.2966	15.7632	7.1085	58.8717	46.6821	15.8021	24.5887	2.6755	22.1042	22.4514	17.1307	7.9215	34.3278	17.2874	8.807	26.134	7.221	3.3288	56.6905
ENSG00000078061	ARAF	369	A-Raf proto-oncogene, serine/threonine kinase	protein_coding	73.507	70.0143	98.6501	82.4976	84.6767	105.8109	121.6298	60.2196	90.4498	23.871	27.7412	75.6557	88.6788	43.6388	45.8469	153.4316	82.8167	47.1476	110.9703	81.3138	43.5965	107.2116	72.1353	38.3801	90.8222	46.3976	104.1915	174.9117	32.5386	85.5431	101.9437	76.1684	73.4154	73.6428	56.6577	115.7236	112.5897	139.5544	91.3421	84.2319	89.5966	78.5032	92.573	34.0927
ENSG00000095139	ARCN1	372	archain 1 coat protein complex I subunit delta	protein_coding	143.493	115.556	199.7125	137.1342	125.932	158.9223	69.2824	137.8473	55.2185	45.3335	35.6814	68.02	158.5095	42.3399	70.1584	74.5519	77.4176	55.6933	191.7771	107.6103	57.0604	151.988	60.4804	47.6344	162.9138	52.2644	134.8803	75.2476	54.8171	93.4527	141.6519	90.4495	150.7618	67.7748	86.9118	171.4294	156.4875	91.0465	138.9813	175.7966	167.2463	188.8921	195.464	48.7524
ENSG00000113595	TRIM23	373	tripartite motif containing 23	protein_coding	5.6567	10.3397	6.3572	3.5017	10.3889	9.0663	6.159	16.5066	4.5266	6.1962	3.6475	8.1287	9.2816	3.8696	4.4097	12.5781	15.8577	4.8984	13.5983	4.197	4.8467	14.5971	7.0171	4.0874	11.5178	5.0994	18.8338	8.4828	5.4521	2.769	9.5603	10.9605	8.1126	9.236	5.2641	16.6368	11.2879	17.4293	14.2183	7.1941	16.8269	14.1092	6.4793	3.7026
ENSG00000109321	AREG	374	amphiregulin	protein_coding	33.0684	16.7529	164.4985	23.6491	1.381	23.5808	4.562	5.3103	4.0973	0.7777	0.1498	20.4066	3.0568	0.7216	3.8599	6.9524	28.0275	1.8278	5.6062	4.0445	3.6129	13.1878	2.8148	0.8698	1.456	3.5309	19.9057	12.2426	0.1574	3.2805	2.8712	1.768	84.7953	3.3071	12.5827	12.7594	21.9876	5.9937	1.6171	2.7092	21.2019	79.8133	49.4516	1.8182
ENSG00000143761	ARF1	375	ARF GTPase 1	protein_coding	377.8764	651.8801	505.436	769.5853	611.0274	456.4632	546.8047	461.2042	282.1033	329.2056	133.8171	501.665	1188.8979	170.2295	192.231	743.095	444.4109	188.7876	1667.1927	782.5972	185.1043	578.4891	490.359	162.1669	733.3717	156.3432	513.9516	576.3288	144.117	506.4842	633.5533	957.7303	642.2801	439.971	409.0523	653.7747	974.2355	626.4392	977.2973	1487.421	575.7554	1015.2182	849.6512	153.457
ENSG00000134287	ARF3	377	ARF GTPase 3	protein_coding	97.1956	119.8967	80.6123	125.6486	163.8624	153.933	105.8331	97.6365	56.356	64.6589	13.7012	119.9372	126.6274	21.4985	17.6511	122.9443	106.721	15.6991	134.8032	75.378	18.8526	197.3359	75.6804	18.1858	197.8682	18.621	78.3237	116.9117	19.4027	101.7509	139.5584	39.8298	128.8155	91.3676	97.353	107.6299	136.0049	212.3741	147.6893	147.5546	143.3479	116.4075	112.6994	16.1965
ENSG00000168374	ARF4	378	ARF GTPase 4	protein_coding	165.8574	146.1168	530.6224	243.8732	235.1622	179.8634	93.3452	208.704	57.718	54.5791	63.824	159.6789	297.6367	69.3693	140.0277	112.4929	104.0727	89.5474	265.9753	216.7499	97.7501	170.9177	105.3194	72.9097	325.3165	78.9691	296.4337	105.6278	80.3831	121.7849	219.3495	67.3616	174.8755	120.7659	258.1476	234.4217	195.0702	129.5051	185.5805	267.2239	222.8503	201.9562	563.6044	100.9579
ENSG00000175906	ARL4D	379	ARF like GTPase 4D	protein_coding	55.1035	3.8584	21.5093	3.1625	5.1837	2.2021	6.9753	10.2892	3.5744	3.7426	24.1035	11.2531	5.3495	15.9177	34.2733	10.4436	7.189	14.6491	2.6129	9.4074	27.9276	6.5653	8.8641	39.7491	14.0343	65.4469	19.1233	6.4846	24.9799	2.4629	14.1915	17.4113	8.815	14.7186	9.0148	6.7172	7.6036	6.6963	10.6717	7.7154	7.2469	8.9761	63.7538	66.2835
ENSG00000271525	ARF4P1	380	ARF GTPase 4 pseudogene 1	pseudogene	0	0	0	0	0	0	0	0	0	0	0	0	0	0	0	0	0	0.118	0	0	0	0	0	0.1056	0	0.1002	0	0	0	0	0	0	0	0	0.1043	0	0	0.1915	0	0	0	0	0	0.0968
